DDInterID_A,Drug_A,DDInterID_B,Drug_B,Drug_1,Drug_2,Level
DDInter975,Iron,DDInter582,Dolutegravir,Dolutegravir,Iron,Major
DDInter582,Dolutegravir,DDInter725,Ferrous fumarate,Dolutegravir,Ferrous fumarate,Major
DDInter582,Dolutegravir,DDInter726,Ferrous gluconate,Dolutegravir,Ferrous gluconate,Major
DDInter582,Dolutegravir,DDInter1114,Magnesium chloride,Dolutegravir,Magnesium chloride,Major
DDInter582,Dolutegravir,DDInter1115,Magnesium citrate,Dolutegravir,Magnesium citrate,Major
DDInter1120,Magnesium sulfate,DDInter582,Dolutegravir,Dolutegravir,Magnesium sulfate,Major
DDInter1019,Lamivudine,DDInter1123,Mannitol,Lamivudine,Mannitol,Moderate
DDInter1683,Sodium bicarbonate,DDInter582,Dolutegravir,Dolutegravir,Sodium bicarbonate,Major
DDInter1019,Lamivudine,DDInter1703,Sorbitol,Lamivudine,Sorbitol,Moderate
DDInter1802,Ticagrelor,DDInter582,Dolutegravir,Dolutegravir,Ticagrelor,Minor
DDInter108,Apixaban,DDInter3,Abametapir (topical),Abametapir (topical),Apixaban,Moderate
DDInter379,Cilostazol,DDInter3,Abametapir (topical),Abametapir (topical),Cilostazol,Moderate
DDInter1609,Rivaroxaban,DDInter3,Abametapir (topical),Abametapir (topical),Rivaroxaban,Moderate
DDInter1656,Selexipag,DDInter3,Abametapir (topical),Abametapir (topical),Selexipag,Moderate
DDInter1802,Ticagrelor,DDInter3,Abametapir (topical),Abametapir (topical),Ticagrelor,Moderate
DDInter1945,Vorapaxar,DDInter3,Abametapir (topical),Abametapir (topical),Vorapaxar,Moderate
DDInter1951,Warfarin,DDInter3,Abametapir (topical),Abametapir (topical),Warfarin,Moderate
DDInter5,Abatacept,DDInter1964,Zinc chloride,Abatacept,Zinc chloride,Minor
DDInter6,Abciximab,DDInter9,Acalabrutinib,Abciximab,Acalabrutinib,Major
DDInter6,Abciximab,DDInter1848,Trastuzumab emtansine,Abciximab,Trastuzumab emtansine,Major
DDInter56,Alteplase,DDInter6,Abciximab,Abciximab,Alteplase,Major
DDInter6,Abciximab,DDInter93,Anagrelide,Abciximab,Anagrelide,Major
DDInter6,Abciximab,DDInter98,Anisindione,Abciximab,Anisindione,Major
DDInter99,Anistreplase,DDInter6,Abciximab,Abciximab,Anistreplase,Major
DDInter6,Abciximab,DDInter108,Apixaban,Abciximab,Apixaban,Major
DDInter6,Abciximab,DDInter115,Ardeparin,Abciximab,Ardeparin,Major
DDInter6,Abciximab,DDInter117,Argatroban,Abciximab,Argatroban,Major
DDInter6,Abciximab,DDInter20,Acetylsalicylic acid,Abciximab,Acetylsalicylic acid,Moderate
DDInter6,Abciximab,DDInter142,Avapritinib,Abciximab,Avapritinib,Major
DDInter6,Abciximab,DDInter200,Betrixaban,Abciximab,Betrixaban,Major
DDInter6,Abciximab,DDInter215,Bismuth subsalicylate,Abciximab,Bismuth subsalicylate,Moderate
DDInter217,Bivalirudin,DDInter6,Abciximab,Abciximab,Bivalirudin,Moderate
DDInter6,Abciximab,DDInter242,Bromfenac (ophthalmic),Abciximab,Bromfenac (ophthalmic),Moderate
DDInter6,Abciximab,DDInter262,Cabozantinib,Abciximab,Cabozantinib,Major
DDInter6,Abciximab,DDInter283,Cangrelor,Abciximab,Cangrelor,Major
DDInter6,Abciximab,DDInter286,Caplacizumab,Abciximab,Caplacizumab,Major
DDInter6,Abciximab,DDInter291,Capsicum,Abciximab,Capsicum,Minor
DDInter6,Abciximab,DDInter336,Celecoxib,Abciximab,Celecoxib,Moderate
DDInter6,Abciximab,DDInter347,Chamomile,Abciximab,Chamomile,Minor
DDInter6,Abciximab,DDInter370,Choline salicylate,Abciximab,Choline salicylate,Moderate
DDInter6,Abciximab,DDInter379,Cilostazol,Abciximab,Cilostazol,Moderate
DDInter6,Abciximab,DDInter388,Citalopram,Abciximab,Citalopram,Moderate
DDInter6,Abciximab,DDInter410,Clomipramine,Abciximab,Clomipramine,Moderate
DDInter6,Abciximab,DDInter413,Clopidogrel,Abciximab,Clopidogrel,Major
DDInter6,Abciximab,DDInter417,Clove,Abciximab,Clove,Minor
DDInter435,Collagenase clostridium histolyticum,DDInter6,Abciximab,Abciximab,Collagenase clostridium histolyticum,Moderate
DDInter6,Abciximab,DDInter470,Dalteparin,Abciximab,Dalteparin,Major
DDInter6,Abciximab,DDInter471,Danaparoid,Abciximab,Danaparoid,Major
DDInter6,Abciximab,DDInter484,Dasatinib,Abciximab,Dasatinib,Major
DDInter6,Abciximab,DDInter488,Deferasirox,Abciximab,Deferasirox,Major
DDInter6,Abciximab,DDInter491,Defibrotide,Abciximab,Defibrotide,Major
DDInter6,Abciximab,DDInter501,Deoxycholic acid,Abciximab,Deoxycholic acid,Moderate
DDInter6,Abciximab,DDInter505,Desirudin,Abciximab,Desirudin,Major
DDInter6,Abciximab,DDInter511,Desvenlafaxine,Abciximab,Desvenlafaxine,Moderate
DDInter6,Abciximab,DDInter518,Dexfenfluramine,Abciximab,Dexfenfluramine,Moderate
DDInter6,Abciximab,DDInter525,Dextran (low molecular weight),Abciximab,Dextran (low molecular weight),Major
DDInter6,Abciximab,DDInter537,Diclofenac,Abciximab,Diclofenac,Moderate
DDInter6,Abciximab,DDInter538,Diclofenac (ophthalmic),Abciximab,Diclofenac (ophthalmic),Moderate
DDInter6,Abciximab,DDInter539,Diclofenac (topical),Abciximab,Diclofenac (topical),Moderate
DDInter6,Abciximab,DDInter542,Dicoumarol,Abciximab,Dicoumarol,Major
DDInter6,Abciximab,DDInter551,Diflunisal,Abciximab,Diflunisal,Moderate
DDInter6,Abciximab,DDInter573,Dipyridamole,Abciximab,Dipyridamole,Major
DDInter6,Abciximab,DDInter605,Drotrecogin alfa,Abciximab,Drotrecogin alfa,Major
DDInter6,Abciximab,DDInter608,Duloxetine,Abciximab,Duloxetine,Moderate
DDInter6,Abciximab,DDInter621,Edoxaban,Abciximab,Edoxaban,Major
DDInter6,Abciximab,DDInter645,Enoxaparin,Abciximab,Enoxaparin,Major
DDInter6,Abciximab,DDInter657,Epoprostenol,Abciximab,Epoprostenol,Moderate
DDInter6,Abciximab,DDInter659,Eptifibatide,Abciximab,Eptifibatide,Major
DDInter6,Abciximab,DDInter672,Escitalopram,Abciximab,Escitalopram,Moderate
DDInter6,Abciximab,DDInter699,Etodolac,Abciximab,Etodolac,Moderate
DDInter6,Abciximab,DDInter717,Fenfluramine,Abciximab,Fenfluramine,Moderate
DDInter6,Abciximab,DDInter721,Fenoprofen,Abciximab,Fenoprofen,Moderate
DDInter6,Abciximab,DDInter758,Fluoxetine,Abciximab,Fluoxetine,Moderate
DDInter6,Abciximab,DDInter763,Flurbiprofen,Abciximab,Flurbiprofen,Moderate
DDInter6,Abciximab,DDInter764,Flurbiprofen (ophthalmic),Abciximab,Flurbiprofen (ophthalmic),Moderate
DDInter6,Abciximab,DDInter770,Fluvoxamine,Abciximab,Fluvoxamine,Moderate
DDInter6,Abciximab,DDInter775,Fondaparinux,Abciximab,Fondaparinux,Major
DDInter6,Abciximab,DDInter808,Garlic,Abciximab,Garlic,Moderate
DDInter6,Abciximab,DDInter818,Ginger,Abciximab,Ginger,Moderate
DDInter6,Abciximab,DDInter819,Ginkgo biloba,Abciximab,Ginkgo biloba,Moderate
DDInter6,Abciximab,DDInter820,Ginseng,Abciximab,Ginseng,Moderate
DDInter6,Abciximab,DDInter855,Hemin,Abciximab,Hemin,Moderate
DDInter6,Abciximab,DDInter856,Heparin,Abciximab,Heparin,Major
DDInter6,Abciximab,DDInter898,Ibritumomab tiuxetan,Abciximab,Ibritumomab tiuxetan,Major
DDInter6,Abciximab,DDInter899,Ibrutinib,Abciximab,Ibrutinib,Major
DDInter6,Abciximab,DDInter900,Ibuprofen,Abciximab,Ibuprofen,Moderate
DDInter6,Abciximab,DDInter903,Icosapent,Abciximab,Icosapent,Moderate
DDInter6,Abciximab,DDInter908,Iloprost,Abciximab,Iloprost,Moderate
DDInter6,Abciximab,DDInter921,Indomethacin,Abciximab,Indomethacin,Moderate
DDInter6,Abciximab,DDInter926,Inotersen,Abciximab,Inotersen,Major
DDInter6,Abciximab,DDInter1839,Tositumomab (I-131),Abciximab,Tositumomab (I-131),Major
DDInter6,Abciximab,DDInter1009,Ketoprofen,Abciximab,Ketoprofen,Moderate
DDInter6,Abciximab,DDInter1010,Ketorolac,Abciximab,Ketorolac,Moderate
DDInter6,Abciximab,DDInter1011,Ketorolac (ophthalmic),Abciximab,Ketorolac (ophthalmic),Moderate
DDInter1037,Lepirudin,DDInter6,Abciximab,Abciximab,Lepirudin,Major
DDInter6,Abciximab,DDInter1059,Levomilnacipran,Abciximab,Levomilnacipran,Moderate
DDInter6,Abciximab,DDInter1135,Meclofenamic acid,Abciximab,Meclofenamic acid,Moderate
DDInter6,Abciximab,DDInter1139,Mefenamic acid,Abciximab,Mefenamic acid,Moderate
DDInter6,Abciximab,DDInter1143,Meloxicam,Abciximab,Meloxicam,Moderate
DDInter6,Abciximab,DDInter1220,Milnacipran,Abciximab,Milnacipran,Moderate
DDInter6,Abciximab,DDInter1254,Nabumetone,Abciximab,Nabumetone,Moderate
DDInter6,Abciximab,DDInter1266,Naproxen,Abciximab,Naproxen,Moderate
DDInter6,Abciximab,DDInter1280,Nepafenac (ophthalmic),Abciximab,Nepafenac (ophthalmic),Moderate
DDInter6,Abciximab,DDInter1296,Nintedanib,Abciximab,Nintedanib,Moderate
DDInter6,Abciximab,DDInter1297,Niraparib,Abciximab,Niraparib,Moderate
DDInter6,Abciximab,DDInter1335,Omacetaxine mepesuccinate,Abciximab,Omacetaxine mepesuccinate,Major
DDInter6,Abciximab,DDInter1339,Omega-3 fatty acids,Abciximab,Omega-3 fatty acids,Moderate
DDInter6,Abciximab,DDInter1358,Oxaprozin,Abciximab,Oxaprozin,Moderate
DDInter6,Abciximab,DDInter1387,Panobinostat,Abciximab,Panobinostat,Major
DDInter6,Abciximab,DDInter1397,Paroxetine,Abciximab,Paroxetine,Moderate
DDInter6,Abciximab,DDInter1424,Pentosan polysulfate,Abciximab,Pentosan polysulfate,Moderate
DDInter6,Abciximab,DDInter1426,Pentoxifylline,Abciximab,Pentoxifylline,Moderate
DDInter6,Abciximab,DDInter1451,Phenylbutazone,Abciximab,Phenylbutazone,Moderate
DDInter6,Abciximab,DDInter1478,Piroxicam,Abciximab,Piroxicam,Moderate
DDInter6,Abciximab,DDInter1492,Ponatinib,Abciximab,Ponatinib,Major
DDInter6,Abciximab,DDInter1508,Prasugrel,Abciximab,Prasugrel,Major
DDInter6,Abciximab,DDInter1566,Ramucirumab,Abciximab,Ramucirumab,Major
DDInter6,Abciximab,DDInter1576,Regorafenib,Abciximab,Regorafenib,Major
DDInter1585,Reteplase,DDInter6,Abciximab,Abciximab,Reteplase,Major
DDInter6,Abciximab,DDInter1609,Rivaroxaban,Abciximab,Rivaroxaban,Major
DDInter6,Abciximab,DDInter1613,Rofecoxib,Abciximab,Rofecoxib,Moderate
DDInter6,Abciximab,DDInter1637,Salsalate,Abciximab,Salsalate,Moderate
DDInter6,Abciximab,DDInter1659,Selumetinib,Abciximab,Selumetinib,Moderate
DDInter6,Abciximab,DDInter1662,Sertraline,Abciximab,Sertraline,Moderate
DDInter6,Abciximab,DDInter1665,Sibutramine,Abciximab,Sibutramine,Moderate
DDInter6,Abciximab,DDInter1633,Salicylic acid (sodium),Abciximab,Salicylic acid (sodium),Moderate
DDInter6,Abciximab,DDInter1712,Streptokinase,Abciximab,Streptokinase,Major
DDInter6,Abciximab,DDInter1729,Sulindac,Abciximab,Sulindac,Moderate
DDInter6,Abciximab,DDInter1732,Suprofen (ophthalmic),Abciximab,Suprofen (ophthalmic),Moderate
DDInter1764,Tenecteplase,DDInter6,Abciximab,Abciximab,Tenecteplase,Major
DDInter6,Abciximab,DDInter1802,Ticagrelor,Abciximab,Ticagrelor,Moderate
DDInter6,Abciximab,DDInter1804,Ticlopidine,Abciximab,Ticlopidine,Major
DDInter6,Abciximab,DDInter1812,Tinzaparin,Abciximab,Tinzaparin,Major
DDInter6,Abciximab,DDInter1817,Tipranavir,Abciximab,Tipranavir,Major
DDInter6,Abciximab,DDInter1818,Tirofiban,Abciximab,Tirofiban,Major
DDInter6,Abciximab,DDInter1831,Tolmetin,Abciximab,Tolmetin,Moderate
DDInter6,Abciximab,DDInter1838,Tositumomab,Abciximab,Tositumomab,Major
DDInter6,Abciximab,DDInter1852,Treprostinil,Abciximab,Treprostinil,Moderate
DDInter6,Abciximab,DDInter1892,Turmeric,Abciximab,Turmeric,Minor
DDInter1905,Urokinase,DDInter6,Abciximab,Abciximab,Urokinase,Major
DDInter6,Abciximab,DDInter1910,Valdecoxib,Abciximab,Valdecoxib,Moderate
DDInter6,Abciximab,DDInter1927,Venlafaxine,Abciximab,Venlafaxine,Moderate
DDInter6,Abciximab,DDInter1929,Verteporfin,Abciximab,Verteporfin,Moderate
DDInter6,Abciximab,DDInter1935,Vilazodone,Abciximab,Vilazodone,Moderate
DDInter6,Abciximab,DDInter1943,Vitamin E,Abciximab,Vitamin E,Moderate
DDInter6,Abciximab,DDInter1945,Vorapaxar,Abciximab,Vorapaxar,Major
DDInter6,Abciximab,DDInter1948,Vortioxetine,Abciximab,Vortioxetine,Moderate
DDInter6,Abciximab,DDInter1951,Warfarin,Abciximab,Warfarin,Major
DDInter6,Abciximab,DDInter1959,Zanubrutinib,Abciximab,Zanubrutinib,Major
DDInter1802,Ticagrelor,DDInter7,Abemaciclib,Abemaciclib,Ticagrelor,Moderate
DDInter8,Abiraterone,DDInter108,Apixaban,Abiraterone,Apixaban,Moderate
DDInter8,Abiraterone,DDInter621,Edoxaban,Abiraterone,Edoxaban,Major
DDInter8,Abiraterone,DDInter785,Fostamatinib,Abiraterone,Fostamatinib,Moderate
DDInter8,Abiraterone,DDInter1106,Lusutrombopag,Abiraterone,Lusutrombopag,Moderate
DDInter8,Abiraterone,DDInter1115,Magnesium citrate,Abiraterone,Magnesium citrate,Moderate
DDInter8,Abiraterone,DDInter1656,Selexipag,Abiraterone,Selexipag,Moderate
DDInter1852,Treprostinil,DDInter8,Abiraterone,Abiraterone,Treprostinil,Moderate
DDInter225,Botulinum toxin type A,DDInter1277,Neomycin,Botulinum toxin type A,Neomycin,Major
DDInter413,Clopidogrel,DDInter1377,Paclitaxel,Clopidogrel,Paclitaxel,Moderate
DDInter1377,Paclitaxel,DDInter785,Fostamatinib,Fostamatinib,Paclitaxel,Moderate
DDInter542,Dicoumarol,DDInter991,Isotretinoin,Dicoumarol,Isotretinoin,Moderate
DDInter991,Isotretinoin,DDInter785,Fostamatinib,Fostamatinib,Isotretinoin,Moderate
DDInter1951,Warfarin,DDInter991,Isotretinoin,Isotretinoin,Warfarin,Moderate
DDInter413,Clopidogrel,DDInter722,Fentanyl,Clopidogrel,Fentanyl,Moderate
DDInter722,Fentanyl,DDInter785,Fostamatinib,Fentanyl,Fostamatinib,Moderate
DDInter722,Fentanyl,DDInter1508,Prasugrel,Fentanyl,Prasugrel,Moderate
DDInter722,Fentanyl,DDInter1802,Ticagrelor,Fentanyl,Ticagrelor,Moderate
DDInter56,Alteplase,DDInter9,Acalabrutinib,Acalabrutinib,Alteplase,Major
DDInter99,Anistreplase,DDInter9,Acalabrutinib,Acalabrutinib,Anistreplase,Major
DDInter105,Antithrombin III human,DDInter9,Acalabrutinib,Acalabrutinib,Antithrombin III human,Major
DDInter108,Apixaban,DDInter9,Acalabrutinib,Acalabrutinib,Apixaban,Major
DDInter117,Argatroban,DDInter9,Acalabrutinib,Acalabrutinib,Argatroban,Major
DDInter20,Acetylsalicylic acid,DDInter9,Acalabrutinib,Acalabrutinib,Acetylsalicylic acid,Major
DDInter9,Acalabrutinib,DDInter200,Betrixaban,Acalabrutinib,Betrixaban,Major
DDInter217,Bivalirudin,DDInter9,Acalabrutinib,Acalabrutinib,Bivalirudin,Major
DDInter283,Cangrelor,DDInter9,Acalabrutinib,Acalabrutinib,Cangrelor,Major
DDInter286,Caplacizumab,DDInter9,Acalabrutinib,Acalabrutinib,Caplacizumab,Major
DDInter379,Cilostazol,DDInter9,Acalabrutinib,Acalabrutinib,Cilostazol,Major
DDInter413,Clopidogrel,DDInter9,Acalabrutinib,Acalabrutinib,Clopidogrel,Major
DDInter470,Dalteparin,DDInter9,Acalabrutinib,Acalabrutinib,Dalteparin,Major
DDInter471,Danaparoid,DDInter9,Acalabrutinib,Acalabrutinib,Danaparoid,Major
DDInter491,Defibrotide,DDInter9,Acalabrutinib,Acalabrutinib,Defibrotide,Major
DDInter505,Desirudin,DDInter9,Acalabrutinib,Acalabrutinib,Desirudin,Major
DDInter523,Dextran (-1),DDInter9,Acalabrutinib,Acalabrutinib,Dextran (-1),Major
DDInter524,Dextran (high molecular weight),DDInter9,Acalabrutinib,Acalabrutinib,Dextran (high molecular weight),Major
DDInter525,Dextran (low molecular weight),DDInter9,Acalabrutinib,Acalabrutinib,Dextran (low molecular weight),Major
DDInter542,Dicoumarol,DDInter9,Acalabrutinib,Acalabrutinib,Dicoumarol,Major
DDInter573,Dipyridamole,DDInter9,Acalabrutinib,Acalabrutinib,Dipyridamole,Major
DDInter605,Drotrecogin alfa,DDInter9,Acalabrutinib,Acalabrutinib,Drotrecogin alfa,Major
DDInter621,Edoxaban,DDInter9,Acalabrutinib,Acalabrutinib,Edoxaban,Major
DDInter645,Enoxaparin,DDInter9,Acalabrutinib,Acalabrutinib,Enoxaparin,Major
DDInter657,Epoprostenol,DDInter9,Acalabrutinib,Acalabrutinib,Epoprostenol,Major
DDInter659,Eptifibatide,DDInter9,Acalabrutinib,Acalabrutinib,Eptifibatide,Major
DDInter775,Fondaparinux,DDInter9,Acalabrutinib,Acalabrutinib,Fondaparinux,Major
DDInter855,Hemin,DDInter9,Acalabrutinib,Acalabrutinib,Hemin,Moderate
DDInter856,Heparin,DDInter9,Acalabrutinib,Acalabrutinib,Heparin,Major
DDInter908,Iloprost,DDInter9,Acalabrutinib,Acalabrutinib,Iloprost,Major
DDInter1037,Lepirudin,DDInter9,Acalabrutinib,Acalabrutinib,Lepirudin,Major
DDInter1508,Prasugrel,DDInter9,Acalabrutinib,Acalabrutinib,Prasugrel,Major
DDInter1585,Reteplase,DDInter9,Acalabrutinib,Acalabrutinib,Reteplase,Major
DDInter1609,Rivaroxaban,DDInter9,Acalabrutinib,Acalabrutinib,Rivaroxaban,Major
DDInter1683,Sodium bicarbonate,DDInter9,Acalabrutinib,Acalabrutinib,Sodium bicarbonate,Moderate
DDInter1686,Sodium citrate,DDInter9,Acalabrutinib,Acalabrutinib,Sodium citrate,Moderate
DDInter1712,Streptokinase,DDInter9,Acalabrutinib,Acalabrutinib,Streptokinase,Major
DDInter1764,Tenecteplase,DDInter9,Acalabrutinib,Acalabrutinib,Tenecteplase,Major
DDInter1802,Ticagrelor,DDInter9,Acalabrutinib,Acalabrutinib,Ticagrelor,Major
DDInter1804,Ticlopidine,DDInter9,Acalabrutinib,Acalabrutinib,Ticlopidine,Major
DDInter1812,Tinzaparin,DDInter9,Acalabrutinib,Acalabrutinib,Tinzaparin,Major
DDInter1818,Tirofiban,DDInter9,Acalabrutinib,Acalabrutinib,Tirofiban,Major
DDInter1852,Treprostinil,DDInter9,Acalabrutinib,Acalabrutinib,Treprostinil,Major
DDInter1905,Urokinase,DDInter9,Acalabrutinib,Acalabrutinib,Urokinase,Major
DDInter1945,Vorapaxar,DDInter9,Acalabrutinib,Acalabrutinib,Vorapaxar,Major
DDInter1951,Warfarin,DDInter9,Acalabrutinib,Acalabrutinib,Warfarin,Major
DDInter542,Dicoumarol,DDInter11,Acarbose,Acarbose,Dicoumarol,Minor
DDInter11,Acarbose,DDInter652,Epinephrine,Acarbose,Epinephrine,Moderate
DDInter11,Acarbose,DDInter1277,Neomycin,Acarbose,Neomycin,Moderate
DDInter11,Acarbose,DDInter1951,Warfarin,Acarbose,Warfarin,Minor
DDInter1066,Lidocaine,DDInter785,Fostamatinib,Fostamatinib,Lidocaine,Moderate
DDInter1066,Lidocaine,DDInter881,Hyaluronidase,Hyaluronidase,Lidocaine,Minor
DDInter1066,Lidocaine,DDInter1106,Lusutrombopag,Lidocaine,Lusutrombopag,Moderate
DDInter1066,Lidocaine,DDInter1277,Neomycin,Lidocaine,Neomycin,Minor
DDInter1453,Phenylephrine,DDInter657,Epoprostenol,Epoprostenol,Phenylephrine,Moderate
DDInter362,Chlorpheniramine,DDInter881,Hyaluronidase,Chlorpheniramine,Hyaluronidase,Minor
DDInter1453,Phenylephrine,DDInter908,Iloprost,Iloprost,Phenylephrine,Moderate
DDInter1497,Potassium chloride,DDInter362,Chlorpheniramine,Chlorpheniramine,Potassium chloride,Major
DDInter1453,Phenylephrine,DDInter1656,Selexipag,Phenylephrine,Selexipag,Moderate
DDInter1852,Treprostinil,DDInter1453,Phenylephrine,Phenylephrine,Treprostinil,Moderate
DDInter20,Acetylsalicylic acid,DDInter12,Acebutolol,Acebutolol,Acetylsalicylic acid,Minor
DDInter652,Epinephrine,DDInter12,Acebutolol,Acebutolol,Epinephrine,Moderate
DDInter12,Acebutolol,DDInter657,Epoprostenol,Acebutolol,Epoprostenol,Moderate
DDInter908,Iloprost,DDInter12,Acebutolol,Acebutolol,Iloprost,Moderate
DDInter12,Acebutolol,DDInter1656,Selexipag,Acebutolol,Selexipag,Moderate
DDInter12,Acebutolol,DDInter1802,Ticagrelor,Acebutolol,Ticagrelor,Minor
DDInter1852,Treprostinil,DDInter12,Acebutolol,Acebutolol,Treprostinil,Moderate
DDInter542,Dicoumarol,DDInter14,Acetaminophen,Acetaminophen,Dicoumarol,Moderate
DDInter14,Acetaminophen,DDInter1951,Warfarin,Acetaminophen,Warfarin,Moderate
DDInter263,Caffeine,DDInter20,Acetylsalicylic acid,Acetylsalicylic acid,Caffeine,Minor
DDInter413,Clopidogrel,DDInter556,Dihydrocodeine,Clopidogrel,Dihydrocodeine,Moderate
DDInter263,Caffeine,DDInter573,Dipyridamole,Caffeine,Dipyridamole,Moderate
DDInter556,Dihydrocodeine,DDInter785,Fostamatinib,Dihydrocodeine,Fostamatinib,Moderate
DDInter556,Dihydrocodeine,DDInter1508,Prasugrel,Dihydrocodeine,Prasugrel,Moderate
DDInter556,Dihydrocodeine,DDInter1802,Ticagrelor,Dihydrocodeine,Ticagrelor,Moderate
DDInter429,Codeine,DDInter413,Clopidogrel,Clopidogrel,Codeine,Moderate
DDInter429,Codeine,DDInter785,Fostamatinib,Codeine,Fostamatinib,Moderate
DDInter429,Codeine,DDInter1508,Prasugrel,Codeine,Prasugrel,Moderate
DDInter429,Codeine,DDInter1802,Ticagrelor,Codeine,Ticagrelor,Moderate
DDInter1804,Ticlopidine,DDInter429,Codeine,Codeine,Ticlopidine,Moderate
DDInter1841,Tramadol,DDInter413,Clopidogrel,Clopidogrel,Tramadol,Moderate
DDInter1841,Tramadol,DDInter1115,Magnesium citrate,Magnesium citrate,Tramadol,Moderate
DDInter1841,Tramadol,DDInter1508,Prasugrel,Prasugrel,Tramadol,Moderate
DDInter1841,Tramadol,DDInter1802,Ticagrelor,Ticagrelor,Tramadol,Moderate
DDInter15,Acetazolamide,DDInter20,Acetylsalicylic acid,Acetazolamide,Acetylsalicylic acid,Major
DDInter15,Acetazolamide,DDInter657,Epoprostenol,Acetazolamide,Epoprostenol,Moderate
DDInter15,Acetazolamide,DDInter908,Iloprost,Acetazolamide,Iloprost,Moderate
DDInter15,Acetazolamide,DDInter1115,Magnesium citrate,Acetazolamide,Magnesium citrate,Moderate
DDInter15,Acetazolamide,DDInter1656,Selexipag,Acetazolamide,Selexipag,Moderate
DDInter1852,Treprostinil,DDInter15,Acetazolamide,Acetazolamide,Treprostinil,Moderate
DDInter451,Cyanocobalamin,DDInter712,Famotidine,Cyanocobalamin,Famotidine,Minor
DDInter712,Famotidine,DDInter1136,Mecobalamin,Famotidine,Mecobalamin,Minor
DDInter712,Famotidine,DDInter1508,Prasugrel,Famotidine,Prasugrel,Minor
DDInter712,Famotidine,DDInter1683,Sodium bicarbonate,Famotidine,Sodium bicarbonate,Minor
DDInter451,Cyanocobalamin,DDInter1568,Ranitidine,Cyanocobalamin,Ranitidine,Minor
DDInter542,Dicoumarol,DDInter1568,Ranitidine,Dicoumarol,Ranitidine,Moderate
DDInter1568,Ranitidine,DDInter1136,Mecobalamin,Mecobalamin,Ranitidine,Minor
DDInter1568,Ranitidine,DDInter1508,Prasugrel,Prasugrel,Ranitidine,Minor
DDInter1568,Ranitidine,DDInter1683,Sodium bicarbonate,Ranitidine,Sodium bicarbonate,Minor
DDInter1951,Warfarin,DDInter1568,Ranitidine,Ranitidine,Warfarin,Moderate
DDInter20,Acetylsalicylic acid,DDInter1559,Rabeprazole,Acetylsalicylic acid,Rabeprazole,Minor
DDInter1559,Rabeprazole,DDInter975,Iron,Iron,Rabeprazole,Moderate
DDInter413,Clopidogrel,DDInter1559,Rabeprazole,Clopidogrel,Rabeprazole,Major
DDInter451,Cyanocobalamin,DDInter1559,Rabeprazole,Cyanocobalamin,Rabeprazole,Minor
DDInter542,Dicoumarol,DDInter1559,Rabeprazole,Dicoumarol,Rabeprazole,Moderate
DDInter1559,Rabeprazole,DDInter725,Ferrous fumarate,Ferrous fumarate,Rabeprazole,Moderate
DDInter1559,Rabeprazole,DDInter726,Ferrous gluconate,Ferrous gluconate,Rabeprazole,Moderate
DDInter1559,Rabeprazole,DDInter785,Fostamatinib,Fostamatinib,Rabeprazole,Moderate
DDInter1559,Rabeprazole,DDInter1136,Mecobalamin,Mecobalamin,Rabeprazole,Minor
DDInter1277,Neomycin,DDInter1559,Rabeprazole,Neomycin,Rabeprazole,Moderate
DDInter1559,Rabeprazole,DDInter1508,Prasugrel,Prasugrel,Rabeprazole,Minor
DDInter1951,Warfarin,DDInter1559,Rabeprazole,Rabeprazole,Warfarin,Moderate
DDInter652,Epinephrine,DDInter776,Formoterol,Epinephrine,Formoterol,Moderate
DDInter653,Epinephrine (ophthalmic),DDInter776,Formoterol,Epinephrine (ophthalmic),Formoterol,Moderate
DDInter654,Epinephrine (topical),DDInter776,Formoterol,Epinephrine (topical),Formoterol,Moderate
DDInter1123,Mannitol,DDInter776,Formoterol,Formoterol,Mannitol,Moderate
DDInter1545,Pseudoephedrine,DDInter80,Ammonium chloride,Ammonium chloride,Pseudoephedrine,Minor
DDInter1545,Pseudoephedrine,DDInter657,Epoprostenol,Epoprostenol,Pseudoephedrine,Moderate
DDInter23,Acrivastine,DDInter881,Hyaluronidase,Acrivastine,Hyaluronidase,Minor
DDInter1545,Pseudoephedrine,DDInter908,Iloprost,Iloprost,Pseudoephedrine,Moderate
DDInter1497,Potassium chloride,DDInter23,Acrivastine,Acrivastine,Potassium chloride,Major
DDInter1545,Pseudoephedrine,DDInter1656,Selexipag,Pseudoephedrine,Selexipag,Moderate
DDInter1545,Pseudoephedrine,DDInter1681,Sodium acetate,Pseudoephedrine,Sodium acetate,Moderate
DDInter1545,Pseudoephedrine,DDInter1683,Sodium bicarbonate,Pseudoephedrine,Sodium bicarbonate,Moderate
DDInter1545,Pseudoephedrine,DDInter1686,Sodium citrate,Pseudoephedrine,Sodium citrate,Moderate
DDInter1852,Treprostinil,DDInter1545,Pseudoephedrine,Pseudoephedrine,Treprostinil,Moderate
DDInter1545,Pseudoephedrine,DDInter1883,Tromethamine,Pseudoephedrine,Tromethamine,Moderate
DDInter598,Doxycycline,DDInter272,Calcium chloride,Calcium chloride,Doxycycline,Moderate
DDInter598,Doxycycline,DDInter975,Iron,Doxycycline,Iron,Moderate
DDInter598,Doxycycline,DDInter542,Dicoumarol,Dicoumarol,Doxycycline,Moderate
DDInter598,Doxycycline,DDInter725,Ferrous fumarate,Doxycycline,Ferrous fumarate,Moderate
DDInter598,Doxycycline,DDInter726,Ferrous gluconate,Doxycycline,Ferrous gluconate,Moderate
DDInter598,Doxycycline,DDInter1114,Magnesium chloride,Doxycycline,Magnesium chloride,Moderate
DDInter598,Doxycycline,DDInter1115,Magnesium citrate,Doxycycline,Magnesium citrate,Moderate
DDInter598,Doxycycline,DDInter1120,Magnesium sulfate,Doxycycline,Magnesium sulfate,Moderate
DDInter598,Doxycycline,DDInter1123,Mannitol,Doxycycline,Mannitol,Minor
DDInter598,Doxycycline,DDInter1681,Sodium acetate,Doxycycline,Sodium acetate,Moderate
DDInter598,Doxycycline,DDInter1683,Sodium bicarbonate,Doxycycline,Sodium bicarbonate,Moderate
DDInter598,Doxycycline,DDInter1686,Sodium citrate,Doxycycline,Sodium citrate,Moderate
DDInter598,Doxycycline,DDInter978,Iron sucrose,Doxycycline,Iron sucrose,Moderate
DDInter598,Doxycycline,DDInter1883,Tromethamine,Doxycycline,Tromethamine,Moderate
DDInter598,Doxycycline,DDInter1951,Warfarin,Doxycycline,Warfarin,Moderate
DDInter56,Alteplase,DDInter1010,Ketorolac,Alteplase,Ketorolac,Moderate
DDInter99,Anistreplase,DDInter1010,Ketorolac,Anistreplase,Ketorolac,Moderate
DDInter1010,Ketorolac,DDInter105,Antithrombin III human,Antithrombin III human,Ketorolac,Moderate
DDInter1010,Ketorolac,DDInter108,Apixaban,Apixaban,Ketorolac,Major
DDInter117,Argatroban,DDInter1010,Ketorolac,Argatroban,Ketorolac,Moderate
DDInter1010,Ketorolac,DDInter20,Acetylsalicylic acid,Acetylsalicylic acid,Ketorolac,Major
DDInter1010,Ketorolac,DDInter200,Betrixaban,Betrixaban,Ketorolac,Major
DDInter217,Bivalirudin,DDInter1010,Ketorolac,Bivalirudin,Ketorolac,Moderate
DDInter1010,Ketorolac,DDInter283,Cangrelor,Cangrelor,Ketorolac,Moderate
DDInter1010,Ketorolac,DDInter286,Caplacizumab,Caplacizumab,Ketorolac,Moderate
DDInter1010,Ketorolac,DDInter379,Cilostazol,Cilostazol,Ketorolac,Moderate
DDInter1010,Ketorolac,DDInter413,Clopidogrel,Clopidogrel,Ketorolac,Moderate
DDInter1010,Ketorolac,DDInter470,Dalteparin,Dalteparin,Ketorolac,Major
DDInter1010,Ketorolac,DDInter471,Danaparoid,Danaparoid,Ketorolac,Major
DDInter1010,Ketorolac,DDInter491,Defibrotide,Defibrotide,Ketorolac,Moderate
DDInter1010,Ketorolac,DDInter505,Desirudin,Desirudin,Ketorolac,Major
DDInter542,Dicoumarol,DDInter1010,Ketorolac,Dicoumarol,Ketorolac,Major
DDInter1010,Ketorolac,DDInter573,Dipyridamole,Dipyridamole,Ketorolac,Moderate
DDInter605,Drotrecogin alfa,DDInter1010,Ketorolac,Drotrecogin alfa,Ketorolac,Major
DDInter1010,Ketorolac,DDInter621,Edoxaban,Edoxaban,Ketorolac,Major
DDInter1010,Ketorolac,DDInter645,Enoxaparin,Enoxaparin,Ketorolac,Major
DDInter1010,Ketorolac,DDInter657,Epoprostenol,Epoprostenol,Ketorolac,Moderate
DDInter659,Eptifibatide,DDInter1010,Ketorolac,Eptifibatide,Ketorolac,Moderate
DDInter1010,Ketorolac,DDInter775,Fondaparinux,Fondaparinux,Ketorolac,Major
DDInter1010,Ketorolac,DDInter856,Heparin,Heparin,Ketorolac,Moderate
DDInter1010,Ketorolac,DDInter908,Iloprost,Iloprost,Ketorolac,Moderate
DDInter1037,Lepirudin,DDInter1010,Ketorolac,Ketorolac,Lepirudin,Moderate
DDInter1010,Ketorolac,DDInter1497,Potassium chloride,Ketorolac,Potassium chloride,Moderate
DDInter1010,Ketorolac,DDInter1508,Prasugrel,Ketorolac,Prasugrel,Major
DDInter1585,Reteplase,DDInter1010,Ketorolac,Ketorolac,Reteplase,Moderate
DDInter1010,Ketorolac,DDInter1609,Rivaroxaban,Ketorolac,Rivaroxaban,Major
DDInter1712,Streptokinase,DDInter1010,Ketorolac,Ketorolac,Streptokinase,Moderate
DDInter1764,Tenecteplase,DDInter1010,Ketorolac,Ketorolac,Tenecteplase,Moderate
DDInter1010,Ketorolac,DDInter1802,Ticagrelor,Ketorolac,Ticagrelor,Moderate
DDInter1804,Ticlopidine,DDInter1010,Ketorolac,Ketorolac,Ticlopidine,Moderate
DDInter1010,Ketorolac,DDInter1812,Tinzaparin,Ketorolac,Tinzaparin,Major
DDInter1010,Ketorolac,DDInter1818,Tirofiban,Ketorolac,Tirofiban,Moderate
DDInter1852,Treprostinil,DDInter1010,Ketorolac,Ketorolac,Treprostinil,Moderate
DDInter1905,Urokinase,DDInter1010,Ketorolac,Ketorolac,Urokinase,Moderate
DDInter1010,Ketorolac,DDInter1945,Vorapaxar,Ketorolac,Vorapaxar,Major
DDInter1010,Ketorolac,DDInter1951,Warfarin,Ketorolac,Warfarin,Major
DDInter56,Alteplase,DDInter1011,Ketorolac (ophthalmic),Alteplase,Ketorolac (ophthalmic),Moderate
DDInter99,Anistreplase,DDInter1011,Ketorolac (ophthalmic),Anistreplase,Ketorolac (ophthalmic),Moderate
DDInter1011,Ketorolac (ophthalmic),DDInter105,Antithrombin III human,Antithrombin III human,Ketorolac (ophthalmic),Moderate
DDInter1011,Ketorolac (ophthalmic),DDInter108,Apixaban,Apixaban,Ketorolac (ophthalmic),Moderate
DDInter117,Argatroban,DDInter1011,Ketorolac (ophthalmic),Argatroban,Ketorolac (ophthalmic),Moderate
DDInter1011,Ketorolac (ophthalmic),DDInter20,Acetylsalicylic acid,Acetylsalicylic acid,Ketorolac (ophthalmic),Moderate
DDInter1011,Ketorolac (ophthalmic),DDInter200,Betrixaban,Betrixaban,Ketorolac (ophthalmic),Moderate
DDInter217,Bivalirudin,DDInter1011,Ketorolac (ophthalmic),Bivalirudin,Ketorolac (ophthalmic),Moderate
DDInter1011,Ketorolac (ophthalmic),DDInter283,Cangrelor,Cangrelor,Ketorolac (ophthalmic),Moderate
DDInter1011,Ketorolac (ophthalmic),DDInter286,Caplacizumab,Caplacizumab,Ketorolac (ophthalmic),Moderate
DDInter1011,Ketorolac (ophthalmic),DDInter379,Cilostazol,Cilostazol,Ketorolac (ophthalmic),Moderate
DDInter1011,Ketorolac (ophthalmic),DDInter413,Clopidogrel,Clopidogrel,Ketorolac (ophthalmic),Moderate
DDInter1011,Ketorolac (ophthalmic),DDInter470,Dalteparin,Dalteparin,Ketorolac (ophthalmic),Moderate
DDInter1011,Ketorolac (ophthalmic),DDInter471,Danaparoid,Danaparoid,Ketorolac (ophthalmic),Moderate
DDInter1011,Ketorolac (ophthalmic),DDInter491,Defibrotide,Defibrotide,Ketorolac (ophthalmic),Moderate
DDInter1011,Ketorolac (ophthalmic),DDInter505,Desirudin,Desirudin,Ketorolac (ophthalmic),Moderate
DDInter542,Dicoumarol,DDInter1011,Ketorolac (ophthalmic),Dicoumarol,Ketorolac (ophthalmic),Moderate
DDInter1011,Ketorolac (ophthalmic),DDInter573,Dipyridamole,Dipyridamole,Ketorolac (ophthalmic),Moderate
DDInter605,Drotrecogin alfa,DDInter1011,Ketorolac (ophthalmic),Drotrecogin alfa,Ketorolac (ophthalmic),Moderate
DDInter1011,Ketorolac (ophthalmic),DDInter621,Edoxaban,Edoxaban,Ketorolac (ophthalmic),Moderate
DDInter1011,Ketorolac (ophthalmic),DDInter645,Enoxaparin,Enoxaparin,Ketorolac (ophthalmic),Moderate
DDInter1011,Ketorolac (ophthalmic),DDInter657,Epoprostenol,Epoprostenol,Ketorolac (ophthalmic),Moderate
DDInter659,Eptifibatide,DDInter1011,Ketorolac (ophthalmic),Eptifibatide,Ketorolac (ophthalmic),Moderate
DDInter1011,Ketorolac (ophthalmic),DDInter775,Fondaparinux,Fondaparinux,Ketorolac (ophthalmic),Moderate
DDInter1011,Ketorolac (ophthalmic),DDInter856,Heparin,Heparin,Ketorolac (ophthalmic),Moderate
DDInter1011,Ketorolac (ophthalmic),DDInter908,Iloprost,Iloprost,Ketorolac (ophthalmic),Moderate
DDInter1037,Lepirudin,DDInter1011,Ketorolac (ophthalmic),Ketorolac (ophthalmic),Lepirudin,Moderate
DDInter1011,Ketorolac (ophthalmic),DDInter1508,Prasugrel,Ketorolac (ophthalmic),Prasugrel,Moderate
DDInter1585,Reteplase,DDInter1011,Ketorolac (ophthalmic),Ketorolac (ophthalmic),Reteplase,Moderate
DDInter1011,Ketorolac (ophthalmic),DDInter1609,Rivaroxaban,Ketorolac (ophthalmic),Rivaroxaban,Moderate
DDInter1712,Streptokinase,DDInter1011,Ketorolac (ophthalmic),Ketorolac (ophthalmic),Streptokinase,Moderate
DDInter1764,Tenecteplase,DDInter1011,Ketorolac (ophthalmic),Ketorolac (ophthalmic),Tenecteplase,Moderate
DDInter1011,Ketorolac (ophthalmic),DDInter1802,Ticagrelor,Ketorolac (ophthalmic),Ticagrelor,Moderate
DDInter1804,Ticlopidine,DDInter1011,Ketorolac (ophthalmic),Ketorolac (ophthalmic),Ticlopidine,Moderate
DDInter1011,Ketorolac (ophthalmic),DDInter1812,Tinzaparin,Ketorolac (ophthalmic),Tinzaparin,Moderate
DDInter1011,Ketorolac (ophthalmic),DDInter1818,Tirofiban,Ketorolac (ophthalmic),Tirofiban,Moderate
DDInter1852,Treprostinil,DDInter1011,Ketorolac (ophthalmic),Ketorolac (ophthalmic),Treprostinil,Moderate
DDInter1905,Urokinase,DDInter1011,Ketorolac (ophthalmic),Ketorolac (ophthalmic),Urokinase,Moderate
DDInter1011,Ketorolac (ophthalmic),DDInter1945,Vorapaxar,Ketorolac (ophthalmic),Vorapaxar,Moderate
DDInter1011,Ketorolac (ophthalmic),DDInter1951,Warfarin,Ketorolac (ophthalmic),Warfarin,Moderate
DDInter1291,Nifedipine,DDInter108,Apixaban,Apixaban,Nifedipine,Moderate
DDInter20,Acetylsalicylic acid,DDInter1291,Nifedipine,Acetylsalicylic acid,Nifedipine,Moderate
DDInter1291,Nifedipine,DDInter200,Betrixaban,Betrixaban,Nifedipine,Moderate
DDInter1291,Nifedipine,DDInter272,Calcium chloride,Calcium chloride,Nifedipine,Moderate
DDInter1291,Nifedipine,DDInter379,Cilostazol,Cilostazol,Nifedipine,Moderate
DDInter1291,Nifedipine,DDInter657,Epoprostenol,Epoprostenol,Nifedipine,Moderate
DDInter1291,Nifedipine,DDInter785,Fostamatinib,Fostamatinib,Nifedipine,Moderate
DDInter908,Iloprost,DDInter1291,Nifedipine,Iloprost,Nifedipine,Moderate
DDInter1291,Nifedipine,DDInter1106,Lusutrombopag,Lusutrombopag,Nifedipine,Moderate
DDInter1120,Magnesium sulfate,DDInter1291,Nifedipine,Magnesium sulfate,Nifedipine,Moderate
DDInter1291,Nifedipine,DDInter1609,Rivaroxaban,Nifedipine,Rivaroxaban,Moderate
DDInter1291,Nifedipine,DDInter1656,Selexipag,Nifedipine,Selexipag,Moderate
DDInter1291,Nifedipine,DDInter1802,Ticagrelor,Nifedipine,Ticagrelor,Minor
DDInter1852,Treprostinil,DDInter1291,Nifedipine,Nifedipine,Treprostinil,Moderate
DDInter27,Adalimumab,DDInter108,Apixaban,Adalimumab,Apixaban,Moderate
DDInter27,Adalimumab,DDInter542,Dicoumarol,Adalimumab,Dicoumarol,Moderate
DDInter27,Adalimumab,DDInter1609,Rivaroxaban,Adalimumab,Rivaroxaban,Moderate
DDInter27,Adalimumab,DDInter1951,Warfarin,Adalimumab,Warfarin,Moderate
DDInter27,Adalimumab,DDInter1964,Zinc chloride,Adalimumab,Zinc chloride,Minor
DDInter31,Adenosine,DDInter573,Dipyridamole,Adenosine,Dipyridamole,Moderate
DDInter31,Adenosine,DDInter1802,Ticagrelor,Adenosine,Ticagrelor,Minor
DDInter542,Dicoumarol,DDInter1189,Methylphenidate,Dicoumarol,Methylphenidate,Minor
DDInter1189,Methylphenidate,DDInter652,Epinephrine,Epinephrine,Methylphenidate,Moderate
DDInter1189,Methylphenidate,DDInter1951,Warfarin,Methylphenidate,Warfarin,Minor
DDInter1848,Trastuzumab emtansine,DDInter108,Apixaban,Apixaban,Trastuzumab emtansine,Major
DDInter117,Argatroban,DDInter1848,Trastuzumab emtansine,Argatroban,Trastuzumab emtansine,Major
DDInter20,Acetylsalicylic acid,DDInter1848,Trastuzumab emtansine,Acetylsalicylic acid,Trastuzumab emtansine,Major
DDInter1848,Trastuzumab emtansine,DDInter200,Betrixaban,Betrixaban,Trastuzumab emtansine,Major
DDInter217,Bivalirudin,DDInter1848,Trastuzumab emtansine,Bivalirudin,Trastuzumab emtansine,Major
DDInter1848,Trastuzumab emtansine,DDInter283,Cangrelor,Cangrelor,Trastuzumab emtansine,Major
DDInter1848,Trastuzumab emtansine,DDInter286,Caplacizumab,Caplacizumab,Trastuzumab emtansine,Major
DDInter379,Cilostazol,DDInter1848,Trastuzumab emtansine,Cilostazol,Trastuzumab emtansine,Major
DDInter413,Clopidogrel,DDInter1848,Trastuzumab emtansine,Clopidogrel,Trastuzumab emtansine,Major
DDInter1848,Trastuzumab emtansine,DDInter470,Dalteparin,Dalteparin,Trastuzumab emtansine,Major
DDInter1848,Trastuzumab emtansine,DDInter471,Danaparoid,Danaparoid,Trastuzumab emtansine,Major
DDInter1848,Trastuzumab emtansine,DDInter505,Desirudin,Desirudin,Trastuzumab emtansine,Major
DDInter542,Dicoumarol,DDInter1848,Trastuzumab emtansine,Dicoumarol,Trastuzumab emtansine,Major
DDInter573,Dipyridamole,DDInter1848,Trastuzumab emtansine,Dipyridamole,Trastuzumab emtansine,Major
DDInter605,Drotrecogin alfa,DDInter1848,Trastuzumab emtansine,Drotrecogin alfa,Trastuzumab emtansine,Major
DDInter1848,Trastuzumab emtansine,DDInter621,Edoxaban,Edoxaban,Trastuzumab emtansine,Major
DDInter645,Enoxaparin,DDInter1848,Trastuzumab emtansine,Enoxaparin,Trastuzumab emtansine,Major
DDInter657,Epoprostenol,DDInter1848,Trastuzumab emtansine,Epoprostenol,Trastuzumab emtansine,Moderate
DDInter659,Eptifibatide,DDInter1848,Trastuzumab emtansine,Eptifibatide,Trastuzumab emtansine,Major
DDInter775,Fondaparinux,DDInter1848,Trastuzumab emtansine,Fondaparinux,Trastuzumab emtansine,Major
DDInter855,Hemin,DDInter1848,Trastuzumab emtansine,Hemin,Trastuzumab emtansine,Moderate
DDInter856,Heparin,DDInter1848,Trastuzumab emtansine,Heparin,Trastuzumab emtansine,Major
DDInter857,Heparin (flush),DDInter1848,Trastuzumab emtansine,Heparin (flush),Trastuzumab emtansine,Major
DDInter908,Iloprost,DDInter1848,Trastuzumab emtansine,Iloprost,Trastuzumab emtansine,Moderate
DDInter1037,Lepirudin,DDInter1848,Trastuzumab emtansine,Lepirudin,Trastuzumab emtansine,Major
DDInter1848,Trastuzumab emtansine,DDInter1508,Prasugrel,Prasugrel,Trastuzumab emtansine,Major
DDInter1848,Trastuzumab emtansine,DDInter1609,Rivaroxaban,Rivaroxaban,Trastuzumab emtansine,Major
DDInter1848,Trastuzumab emtansine,DDInter1802,Ticagrelor,Ticagrelor,Trastuzumab emtansine,Major
DDInter1804,Ticlopidine,DDInter1848,Trastuzumab emtansine,Ticlopidine,Trastuzumab emtansine,Major
DDInter1848,Trastuzumab emtansine,DDInter1812,Tinzaparin,Tinzaparin,Trastuzumab emtansine,Major
DDInter1818,Tirofiban,DDInter1848,Trastuzumab emtansine,Tirofiban,Trastuzumab emtansine,Major
DDInter1852,Treprostinil,DDInter1848,Trastuzumab emtansine,Trastuzumab emtansine,Treprostinil,Moderate
DDInter1848,Trastuzumab emtansine,DDInter1945,Vorapaxar,Trastuzumab emtansine,Vorapaxar,Major
DDInter1951,Warfarin,DDInter1848,Trastuzumab emtansine,Trastuzumab emtansine,Warfarin,Major
DDInter16,Acetohexamide,DDInter652,Epinephrine,Acetohexamide,Epinephrine,Moderate
DDInter652,Epinephrine,DDInter36,Albiglutide,Albiglutide,Epinephrine,Moderate
DDInter652,Epinephrine,DDInter1632,Salbutamol,Epinephrine,Salbutamol,Moderate
DDInter652,Epinephrine,DDInter51,Alogliptin,Alogliptin,Epinephrine,Moderate
DDInter652,Epinephrine,DDInter77,Amisulpride,Amisulpride,Epinephrine,Moderate
DDInter78,Amitriptyline,DDInter652,Epinephrine,Amitriptyline,Epinephrine,Major
DDInter82,Amoxapine,DDInter652,Epinephrine,Amoxapine,Epinephrine,Major
DDInter84,Amphetamine,DDInter652,Epinephrine,Amphetamine,Epinephrine,Moderate
DDInter652,Epinephrine,DDInter116,Arformoterol,Arformoterol,Epinephrine,Moderate
DDInter652,Epinephrine,DDInter118,Aripiprazole,Aripiprazole,Epinephrine,Moderate
DDInter652,Epinephrine,DDInter125,Asenapine,Asenapine,Epinephrine,Moderate
DDInter130,Atenolol,DDInter652,Epinephrine,Atenolol,Epinephrine,Moderate
DDInter132,Atomoxetine,DDInter652,Epinephrine,Atomoxetine,Epinephrine,Moderate
DDInter652,Epinephrine,DDInter187,Benzphetamine,Benzphetamine,Epinephrine,Moderate
DDInter197,Betaxolol,DDInter652,Epinephrine,Betaxolol,Epinephrine,Moderate
DDInter198,Betaxolol (ophthalmic),DDInter652,Epinephrine,Betaxolol (ophthalmic),Epinephrine,Moderate
DDInter216,Bisoprolol,DDInter652,Epinephrine,Bisoprolol,Epinephrine,Moderate
DDInter652,Epinephrine,DDInter231,Brexpiprazole,Brexpiprazole,Epinephrine,Moderate
DDInter652,Epinephrine,DDInter280,Canagliflozin,Canagliflozin,Epinephrine,Moderate
DDInter303,Carteolol,DDInter652,Epinephrine,Carteolol,Epinephrine,Major
DDInter304,Carteolol (ophthalmic),DDInter652,Epinephrine,Carteolol (ophthalmic),Epinephrine,Major
DDInter652,Epinephrine,DDInter305,Carvedilol,Carvedilol,Epinephrine,Major
DDInter363,Chlorpromazine,DDInter652,Epinephrine,Chlorpromazine,Epinephrine,Moderate
DDInter652,Epinephrine,DDInter364,Chlorpropamide,Chlorpropamide,Epinephrine,Moderate
DDInter652,Epinephrine,DDInter410,Clomipramine,Clomipramine,Epinephrine,Major
DDInter419,Clozapine,DDInter652,Epinephrine,Clozapine,Epinephrine,Moderate
DDInter652,Epinephrine,DDInter426,Cocaine (nasal),Cocaine (nasal),Epinephrine,Major
DDInter652,Epinephrine,DDInter427,Cocaine (topical),Cocaine (topical),Epinephrine,Major
DDInter652,Epinephrine,DDInter474,Dapagliflozin,Dapagliflozin,Epinephrine,Moderate
DDInter652,Epinephrine,DDInter502,Deserpidine,Deserpidine,Epinephrine,Moderate
DDInter652,Epinephrine,DDInter503,Desflurane,Desflurane,Epinephrine,Major
DDInter652,Epinephrine,DDInter504,Desipramine,Desipramine,Epinephrine,Major
DDInter507,Desmopressin,DDInter652,Epinephrine,Desmopressin,Epinephrine,Moderate
DDInter652,Epinephrine,DDInter511,Desvenlafaxine,Desvenlafaxine,Epinephrine,Moderate
DDInter652,Epinephrine,DDInter521,Dexmethylphenidate,Dexmethylphenidate,Epinephrine,Moderate
DDInter652,Epinephrine,DDInter526,Dextroamphetamine,Dextroamphetamine,Epinephrine,Moderate
DDInter652,Epinephrine,DDInter547,Diethylpropion,Diethylpropion,Epinephrine,Moderate
DDInter652,Epinephrine,DDInter553,Digitoxin,Digitoxin,Epinephrine,Moderate
DDInter554,Digoxin,DDInter652,Epinephrine,Digoxin,Epinephrine,Moderate
DDInter557,Dihydroergotamine,DDInter652,Epinephrine,Dihydroergotamine,Epinephrine,Major
DDInter591,Doxapram,DDInter652,Epinephrine,Doxapram,Epinephrine,Moderate
DDInter652,Epinephrine,DDInter593,Doxepin,Doxepin,Epinephrine,Major
DDInter603,Droperidol,DDInter652,Epinephrine,Droperidol,Epinephrine,Moderate
DDInter652,Epinephrine,DDInter606,Droxidopa,Droxidopa,Epinephrine,Moderate
DDInter652,Epinephrine,DDInter607,Dulaglutide,Dulaglutide,Epinephrine,Moderate
DDInter608,Duloxetine,DDInter652,Epinephrine,Duloxetine,Epinephrine,Moderate
DDInter652,Epinephrine,DDInter636,Empagliflozin,Empagliflozin,Epinephrine,Moderate
DDInter641,Enflurane,DDInter652,Epinephrine,Enflurane,Epinephrine,Major
DDInter646,Entacapone,DDInter652,Epinephrine,Entacapone,Epinephrine,Moderate
DDInter652,Epinephrine,DDInter657,Epoprostenol,Epinephrine,Epoprostenol,Moderate
DDInter652,Epinephrine,DDInter664,Ergometrine,Epinephrine,Ergometrine,Major
DDInter652,Epinephrine,DDInter665,Ergotamine,Epinephrine,Ergotamine,Major
DDInter652,Epinephrine,DDInter669,Ertugliflozin,Epinephrine,Ertugliflozin,Moderate
DDInter675,Esmolol,DDInter652,Epinephrine,Epinephrine,Esmolol,Moderate
DDInter652,Epinephrine,DDInter706,Exenatide,Epinephrine,Exenatide,Moderate
DDInter760,Fluphenazine,DDInter652,Epinephrine,Epinephrine,Fluphenazine,Moderate
DDInter825,Glimepiride,DDInter652,Epinephrine,Epinephrine,Glimepiride,Moderate
DDInter652,Epinephrine,DDInter826,Glipizide,Epinephrine,Glipizide,Moderate
DDInter652,Epinephrine,DDInter831,Glyburide,Epinephrine,Glyburide,Moderate
DDInter845,Guanadrel,DDInter652,Epinephrine,Epinephrine,Guanadrel,Moderate
DDInter652,Epinephrine,DDInter846,Guanethidine,Epinephrine,Guanethidine,Moderate
DDInter853,Haloperidol,DDInter652,Epinephrine,Epinephrine,Haloperidol,Moderate
DDInter652,Epinephrine,DDInter854,Halothane,Epinephrine,Halothane,Major
DDInter652,Epinephrine,DDInter907,Iloperidone,Epinephrine,Iloperidone,Moderate
DDInter652,Epinephrine,DDInter908,Iloprost,Epinephrine,Iloprost,Moderate
DDInter912,Imipramine,DDInter652,Epinephrine,Epinephrine,Imipramine,Major
DDInter652,Epinephrine,DDInter915,Indacaterol,Epinephrine,Indacaterol,Moderate
DDInter934,Insulin human,DDInter652,Epinephrine,Epinephrine,Insulin human,Moderate
DDInter652,Epinephrine,DDInter929,Insulin aspart (aspart),Epinephrine,Insulin aspart (aspart),Moderate
DDInter652,Epinephrine,DDInter928,Insulin aspart (aspart protamine),Epinephrine,Insulin aspart (aspart protamine),Moderate
DDInter652,Epinephrine,DDInter930,Insulin degludec,Epinephrine,Insulin degludec,Moderate
DDInter652,Epinephrine,DDInter931,Insulin detemir,Epinephrine,Insulin detemir,Moderate
DDInter932,Insulin glargine,DDInter652,Epinephrine,Epinephrine,Insulin glargine,Moderate
DDInter652,Epinephrine,DDInter933,Insulin glulisine,Epinephrine,Insulin glulisine,Moderate
DDInter935,"Insulin human (inhalation, rapid acting)",DDInter652,Epinephrine,Epinephrine,"Insulin human (inhalation, rapid acting)",Moderate
DDInter936,Insulin human (isophane),DDInter652,Epinephrine,Epinephrine,Insulin human (isophane),Moderate
DDInter940,Insulin lispro,DDInter652,Epinephrine,Epinephrine,Insulin lispro,Moderate
DDInter941,Insulin lispro (protamine),DDInter652,Epinephrine,Epinephrine,Insulin lispro (protamine),Moderate
DDInter937,Insulin human (regular),DDInter652,Epinephrine,Epinephrine,Insulin human (regular),Moderate
DDInter939,Insulin human (zinc),DDInter652,Epinephrine,Epinephrine,Insulin human (zinc),Moderate
DDInter938,Insulin human (zinc extended),DDInter652,Epinephrine,Epinephrine,Insulin human (zinc extended),Moderate
DDInter652,Epinephrine,DDInter981,Isocarboxazid,Epinephrine,Isocarboxazid,Moderate
DDInter982,Isoetharine,DDInter652,Epinephrine,Epinephrine,Isoetharine,Moderate
DDInter652,Epinephrine,DDInter983,Isoflurane,Epinephrine,Isoflurane,Major
DDInter652,Epinephrine,DDInter987,Isoprenaline,Epinephrine,Isoprenaline,Moderate
DDInter1013,Labetalol,DDInter652,Epinephrine,Epinephrine,Labetalol,Major
DDInter652,Epinephrine,DDInter1063,Levosalbutamol,Epinephrine,Levosalbutamol,Moderate
DDInter652,Epinephrine,DDInter1048,Levobetaxolol (ophthalmic),Epinephrine,Levobetaxolol (ophthalmic),Moderate
DDInter652,Epinephrine,DDInter1050,Levobunolol (ophthalmic),Epinephrine,Levobunolol (ophthalmic),Major
DDInter652,Epinephrine,DDInter1054,Levodopa,Epinephrine,Levodopa,Moderate
DDInter652,Epinephrine,DDInter1059,Levomilnacipran,Epinephrine,Levomilnacipran,Moderate
DDInter1064,Levothyroxine,DDInter652,Epinephrine,Epinephrine,Levothyroxine,Moderate
DDInter652,Epinephrine,DDInter1070,Linagliptin,Epinephrine,Linagliptin,Moderate
DDInter1073,Linezolid,DDInter652,Epinephrine,Epinephrine,Linezolid,Major
DDInter1074,Liothyronine,DDInter652,Epinephrine,Epinephrine,Liothyronine,Moderate
DDInter652,Epinephrine,DDInter1077,Liraglutide,Epinephrine,Liraglutide,Moderate
DDInter652,Epinephrine,DDInter1078,Lisdexamfetamine,Epinephrine,Lisdexamfetamine,Moderate
DDInter652,Epinephrine,DDInter1081,Lithium carbonate,Epinephrine,Lithium carbonate,Minor
DDInter652,Epinephrine,DDInter1082,Lixisenatide,Epinephrine,Lixisenatide,Moderate
DDInter1099,Loxapine,DDInter652,Epinephrine,Epinephrine,Loxapine,Moderate
DDInter652,Epinephrine,DDInter1102,Lumateperone,Epinephrine,Lumateperone,Moderate
DDInter652,Epinephrine,DDInter1104,Lurasidone,Epinephrine,Lurasidone,Moderate
DDInter1126,Mazindol,DDInter652,Epinephrine,Epinephrine,Mazindol,Moderate
DDInter1130,Mecamylamine,DDInter652,Epinephrine,Epinephrine,Mecamylamine,Moderate
DDInter652,Epinephrine,DDInter1159,Mesoridazine,Epinephrine,Mesoridazine,Moderate
DDInter652,Epinephrine,DDInter1346,Orciprenaline,Epinephrine,Orciprenaline,Moderate
DDInter1164,Metformin,DDInter652,Epinephrine,Epinephrine,Metformin,Moderate
DDInter652,Epinephrine,DDInter1161,Metamfetamine,Epinephrine,Metamfetamine,Moderate
DDInter652,Epinephrine,DDInter1168,Methdilazine,Epinephrine,Methdilazine,Moderate
DDInter652,Epinephrine,DDInter1175,Methotrimeprazine,Epinephrine,Methotrimeprazine,Moderate
DDInter652,Epinephrine,DDInter1179,Methoxyflurane,Epinephrine,Methoxyflurane,Major
DDInter652,Epinephrine,DDInter1185,Methyldopa,Epinephrine,Methyldopa,Moderate
DDInter652,Epinephrine,DDInter1186,Methylene blue,Epinephrine,Methylene blue,Moderate
DDInter1187,Methylergometrine,DDInter652,Epinephrine,Epinephrine,Methylergometrine,Major
DDInter1194,Methysergide,DDInter652,Epinephrine,Epinephrine,Methysergide,Major
DDInter652,Epinephrine,DDInter1196,Metipranolol (ophthalmic),Epinephrine,Metipranolol (ophthalmic),Major
DDInter1200,Metoprolol,DDInter652,Epinephrine,Epinephrine,Metoprolol,Moderate
DDInter1213,Midodrine,DDInter652,Epinephrine,Epinephrine,Midodrine,Moderate
DDInter1217,Miglitol,DDInter652,Epinephrine,Epinephrine,Miglitol,Moderate
DDInter652,Epinephrine,DDInter1220,Milnacipran,Epinephrine,Milnacipran,Moderate
DDInter652,Epinephrine,DDInter1239,Molindone,Epinephrine,Molindone,Moderate
DDInter652,Epinephrine,DDInter1255,Nadolol,Epinephrine,Nadolol,Major
DDInter652,Epinephrine,DDInter1269,Nateglinide,Epinephrine,Nateglinide,Moderate
DDInter652,Epinephrine,DDInter1271,Nebivolol,Epinephrine,Nebivolol,Moderate
DDInter1316,Nortriptyline,DDInter652,Epinephrine,Epinephrine,Nortriptyline,Major
DDInter1326,Olanzapine,DDInter652,Epinephrine,Epinephrine,Olanzapine,Moderate
DDInter652,Epinephrine,DDInter1331,Olodaterol,Epinephrine,Olodaterol,Moderate
DDInter652,Epinephrine,DDInter1343,Opicapone,Epinephrine,Opicapone,Moderate
DDInter1375,Oxytocin,DDInter652,Epinephrine,Epinephrine,Oxytocin,Moderate
DDInter652,Epinephrine,DDInter1376,Ozanimod,Epinephrine,Ozanimod,Moderate
DDInter652,Epinephrine,DDInter1381,Paliperidone,Epinephrine,Paliperidone,Moderate
DDInter652,Epinephrine,DDInter1417,Penbutolol,Epinephrine,Penbutolol,Major
DDInter652,Epinephrine,DDInter1432,Perphenazine,Epinephrine,Perphenazine,Moderate
DDInter652,Epinephrine,DDInter1439,Phendimetrazine,Epinephrine,Phendimetrazine,Moderate
DDInter652,Epinephrine,DDInter1440,Phenelzine,Epinephrine,Phenelzine,Moderate
DDInter1447,Phentermine,DDInter652,Epinephrine,Epinephrine,Phentermine,Moderate
DDInter1458,Phenylpropanolamine,DDInter652,Epinephrine,Epinephrine,Phenylpropanolamine,Moderate
DDInter652,Epinephrine,DDInter1470,Pimozide,Epinephrine,Pimozide,Moderate
DDInter652,Epinephrine,DDInter1471,Pindolol,Epinephrine,Pindolol,Major
DDInter652,Epinephrine,DDInter1472,Pioglitazone,Epinephrine,Pioglitazone,Moderate
DDInter652,Epinephrine,DDInter1476,Pirbuterol,Epinephrine,Pirbuterol,Moderate
DDInter652,Epinephrine,DDInter1506,Pramlintide,Epinephrine,Pramlintide,Moderate
DDInter652,Epinephrine,DDInter1526,Procarbazine,Epinephrine,Procarbazine,Moderate
DDInter1527,Prochlorperazine,DDInter652,Epinephrine,Epinephrine,Prochlorperazine,Moderate
DDInter1532,Promazine,DDInter652,Epinephrine,Epinephrine,Promazine,Moderate
DDInter652,Epinephrine,DDInter1533,Promethazine,Epinephrine,Promethazine,Moderate
DDInter652,Epinephrine,DDInter1537,Propiomazine,Epinephrine,Propiomazine,Moderate
DDInter1539,Propranolol,DDInter652,Epinephrine,Epinephrine,Propranolol,Major
DDInter1543,Protriptyline,DDInter652,Epinephrine,Epinephrine,Protriptyline,Major
DDInter652,Epinephrine,DDInter1553,Quetiapine,Epinephrine,Quetiapine,Moderate
DDInter652,Epinephrine,DDInter1560,Racepinephrine,Epinephrine,Racepinephrine,Moderate
DDInter652,Epinephrine,DDInter1572,Rasagiline,Epinephrine,Rasagiline,Moderate
DDInter652,Epinephrine,DDInter1581,Repaglinide,Epinephrine,Repaglinide,Moderate
DDInter1582,Reserpine,DDInter652,Epinephrine,Epinephrine,Reserpine,Moderate
DDInter652,Epinephrine,DDInter1605,Risperidone,Epinephrine,Risperidone,Moderate
DDInter652,Epinephrine,DDInter1606,Ritodrine,Epinephrine,Ritodrine,Moderate
DDInter1621,Rosiglitazone,DDInter652,Epinephrine,Epinephrine,Rosiglitazone,Moderate
DDInter652,Epinephrine,DDInter1635,Salmeterol,Epinephrine,Salmeterol,Moderate
DDInter652,Epinephrine,DDInter1646,Saxagliptin,Epinephrine,Saxagliptin,Moderate
DDInter652,Epinephrine,DDInter1653,Selegiline,Epinephrine,Selegiline,Moderate
DDInter652,Epinephrine,DDInter1656,Selexipag,Epinephrine,Selexipag,Moderate
DDInter652,Epinephrine,DDInter1660,Semaglutide,Epinephrine,Semaglutide,Moderate
DDInter652,Epinephrine,DDInter1664,Sevoflurane,Epinephrine,Sevoflurane,Major
DDInter652,Epinephrine,DDInter1665,Sibutramine,Epinephrine,Sibutramine,Moderate
DDInter652,Epinephrine,DDInter1679,Sitagliptin,Epinephrine,Sitagliptin,Moderate
DDInter652,Epinephrine,DDInter1697,Solriamfetol,Epinephrine,Solriamfetol,Moderate
DDInter1704,Sotalol,DDInter652,Epinephrine,Epinephrine,Sotalol,Major
DDInter652,Epinephrine,DDInter1746,Tapentadol,Epinephrine,Tapentadol,Moderate
DDInter652,Epinephrine,DDInter1769,Terbutaline,Epinephrine,Terbutaline,Moderate
DDInter1793,Thiethylperazine,DDInter652,Epinephrine,Epinephrine,Thiethylperazine,Moderate
DDInter652,Epinephrine,DDInter1796,Thioridazine,Epinephrine,Thioridazine,Moderate
DDInter652,Epinephrine,DDInter1798,Thiothixene,Epinephrine,Thiothixene,Moderate
DDInter652,Epinephrine,DDInter1799,"Thyroid, porcine",Epinephrine,"Thyroid, porcine",Moderate
DDInter1809,Timolol,DDInter652,Epinephrine,Epinephrine,Timolol,Major
DDInter1810,Timolol (ophthalmic),DDInter652,Epinephrine,Epinephrine,Timolol (ophthalmic),Major
DDInter652,Epinephrine,DDInter1826,Tolazamide,Epinephrine,Tolazamide,Moderate
DDInter652,Epinephrine,DDInter1828,Tolbutamide,Epinephrine,Tolbutamide,Moderate
DDInter1829,Tolcapone,DDInter652,Epinephrine,Epinephrine,Tolcapone,Moderate
DDInter652,Epinephrine,DDInter1845,Tranylcypromine,Epinephrine,Tranylcypromine,Moderate
DDInter1852,Treprostinil,DDInter652,Epinephrine,Epinephrine,Treprostinil,Moderate
DDInter652,Epinephrine,DDInter1866,Trifluoperazine,Epinephrine,Trifluoperazine,Moderate
DDInter1867,Triflupromazine,DDInter652,Epinephrine,Epinephrine,Triflupromazine,Moderate
DDInter652,Epinephrine,DDInter45,Alimemazine,Alimemazine,Epinephrine,Moderate
DDInter652,Epinephrine,DDInter1876,Trimipramine,Epinephrine,Trimipramine,Major
DDInter1881,Troglitazone,DDInter652,Epinephrine,Epinephrine,Troglitazone,Moderate
DDInter1921,Vasopressin,DDInter652,Epinephrine,Epinephrine,Vasopressin,Moderate
DDInter1927,Venlafaxine,DDInter652,Epinephrine,Epinephrine,Venlafaxine,Moderate
DDInter1967,Ziprasidone,DDInter652,Epinephrine,Epinephrine,Ziprasidone,Moderate
DDInter102,"Antihemophilic factor, human recombinant",DDInter299,Carfilzomib,"Antihemophilic factor, human recombinant",Carfilzomib,Major
DDInter102,"Antihemophilic factor, human recombinant",DDInter635,Emicizumab,"Antihemophilic factor, human recombinant",Emicizumab,Moderate
DDInter102,"Antihemophilic factor, human recombinant",DDInter1411,Pegvaliase,"Antihemophilic factor, human recombinant",Pegvaliase,Moderate
DDInter56,Alteplase,DDInter900,Ibuprofen,Alteplase,Ibuprofen,Moderate
DDInter99,Anistreplase,DDInter900,Ibuprofen,Anistreplase,Ibuprofen,Moderate
DDInter900,Ibuprofen,DDInter105,Antithrombin III human,Antithrombin III human,Ibuprofen,Moderate
DDInter900,Ibuprofen,DDInter108,Apixaban,Apixaban,Ibuprofen,Major
DDInter117,Argatroban,DDInter900,Ibuprofen,Argatroban,Ibuprofen,Moderate
DDInter20,Acetylsalicylic acid,DDInter900,Ibuprofen,Acetylsalicylic acid,Ibuprofen,Major
DDInter900,Ibuprofen,DDInter200,Betrixaban,Betrixaban,Ibuprofen,Major
DDInter217,Bivalirudin,DDInter900,Ibuprofen,Bivalirudin,Ibuprofen,Moderate
DDInter900,Ibuprofen,DDInter283,Cangrelor,Cangrelor,Ibuprofen,Moderate
DDInter900,Ibuprofen,DDInter286,Caplacizumab,Caplacizumab,Ibuprofen,Moderate
DDInter900,Ibuprofen,DDInter379,Cilostazol,Cilostazol,Ibuprofen,Moderate
DDInter413,Clopidogrel,DDInter900,Ibuprofen,Clopidogrel,Ibuprofen,Moderate
DDInter900,Ibuprofen,DDInter470,Dalteparin,Dalteparin,Ibuprofen,Major
DDInter900,Ibuprofen,DDInter471,Danaparoid,Danaparoid,Ibuprofen,Major
DDInter900,Ibuprofen,DDInter491,Defibrotide,Defibrotide,Ibuprofen,Moderate
DDInter900,Ibuprofen,DDInter505,Desirudin,Desirudin,Ibuprofen,Major
DDInter542,Dicoumarol,DDInter900,Ibuprofen,Dicoumarol,Ibuprofen,Major
DDInter573,Dipyridamole,DDInter900,Ibuprofen,Dipyridamole,Ibuprofen,Moderate
DDInter605,Drotrecogin alfa,DDInter900,Ibuprofen,Drotrecogin alfa,Ibuprofen,Major
DDInter900,Ibuprofen,DDInter621,Edoxaban,Edoxaban,Ibuprofen,Major
DDInter900,Ibuprofen,DDInter645,Enoxaparin,Enoxaparin,Ibuprofen,Major
DDInter900,Ibuprofen,DDInter657,Epoprostenol,Epoprostenol,Ibuprofen,Moderate
DDInter659,Eptifibatide,DDInter900,Ibuprofen,Eptifibatide,Ibuprofen,Moderate
DDInter775,Fondaparinux,DDInter900,Ibuprofen,Fondaparinux,Ibuprofen,Major
DDInter900,Ibuprofen,DDInter856,Heparin,Heparin,Ibuprofen,Moderate
DDInter900,Ibuprofen,DDInter908,Iloprost,Ibuprofen,Iloprost,Moderate
DDInter1037,Lepirudin,DDInter900,Ibuprofen,Ibuprofen,Lepirudin,Moderate
DDInter1497,Potassium chloride,DDInter900,Ibuprofen,Ibuprofen,Potassium chloride,Moderate
DDInter900,Ibuprofen,DDInter1508,Prasugrel,Ibuprofen,Prasugrel,Major
DDInter1585,Reteplase,DDInter900,Ibuprofen,Ibuprofen,Reteplase,Moderate
DDInter900,Ibuprofen,DDInter1609,Rivaroxaban,Ibuprofen,Rivaroxaban,Major
DDInter1712,Streptokinase,DDInter900,Ibuprofen,Ibuprofen,Streptokinase,Moderate
DDInter1764,Tenecteplase,DDInter900,Ibuprofen,Ibuprofen,Tenecteplase,Moderate
DDInter900,Ibuprofen,DDInter1802,Ticagrelor,Ibuprofen,Ticagrelor,Moderate
DDInter1804,Ticlopidine,DDInter900,Ibuprofen,Ibuprofen,Ticlopidine,Moderate
DDInter900,Ibuprofen,DDInter1812,Tinzaparin,Ibuprofen,Tinzaparin,Major
DDInter1818,Tirofiban,DDInter900,Ibuprofen,Ibuprofen,Tirofiban,Moderate
DDInter1852,Treprostinil,DDInter900,Ibuprofen,Ibuprofen,Treprostinil,Moderate
DDInter1905,Urokinase,DDInter900,Ibuprofen,Ibuprofen,Urokinase,Moderate
DDInter900,Ibuprofen,DDInter1945,Vorapaxar,Ibuprofen,Vorapaxar,Major
DDInter1951,Warfarin,DDInter900,Ibuprofen,Ibuprofen,Warfarin,Major
DDInter32,Afatinib,DDInter785,Fostamatinib,Afatinib,Fostamatinib,Moderate
DDInter32,Afatinib,DDInter1106,Lusutrombopag,Afatinib,Lusutrombopag,Moderate
DDInter692,Ethinylestradiol,DDInter869,Human C1-esterase inhibitor,Ethinylestradiol,Human C1-esterase inhibitor,Moderate
DDInter692,Ethinylestradiol,DDInter437,Conestat alfa,Conestat alfa,Ethinylestradiol,Moderate
DDInter542,Dicoumarol,DDInter692,Ethinylestradiol,Dicoumarol,Ethinylestradiol,Moderate
DDInter692,Ethinylestradiol,DDInter785,Fostamatinib,Ethinylestradiol,Fostamatinib,Moderate
DDInter692,Ethinylestradiol,DDInter855,Hemin,Ethinylestradiol,Hemin,Major
DDInter692,Ethinylestradiol,DDInter881,Hyaluronidase,Ethinylestradiol,Hyaluronidase,Minor
DDInter692,Ethinylestradiol,DDInter1277,Neomycin,Ethinylestradiol,Neomycin,Moderate
DDInter1723,Sulfamethizole,DDInter692,Ethinylestradiol,Ethinylestradiol,Sulfamethizole,Moderate
DDInter692,Ethinylestradiol,DDInter1802,Ticagrelor,Ethinylestradiol,Ticagrelor,Minor
DDInter1844,Tranexamic acid,DDInter692,Ethinylestradiol,Ethinylestradiol,Tranexamic acid,Major
DDInter1951,Warfarin,DDInter692,Ethinylestradiol,Ethinylestradiol,Warfarin,Moderate
DDInter885,Hydrocortisone,DDInter20,Acetylsalicylic acid,Acetylsalicylic acid,Hydrocortisone,Moderate
DDInter885,Hydrocortisone,DDInter505,Desirudin,Desirudin,Hydrocortisone,Major
DDInter542,Dicoumarol,DDInter885,Hydrocortisone,Dicoumarol,Hydrocortisone,Moderate
DDInter885,Hydrocortisone,DDInter785,Fostamatinib,Fostamatinib,Hydrocortisone,Moderate
DDInter885,Hydrocortisone,DDInter881,Hyaluronidase,Hyaluronidase,Hydrocortisone,Minor
DDInter885,Hydrocortisone,DDInter1106,Lusutrombopag,Hydrocortisone,Lusutrombopag,Moderate
DDInter885,Hydrocortisone,DDInter1115,Magnesium citrate,Hydrocortisone,Magnesium citrate,Moderate
DDInter1120,Magnesium sulfate,DDInter885,Hydrocortisone,Hydrocortisone,Magnesium sulfate,Moderate
DDInter885,Hydrocortisone,DDInter1683,Sodium bicarbonate,Hydrocortisone,Sodium bicarbonate,Minor
DDInter1804,Ticlopidine,DDInter885,Hydrocortisone,Hydrocortisone,Ticlopidine,Minor
DDInter1951,Warfarin,DDInter885,Hydrocortisone,Hydrocortisone,Warfarin,Moderate
DDInter885,Hydrocortisone,DDInter1964,Zinc chloride,Hydrocortisone,Zinc chloride,Minor
DDInter257,Butalbital,DDInter542,Dicoumarol,Butalbital,Dicoumarol,Major
DDInter257,Butalbital,DDInter855,Hemin,Butalbital,Hemin,Major
DDInter257,Butalbital,DDInter1951,Warfarin,Butalbital,Warfarin,Major
DDInter1091,Loratadine,DDInter785,Fostamatinib,Fostamatinib,Loratadine,Moderate
DDInter1091,Loratadine,DDInter881,Hyaluronidase,Hyaluronidase,Loratadine,Minor
DDInter35,Albendazole,DDInter785,Fostamatinib,Albendazole,Fostamatinib,Moderate
DDInter1951,Warfarin,DDInter36,Albiglutide,Albiglutide,Warfarin,Minor
DDInter653,Epinephrine (ophthalmic),DDInter1632,Salbutamol,Epinephrine (ophthalmic),Salbutamol,Moderate
DDInter654,Epinephrine (topical),DDInter1632,Salbutamol,Epinephrine (topical),Salbutamol,Moderate
DDInter1632,Salbutamol,DDInter1115,Magnesium citrate,Magnesium citrate,Salbutamol,Moderate
DDInter1123,Mannitol,DDInter1632,Salbutamol,Mannitol,Salbutamol,Moderate
DDInter690,Ethanol,DDInter20,Acetylsalicylic acid,Acetylsalicylic acid,Ethanol,Moderate
DDInter542,Dicoumarol,DDInter690,Ethanol,Dicoumarol,Ethanol,Moderate
DDInter1951,Warfarin,DDInter690,Ethanol,Ethanol,Warfarin,Moderate
DDInter40,Alefacept,DDInter108,Apixaban,Alefacept,Apixaban,Moderate
DDInter40,Alefacept,DDInter542,Dicoumarol,Alefacept,Dicoumarol,Moderate
DDInter40,Alefacept,DDInter1609,Rivaroxaban,Alefacept,Rivaroxaban,Moderate
DDInter40,Alefacept,DDInter1951,Warfarin,Alefacept,Warfarin,Moderate
DDInter40,Alefacept,DDInter1964,Zinc chloride,Alefacept,Zinc chloride,Minor
DDInter42,Alendronic acid,DDInter20,Acetylsalicylic acid,Acetylsalicylic acid,Alendronic acid,Moderate
DDInter42,Alendronic acid,DDInter975,Iron,Alendronic acid,Iron,Moderate
DDInter42,Alendronic acid,DDInter725,Ferrous fumarate,Alendronic acid,Ferrous fumarate,Moderate
DDInter42,Alendronic acid,DDInter726,Ferrous gluconate,Alendronic acid,Ferrous gluconate,Moderate
DDInter42,Alendronic acid,DDInter1114,Magnesium chloride,Alendronic acid,Magnesium chloride,Moderate
DDInter42,Alendronic acid,DDInter1115,Magnesium citrate,Alendronic acid,Magnesium citrate,Moderate
DDInter42,Alendronic acid,DDInter1120,Magnesium sulfate,Alendronic acid,Magnesium sulfate,Moderate
DDInter42,Alendronic acid,DDInter1277,Neomycin,Alendronic acid,Neomycin,Moderate
DDInter42,Alendronic acid,DDInter978,Iron sucrose,Alendronic acid,Iron sucrose,Moderate
DDInter367,Cholecalciferol,DDInter1114,Magnesium chloride,Cholecalciferol,Magnesium chloride,Moderate
DDInter367,Cholecalciferol,DDInter1120,Magnesium sulfate,Cholecalciferol,Magnesium sulfate,Moderate
DDInter367,Cholecalciferol,DDInter978,Iron sucrose,Cholecalciferol,Iron sucrose,Moderate
DDInter413,Clopidogrel,DDInter43,Alfentanil,Alfentanil,Clopidogrel,Moderate
DDInter43,Alfentanil,DDInter785,Fostamatinib,Alfentanil,Fostamatinib,Moderate
DDInter43,Alfentanil,DDInter1508,Prasugrel,Alfentanil,Prasugrel,Moderate
DDInter43,Alfentanil,DDInter1802,Ticagrelor,Alfentanil,Ticagrelor,Moderate
DDInter770,Fluvoxamine,DDInter105,Antithrombin III human,Antithrombin III human,Fluvoxamine,Moderate
DDInter770,Fluvoxamine,DDInter108,Apixaban,Apixaban,Fluvoxamine,Moderate
DDInter770,Fluvoxamine,DDInter20,Acetylsalicylic acid,Acetylsalicylic acid,Fluvoxamine,Moderate
DDInter770,Fluvoxamine,DDInter200,Betrixaban,Betrixaban,Fluvoxamine,Moderate
DDInter217,Bivalirudin,DDInter770,Fluvoxamine,Bivalirudin,Fluvoxamine,Moderate
DDInter770,Fluvoxamine,DDInter283,Cangrelor,Cangrelor,Fluvoxamine,Moderate
DDInter770,Fluvoxamine,DDInter286,Caplacizumab,Caplacizumab,Fluvoxamine,Moderate
DDInter770,Fluvoxamine,DDInter379,Cilostazol,Cilostazol,Fluvoxamine,Major
DDInter770,Fluvoxamine,DDInter413,Clopidogrel,Clopidogrel,Fluvoxamine,Major
DDInter770,Fluvoxamine,DDInter470,Dalteparin,Dalteparin,Fluvoxamine,Moderate
DDInter770,Fluvoxamine,DDInter491,Defibrotide,Defibrotide,Fluvoxamine,Moderate
DDInter770,Fluvoxamine,DDInter505,Desirudin,Desirudin,Fluvoxamine,Moderate
DDInter770,Fluvoxamine,DDInter573,Dipyridamole,Dipyridamole,Fluvoxamine,Moderate
DDInter770,Fluvoxamine,DDInter621,Edoxaban,Edoxaban,Fluvoxamine,Moderate
DDInter771,Folic acid,DDInter285,Capecitabine,Capecitabine,Folic acid,Major
DDInter771,Folic acid,DDInter293,Carbamazepine,Carbamazepine,Folic acid,Moderate
DDInter771,Folic acid,DDInter368,Cholestyramine,Cholestyramine,Folic acid,Moderate
DDInter771,Folic acid,DDInter433,Colestipol,Colestipol,Folic acid,Moderate
DDInter771,Folic acid,DDInter1913,Valproic acid,Folic acid,Valproic acid,Moderate
DDInter93,Anagrelide,DDInter775,Fondaparinux,Anagrelide,Fondaparinux,Major
DDInter775,Fondaparinux,DDInter104,Antithrombin Alfa,Antithrombin Alfa,Fondaparinux,Major
DDInter775,Fondaparinux,DDInter105,Antithrombin III human,Antithrombin III human,Fondaparinux,Major
DDInter775,Fondaparinux,DDInter108,Apixaban,Apixaban,Fondaparinux,Major
DDInter775,Fondaparinux,DDInter126,Asparaginase Erwinia chrysanthemi,Asparaginase Erwinia chrysanthemi,Fondaparinux,Moderate
DDInter127,Asparaginase Escherichia coli,DDInter775,Fondaparinux,Asparaginase Escherichia coli,Fondaparinux,Moderate
DDInter775,Fondaparinux,DDInter20,Acetylsalicylic acid,Acetylsalicylic acid,Fondaparinux,Major
DDInter775,Fondaparinux,DDInter142,Avapritinib,Avapritinib,Fondaparinux,Major
DDInter775,Fondaparinux,DDInter200,Betrixaban,Betrixaban,Fondaparinux,Major
DDInter217,Bivalirudin,DDInter775,Fondaparinux,Bivalirudin,Fondaparinux,Major
DDInter775,Fondaparinux,DDInter242,Bromfenac (ophthalmic),Bromfenac (ophthalmic),Fondaparinux,Moderate
DDInter775,Fondaparinux,DDInter262,Cabozantinib,Cabozantinib,Fondaparinux,Major
DDInter775,Fondaparinux,DDInter264,Calaspargase pegol,Calaspargase pegol,Fondaparinux,Moderate
DDInter775,Fondaparinux,DDInter283,Cangrelor,Cangrelor,Fondaparinux,Major
DDInter775,Fondaparinux,DDInter286,Caplacizumab,Caplacizumab,Fondaparinux,Major
DDInter336,Celecoxib,DDInter775,Fondaparinux,Celecoxib,Fondaparinux,Moderate
DDInter775,Fondaparinux,DDInter379,Cilostazol,Cilostazol,Fondaparinux,Major
DDInter388,Citalopram,DDInter775,Fondaparinux,Citalopram,Fondaparinux,Moderate
DDInter775,Fondaparinux,DDInter410,Clomipramine,Clomipramine,Fondaparinux,Moderate
DDInter775,Fondaparinux,DDInter413,Clopidogrel,Clopidogrel,Fondaparinux,Major
DDInter435,Collagenase clostridium histolyticum,DDInter775,Fondaparinux,Collagenase clostridium histolyticum,Fondaparinux,Moderate
DDInter775,Fondaparinux,DDInter470,Dalteparin,Dalteparin,Fondaparinux,Major
DDInter775,Fondaparinux,DDInter484,Dasatinib,Dasatinib,Fondaparinux,Major
DDInter775,Fondaparinux,DDInter488,Deferasirox,Deferasirox,Fondaparinux,Major
DDInter775,Fondaparinux,DDInter491,Defibrotide,Defibrotide,Fondaparinux,Major
DDInter775,Fondaparinux,DDInter501,Deoxycholic acid,Deoxycholic acid,Fondaparinux,Moderate
DDInter775,Fondaparinux,DDInter505,Desirudin,Desirudin,Fondaparinux,Major
DDInter775,Fondaparinux,DDInter511,Desvenlafaxine,Desvenlafaxine,Fondaparinux,Moderate
DDInter775,Fondaparinux,DDInter538,Diclofenac (ophthalmic),Diclofenac (ophthalmic),Fondaparinux,Moderate
DDInter775,Fondaparinux,DDInter539,Diclofenac (topical),Diclofenac (topical),Fondaparinux,Moderate
DDInter775,Fondaparinux,DDInter573,Dipyridamole,Dipyridamole,Fondaparinux,Major
DDInter608,Duloxetine,DDInter775,Fondaparinux,Duloxetine,Fondaparinux,Moderate
DDInter775,Fondaparinux,DDInter621,Edoxaban,Edoxaban,Fondaparinux,Major
DDInter777,Fosamprenavir,DDInter108,Apixaban,Apixaban,Fosamprenavir,Moderate
DDInter777,Fosamprenavir,DDInter143,Avatrombopag,Avatrombopag,Fosamprenavir,Moderate
DDInter379,Cilostazol,DDInter777,Fosamprenavir,Cilostazol,Fosamprenavir,Major
DDInter108,Apixaban,DDInter778,Fosaprepitant,Apixaban,Fosaprepitant,Moderate
DDInter379,Cilostazol,DDInter778,Fosaprepitant,Cilostazol,Fosaprepitant,Major
DDInter781,Fosinopril,DDInter20,Acetylsalicylic acid,Acetylsalicylic acid,Fosinopril,Moderate
DDInter781,Fosinopril,DDInter470,Dalteparin,Dalteparin,Fosinopril,Moderate
DDInter479,Darbepoetin alfa,DDInter781,Fosinopril,Darbepoetin alfa,Fosinopril,Minor
DDInter781,Fosinopril,DDInter1686,Sodium citrate,Fosinopril,Sodium citrate,Minor
DDInter783,Fosphenytoin,DDInter108,Apixaban,Apixaban,Fosphenytoin,Major
DDInter20,Acetylsalicylic acid,DDInter783,Fosphenytoin,Acetylsalicylic acid,Fosphenytoin,Minor
DDInter783,Fosphenytoin,DDInter143,Avatrombopag,Avatrombopag,Fosphenytoin,Major
DDInter783,Fosphenytoin,DDInter200,Betrixaban,Betrixaban,Fosphenytoin,Moderate
DDInter413,Clopidogrel,DDInter783,Fosphenytoin,Clopidogrel,Fosphenytoin,Minor
DDInter783,Fosphenytoin,DDInter621,Edoxaban,Edoxaban,Fosphenytoin,Moderate
DDInter44,Alfuzosin,DDInter785,Fostamatinib,Alfuzosin,Fostamatinib,Moderate
DDInter46,Aliskiren,DDInter785,Fostamatinib,Aliskiren,Fostamatinib,Moderate
DDInter49,Almotriptan,DDInter785,Fostamatinib,Almotriptan,Fostamatinib,Moderate
DDInter52,Alosetron,DDInter785,Fostamatinib,Alosetron,Fostamatinib,Moderate
DDInter54,Alprazolam,DDInter785,Fostamatinib,Alprazolam,Fostamatinib,Moderate
DDInter59,Alvimopan,DDInter785,Fostamatinib,Alvimopan,Fostamatinib,Moderate
DDInter62,Ambrisentan,DDInter785,Fostamatinib,Ambrisentan,Fostamatinib,Moderate
DDInter76,Amiodarone,DDInter785,Fostamatinib,Amiodarone,Fostamatinib,Moderate
DDInter78,Amitriptyline,DDInter785,Fostamatinib,Amitriptyline,Fostamatinib,Moderate
DDInter79,Amlodipine,DDInter785,Fostamatinib,Amlodipine,Fostamatinib,Moderate
DDInter81,Amobarbital,DDInter785,Fostamatinib,Amobarbital,Fostamatinib,Moderate
DDInter95,Anastrozole,DDInter785,Fostamatinib,Anastrozole,Fostamatinib,Moderate
DDInter107,Apalutamide,DDInter785,Fostamatinib,Apalutamide,Fostamatinib,Major
DDInter108,Apixaban,DDInter785,Fostamatinib,Apixaban,Fostamatinib,Moderate
DDInter111,Apremilast,DDInter785,Fostamatinib,Apremilast,Fostamatinib,Moderate
DDInter112,Aprepitant,DDInter785,Fostamatinib,Aprepitant,Fostamatinib,Moderate
DDInter118,Aripiprazole,DDInter785,Fostamatinib,Aripiprazole,Fostamatinib,Moderate
DDInter119,Armodafinil,DDInter785,Fostamatinib,Armodafinil,Fostamatinib,Moderate
DDInter125,Asenapine,DDInter785,Fostamatinib,Asenapine,Fostamatinib,Moderate
DDInter129,Atazanavir,DDInter785,Fostamatinib,Atazanavir,Fostamatinib,Major
DDInter133,Atorvastatin,DDInter785,Fostamatinib,Atorvastatin,Fostamatinib,Moderate
DDInter141,Avanafil,DDInter785,Fostamatinib,Avanafil,Fostamatinib,Moderate
DDInter147,Axitinib,DDInter785,Fostamatinib,Axitinib,Fostamatinib,Moderate
DDInter187,Benzphetamine,DDInter785,Fostamatinib,Benzphetamine,Fostamatinib,Moderate
DDInter195,Betamethasone,DDInter785,Fostamatinib,Betamethasone,Fostamatinib,Moderate
DDInter785,Fostamatinib,DDInter200,Betrixaban,Betrixaban,Fostamatinib,Moderate
DDInter202,Bexarotene,DDInter785,Fostamatinib,Bexarotene,Fostamatinib,Moderate
DDInter204,Bicalutamide,DDInter785,Fostamatinib,Bicalutamide,Fostamatinib,Moderate
DDInter210,Binimetinib,DDInter785,Fostamatinib,Binimetinib,Fostamatinib,Moderate
DDInter222,Bortezomib,DDInter785,Fostamatinib,Bortezomib,Fostamatinib,Moderate
DDInter223,Bosentan,DDInter785,Fostamatinib,Bosentan,Fostamatinib,Moderate
DDInter224,Bosutinib,DDInter785,Fostamatinib,Bosutinib,Fostamatinib,Moderate
DDInter228,Brentuximab vedotin,DDInter785,Fostamatinib,Brentuximab vedotin,Fostamatinib,Moderate
DDInter231,Brexpiprazole,DDInter785,Fostamatinib,Brexpiprazole,Fostamatinib,Moderate
DDInter785,Fostamatinib,DDInter233,Brigatinib,Brigatinib,Fostamatinib,Moderate
DDInter243,Bromocriptine,DDInter785,Fostamatinib,Bromocriptine,Fostamatinib,Moderate
DDInter246,Budesonide,DDInter785,Fostamatinib,Budesonide,Fostamatinib,Moderate
DDInter249,Bupivacaine,DDInter785,Fostamatinib,Bupivacaine,Fostamatinib,Moderate
DDInter251,Buprenorphine,DDInter785,Fostamatinib,Buprenorphine,Fostamatinib,Moderate
DDInter254,Buspirone,DDInter785,Fostamatinib,Buspirone,Fostamatinib,Moderate
DDInter259,Cabazitaxel,DDInter785,Fostamatinib,Cabazitaxel,Fostamatinib,Moderate
DDInter262,Cabozantinib,DDInter785,Fostamatinib,Cabozantinib,Fostamatinib,Moderate
DDInter284,Cannabidiol,DDInter785,Fostamatinib,Cannabidiol,Fostamatinib,Moderate
DDInter293,Carbamazepine,DDInter785,Fostamatinib,Carbamazepine,Fostamatinib,Major
DDInter300,Cariprazine,DDInter785,Fostamatinib,Cariprazine,Fostamatinib,Moderate
DDInter338,Cenobamate,DDInter785,Fostamatinib,Cenobamate,Fostamatinib,Moderate
DDInter340,Ceritinib,DDInter785,Fostamatinib,Ceritinib,Fostamatinib,Major
DDInter346,Cevimeline,DDInter785,Fostamatinib,Cevimeline,Fostamatinib,Moderate
DDInter351,Chloramphenicol,DDInter785,Fostamatinib,Chloramphenicol,Fostamatinib,Moderate
DDInter355,Chlordiazepoxide,DDInter785,Fostamatinib,Chlordiazepoxide,Fostamatinib,Moderate
DDInter375,Ciclesonide,DDInter785,Fostamatinib,Ciclesonide,Fostamatinib,Moderate
DDInter379,Cilostazol,DDInter785,Fostamatinib,Cilostazol,Fostamatinib,Moderate
DDInter380,Cimetidine,DDInter785,Fostamatinib,Cimetidine,Fostamatinib,Moderate
DDInter381,Cinacalcet,DDInter785,Fostamatinib,Cinacalcet,Fostamatinib,Moderate
DDInter384,Ciprofloxacin,DDInter785,Fostamatinib,Ciprofloxacin,Fostamatinib,Moderate
DDInter388,Citalopram,DDInter785,Fostamatinib,Citalopram,Fostamatinib,Moderate
DDInter393,Clarithromycin,DDInter785,Fostamatinib,Clarithromycin,Fostamatinib,Major
DDInter401,Clobazam,DDInter785,Fostamatinib,Clobazam,Fostamatinib,Moderate
DDInter405,Clofarabine,DDInter785,Fostamatinib,Clofarabine,Fostamatinib,Moderate
DDInter410,Clomipramine,DDInter785,Fostamatinib,Clomipramine,Fostamatinib,Moderate
DDInter411,Clonazepam,DDInter785,Fostamatinib,Clonazepam,Fostamatinib,Moderate
DDInter414,Clorazepic acid,DDInter785,Fostamatinib,Clorazepic acid,Fostamatinib,Moderate
DDInter419,Clozapine,DDInter785,Fostamatinib,Clozapine,Fostamatinib,Major
DDInter424,Cobicistat,DDInter785,Fostamatinib,Cobicistat,Fostamatinib,Major
DDInter425,Cobimetinib,DDInter785,Fostamatinib,Cobimetinib,Fostamatinib,Moderate
DDInter427,Cocaine (topical),DDInter785,Fostamatinib,Cocaine (topical),Fostamatinib,Moderate
DDInter431,Colchicine,DDInter785,Fostamatinib,Colchicine,Fostamatinib,Moderate
DDInter438,Conivaptan,DDInter785,Fostamatinib,Conivaptan,Fostamatinib,Major
DDInter448,Crizotinib,DDInter785,Fostamatinib,Crizotinib,Fostamatinib,Moderate
DDInter454,Cyclobenzaprine,DDInter785,Fostamatinib,Cyclobenzaprine,Fostamatinib,Moderate
DDInter456,Cyclophosphamide,DDInter785,Fostamatinib,Cyclophosphamide,Fostamatinib,Moderate
DDInter458,Cyclosporine,DDInter785,Fostamatinib,Cyclosporine,Fostamatinib,Moderate
DDInter462,Dabrafenib,DDInter785,Fostamatinib,Dabrafenib,Fostamatinib,Moderate
DDInter464,Daclatasvir,DDInter785,Fostamatinib,Daclatasvir,Fostamatinib,Moderate
DDInter466,Dactinomycin,DDInter785,Fostamatinib,Dactinomycin,Fostamatinib,Moderate
DDInter480,Darifenacin,DDInter785,Fostamatinib,Darifenacin,Fostamatinib,Moderate
DDInter482,Darunavir,DDInter785,Fostamatinib,Darunavir,Fostamatinib,Moderate
DDInter484,Dasatinib,DDInter785,Fostamatinib,Dasatinib,Fostamatinib,Moderate
DDInter485,Daunorubicin,DDInter785,Fostamatinib,Daunorubicin,Fostamatinib,Moderate
DDInter488,Deferasirox,DDInter785,Fostamatinib,Deferasirox,Fostamatinib,Moderate
DDInter489,Deferiprone,DDInter785,Fostamatinib,Deferiprone,Fostamatinib,Major
DDInter492,Deflazacort,DDInter785,Fostamatinib,Deflazacort,Fostamatinib,Moderate
DDInter495,Delafloxacin,DDInter785,Fostamatinib,Delafloxacin,Fostamatinib,Moderate
DDInter496,Delavirdine,DDInter785,Fostamatinib,Delavirdine,Fostamatinib,Major
DDInter504,Desipramine,DDInter785,Fostamatinib,Desipramine,Fostamatinib,Moderate
DDInter519,Dexlansoprazole,DDInter785,Fostamatinib,Dexlansoprazole,Fostamatinib,Moderate
DDInter527,Dextromethorphan,DDInter785,Fostamatinib,Dextromethorphan,Fostamatinib,Moderate
DDInter534,Diazepam,DDInter785,Fostamatinib,Diazepam,Fostamatinib,Moderate
DDInter554,Digoxin,DDInter785,Fostamatinib,Digoxin,Fostamatinib,Moderate
DDInter557,Dihydroergotamine,DDInter785,Fostamatinib,Dihydroergotamine,Fostamatinib,Moderate
DDInter575,Disopyramide,DDInter785,Fostamatinib,Disopyramide,Fostamatinib,Moderate
DDInter578,Docetaxel,DDInter785,Fostamatinib,Docetaxel,Fostamatinib,Moderate
DDInter580,Dofetilide,DDInter785,Fostamatinib,Dofetilide,Fostamatinib,Moderate
DDInter581,Dolasetron,DDInter785,Fostamatinib,Dolasetron,Fostamatinib,Moderate
DDInter583,Donepezil,DDInter785,Fostamatinib,Donepezil,Fostamatinib,Moderate
DDInter595,Doxercalciferol,DDInter785,Fostamatinib,Doxercalciferol,Fostamatinib,Moderate
DDInter596,Doxorubicin,DDInter785,Fostamatinib,Doxorubicin,Fostamatinib,Moderate
DDInter601,Dronabinol,DDInter785,Fostamatinib,Dronabinol,Fostamatinib,Moderate
DDInter602,Dronedarone,DDInter785,Fostamatinib,Dronedarone,Fostamatinib,Moderate
DDInter604,Drospirenone,DDInter785,Fostamatinib,Drospirenone,Fostamatinib,Moderate
DDInter611,Dutasteride,DDInter785,Fostamatinib,Dutasteride,Fostamatinib,Moderate
DDInter621,Edoxaban,DDInter785,Fostamatinib,Edoxaban,Fostamatinib,Moderate
DDInter624,Efavirenz,DDInter785,Fostamatinib,Efavirenz,Fostamatinib,Moderate
DDInter625,Elagolix,DDInter785,Fostamatinib,Elagolix,Fostamatinib,Moderate
DDInter627,Eletriptan,DDInter785,Fostamatinib,Eletriptan,Fostamatinib,Moderate
DDInter629,Eliglustat,DDInter785,Fostamatinib,Eliglustat,Fostamatinib,Moderate
DDInter636,Empagliflozin,DDInter785,Fostamatinib,Empagliflozin,Fostamatinib,Moderate
DDInter1088,Loperamide,DDInter785,Fostamatinib,Fostamatinib,Loperamide,Moderate
DDInter1166,Methadone,DDInter785,Fostamatinib,Fostamatinib,Methadone,Moderate
DDInter631,Eltrombopag,DDInter786,Fostemsavir,Eltrombopag,Fostemsavir,Moderate
DDInter790,Furosemide,DDInter20,Acetylsalicylic acid,Acetylsalicylic acid,Furosemide,Minor
DDInter812,Gemfibrozil,DDInter143,Avatrombopag,Avatrombopag,Gemfibrozil,Moderate
DDInter20,Acetylsalicylic acid,DDInter813,Gemifloxacin,Acetylsalicylic acid,Gemifloxacin,Moderate
DDInter813,Gemifloxacin,DDInter1686,Sodium citrate,Gemifloxacin,Sodium citrate,Moderate
DDInter44,Alfuzosin,DDInter657,Epoprostenol,Alfuzosin,Epoprostenol,Moderate
DDInter44,Alfuzosin,DDInter908,Iloprost,Alfuzosin,Iloprost,Moderate
DDInter44,Alfuzosin,DDInter1115,Magnesium citrate,Alfuzosin,Magnesium citrate,Moderate
DDInter44,Alfuzosin,DDInter1656,Selexipag,Alfuzosin,Selexipag,Moderate
DDInter44,Alfuzosin,DDInter1852,Treprostinil,Alfuzosin,Treprostinil,Moderate
DDInter1459,Phenyltoloxamine,DDInter881,Hyaluronidase,Hyaluronidase,Phenyltoloxamine,Minor
DDInter1497,Potassium chloride,DDInter1459,Phenyltoloxamine,Phenyltoloxamine,Potassium chloride,Major
DDInter542,Dicoumarol,DDInter1299,Nitazoxanide,Dicoumarol,Nitazoxanide,Moderate
DDInter1299,Nitazoxanide,DDInter1951,Warfarin,Nitazoxanide,Warfarin,Moderate
DDInter20,Acetylsalicylic acid,DDInter46,Aliskiren,Acetylsalicylic acid,Aliskiren,Moderate
DDInter470,Dalteparin,DDInter46,Aliskiren,Aliskiren,Dalteparin,Moderate
DDInter471,Danaparoid,DDInter46,Aliskiren,Aliskiren,Danaparoid,Moderate
DDInter645,Enoxaparin,DDInter46,Aliskiren,Aliskiren,Enoxaparin,Moderate
DDInter657,Epoprostenol,DDInter46,Aliskiren,Aliskiren,Epoprostenol,Moderate
DDInter856,Heparin,DDInter46,Aliskiren,Aliskiren,Heparin,Moderate
DDInter908,Iloprost,DDInter46,Aliskiren,Aliskiren,Iloprost,Moderate
DDInter46,Aliskiren,DDInter1495,Potassium acetate,Aliskiren,Potassium acetate,Moderate
DDInter1497,Potassium chloride,DDInter46,Aliskiren,Aliskiren,Potassium chloride,Moderate
DDInter46,Aliskiren,DDInter1656,Selexipag,Aliskiren,Selexipag,Moderate
DDInter1802,Ticagrelor,DDInter46,Aliskiren,Aliskiren,Ticagrelor,Moderate
DDInter1812,Tinzaparin,DDInter46,Aliskiren,Aliskiren,Tinzaparin,Moderate
DDInter1852,Treprostinil,DDInter46,Aliskiren,Aliskiren,Treprostinil,Moderate
DDInter883,Hydrochlorothiazide,DDInter272,Calcium chloride,Calcium chloride,Hydrochlorothiazide,Moderate
DDInter542,Dicoumarol,DDInter883,Hydrochlorothiazide,Dicoumarol,Hydrochlorothiazide,Minor
DDInter883,Hydrochlorothiazide,DDInter657,Epoprostenol,Epoprostenol,Hydrochlorothiazide,Moderate
DDInter883,Hydrochlorothiazide,DDInter908,Iloprost,Hydrochlorothiazide,Iloprost,Moderate
DDInter883,Hydrochlorothiazide,DDInter1115,Magnesium citrate,Hydrochlorothiazide,Magnesium citrate,Moderate
DDInter883,Hydrochlorothiazide,DDInter1656,Selexipag,Hydrochlorothiazide,Selexipag,Moderate
DDInter1852,Treprostinil,DDInter883,Hydrochlorothiazide,Hydrochlorothiazide,Treprostinil,Moderate
DDInter1951,Warfarin,DDInter883,Hydrochlorothiazide,Hydrochlorothiazide,Warfarin,Minor
DDInter343,Cetirizine,DDInter881,Hyaluronidase,Cetirizine,Hyaluronidase,Minor
DDInter542,Dicoumarol,DDInter48,Allopurinol,Allopurinol,Dicoumarol,Moderate
DDInter48,Allopurinol,DDInter1951,Warfarin,Allopurinol,Warfarin,Moderate
DDInter542,Dicoumarol,DDInter1164,Metformin,Dicoumarol,Metformin,Moderate
DDInter1164,Metformin,DDInter1951,Warfarin,Metformin,Warfarin,Moderate
DDInter413,Clopidogrel,DDInter1472,Pioglitazone,Clopidogrel,Pioglitazone,Major
DDInter1472,Pioglitazone,DDInter785,Fostamatinib,Fostamatinib,Pioglitazone,Moderate
DDInter679,Estradiol,DDInter869,Human C1-esterase inhibitor,Estradiol,Human C1-esterase inhibitor,Moderate
DDInter679,Estradiol,DDInter437,Conestat alfa,Conestat alfa,Estradiol,Moderate
DDInter542,Dicoumarol,DDInter679,Estradiol,Dicoumarol,Estradiol,Moderate
DDInter679,Estradiol,DDInter785,Fostamatinib,Estradiol,Fostamatinib,Moderate
DDInter679,Estradiol,DDInter855,Hemin,Estradiol,Hemin,Major
DDInter679,Estradiol,DDInter881,Hyaluronidase,Estradiol,Hyaluronidase,Minor
DDInter679,Estradiol,DDInter1277,Neomycin,Estradiol,Neomycin,Moderate
DDInter1723,Sulfamethizole,DDInter679,Estradiol,Estradiol,Sulfamethizole,Moderate
DDInter1844,Tranexamic acid,DDInter679,Estradiol,Estradiol,Tranexamic acid,Major
DDInter1951,Warfarin,DDInter679,Estradiol,Estradiol,Warfarin,Moderate
DDInter1804,Ticlopidine,DDInter52,Alosetron,Alosetron,Ticlopidine,Moderate
DDInter108,Apixaban,DDInter53,Alpelisib,Alpelisib,Apixaban,Moderate
DDInter53,Alpelisib,DDInter200,Betrixaban,Alpelisib,Betrixaban,Moderate
DDInter621,Edoxaban,DDInter53,Alpelisib,Alpelisib,Edoxaban,Major
DDInter631,Eltrombopag,DDInter53,Alpelisib,Alpelisib,Eltrombopag,Moderate
DDInter53,Alpelisib,DDInter1106,Lusutrombopag,Alpelisib,Lusutrombopag,Moderate
DDInter1609,Rivaroxaban,DDInter53,Alpelisib,Alpelisib,Rivaroxaban,Moderate
DDInter1951,Warfarin,DDInter53,Alpelisib,Alpelisib,Warfarin,Moderate
DDInter54,Alprazolam,DDInter1683,Sodium bicarbonate,Alprazolam,Sodium bicarbonate,Minor
DDInter54,Alprazolam,DDInter1686,Sodium citrate,Alprazolam,Sodium citrate,Minor
DDInter55,Alprostadil,DDInter657,Epoprostenol,Alprostadil,Epoprostenol,Moderate
DDInter55,Alprostadil,DDInter856,Heparin,Alprostadil,Heparin,Moderate
DDInter55,Alprostadil,DDInter908,Iloprost,Alprostadil,Iloprost,Moderate
DDInter55,Alprostadil,DDInter1656,Selexipag,Alprostadil,Selexipag,Moderate
DDInter1852,Treprostinil,DDInter55,Alprostadil,Alprostadil,Treprostinil,Moderate
DDInter56,Alteplase,DDInter770,Fluvoxamine,Alteplase,Fluvoxamine,Moderate
DDInter56,Alteplase,DDInter775,Fondaparinux,Alteplase,Fondaparinux,Major
DDInter56,Alteplase,DDInter781,Fosinopril,Alteplase,Fosinopril,Moderate
DDInter1723,Sulfamethizole,DDInter1780,Tetracaine (ophthalmic),Sulfamethizole,Tetracaine (ophthalmic),Moderate
DDInter56,Alteplase,DDInter70,Aminocaproic acid,Alteplase,Aminocaproic acid,Moderate
DDInter56,Alteplase,DDInter98,Anisindione,Alteplase,Anisindione,Major
DDInter56,Alteplase,DDInter108,Apixaban,Alteplase,Apixaban,Major
DDInter56,Alteplase,DDInter113,Aprotinin,Alteplase,Aprotinin,Moderate
DDInter56,Alteplase,DDInter115,Ardeparin,Alteplase,Ardeparin,Major
DDInter56,Alteplase,DDInter117,Argatroban,Alteplase,Argatroban,Major
DDInter56,Alteplase,DDInter20,Acetylsalicylic acid,Acetylsalicylic acid,Alteplase,Moderate
DDInter56,Alteplase,DDInter142,Avapritinib,Alteplase,Avapritinib,Major
DDInter56,Alteplase,DDInter200,Betrixaban,Alteplase,Betrixaban,Major
DDInter217,Bivalirudin,DDInter56,Alteplase,Alteplase,Bivalirudin,Major
DDInter56,Alteplase,DDInter241,Bromfenac,Alteplase,Bromfenac,Moderate
DDInter56,Alteplase,DDInter242,Bromfenac (ophthalmic),Alteplase,Bromfenac (ophthalmic),Moderate
DDInter56,Alteplase,DDInter869,Human C1-esterase inhibitor,Alteplase,Human C1-esterase inhibitor,Moderate
DDInter56,Alteplase,DDInter262,Cabozantinib,Alteplase,Cabozantinib,Major
DDInter56,Alteplase,DDInter283,Cangrelor,Alteplase,Cangrelor,Major
DDInter56,Alteplase,DDInter286,Caplacizumab,Alteplase,Caplacizumab,Major
DDInter56,Alteplase,DDInter291,Capsicum,Alteplase,Capsicum,Minor
DDInter56,Alteplase,DDInter292,Captopril,Alteplase,Captopril,Moderate
DDInter56,Alteplase,DDInter336,Celecoxib,Alteplase,Celecoxib,Moderate
DDInter56,Alteplase,DDInter347,Chamomile,Alteplase,Chamomile,Minor
DDInter56,Alteplase,DDInter370,Choline salicylate,Alteplase,Choline salicylate,Moderate
DDInter56,Alteplase,DDInter379,Cilostazol,Alteplase,Cilostazol,Moderate
DDInter56,Alteplase,DDInter388,Citalopram,Alteplase,Citalopram,Moderate
DDInter56,Alteplase,DDInter410,Clomipramine,Alteplase,Clomipramine,Moderate
DDInter56,Alteplase,DDInter413,Clopidogrel,Alteplase,Clopidogrel,Moderate
DDInter56,Alteplase,DDInter417,Clove,Alteplase,Clove,Minor
DDInter56,Alteplase,DDInter435,Collagenase clostridium histolyticum,Alteplase,Collagenase clostridium histolyticum,Moderate
DDInter56,Alteplase,DDInter437,Conestat alfa,Alteplase,Conestat alfa,Moderate
DDInter56,Alteplase,DDInter470,Dalteparin,Alteplase,Dalteparin,Major
DDInter56,Alteplase,DDInter471,Danaparoid,Alteplase,Danaparoid,Major
DDInter56,Alteplase,DDInter484,Dasatinib,Alteplase,Dasatinib,Major
DDInter56,Alteplase,DDInter488,Deferasirox,Alteplase,Deferasirox,Major
DDInter56,Alteplase,DDInter491,Defibrotide,Alteplase,Defibrotide,Major
DDInter56,Alteplase,DDInter501,Deoxycholic acid,Alteplase,Deoxycholic acid,Moderate
DDInter56,Alteplase,DDInter505,Desirudin,Alteplase,Desirudin,Major
DDInter56,Alteplase,DDInter511,Desvenlafaxine,Alteplase,Desvenlafaxine,Moderate
DDInter56,Alteplase,DDInter518,Dexfenfluramine,Alteplase,Dexfenfluramine,Moderate
DDInter56,Alteplase,DDInter537,Diclofenac,Alteplase,Diclofenac,Moderate
DDInter56,Alteplase,DDInter538,Diclofenac (ophthalmic),Alteplase,Diclofenac (ophthalmic),Moderate
DDInter56,Alteplase,DDInter539,Diclofenac (topical),Alteplase,Diclofenac (topical),Moderate
DDInter56,Alteplase,DDInter542,Dicoumarol,Alteplase,Dicoumarol,Major
DDInter56,Alteplase,DDInter551,Diflunisal,Alteplase,Diflunisal,Moderate
DDInter56,Alteplase,DDInter573,Dipyridamole,Alteplase,Dipyridamole,Moderate
DDInter56,Alteplase,DDInter605,Drotrecogin alfa,Alteplase,Drotrecogin alfa,Major
DDInter56,Alteplase,DDInter608,Duloxetine,Alteplase,Duloxetine,Moderate
DDInter56,Alteplase,DDInter621,Edoxaban,Alteplase,Edoxaban,Major
DDInter56,Alteplase,DDInter638,Enalapril,Alteplase,Enalapril,Moderate
DDInter56,Alteplase,DDInter645,Enoxaparin,Alteplase,Enoxaparin,Major
DDInter56,Alteplase,DDInter657,Epoprostenol,Alteplase,Epoprostenol,Moderate
DDInter56,Alteplase,DDInter659,Eptifibatide,Alteplase,Eptifibatide,Major
DDInter56,Alteplase,DDInter672,Escitalopram,Alteplase,Escitalopram,Moderate
DDInter56,Alteplase,DDInter699,Etodolac,Alteplase,Etodolac,Moderate
DDInter56,Alteplase,DDInter717,Fenfluramine,Alteplase,Fenfluramine,Moderate
DDInter56,Alteplase,DDInter721,Fenoprofen,Alteplase,Fenoprofen,Moderate
DDInter56,Alteplase,DDInter758,Fluoxetine,Alteplase,Fluoxetine,Moderate
DDInter56,Alteplase,DDInter763,Flurbiprofen,Alteplase,Flurbiprofen,Moderate
DDInter56,Alteplase,DDInter764,Flurbiprofen (ophthalmic),Alteplase,Flurbiprofen (ophthalmic),Moderate
DDInter56,Alteplase,DDInter808,Garlic,Alteplase,Garlic,Moderate
DDInter56,Alteplase,DDInter818,Ginger,Alteplase,Ginger,Moderate
DDInter56,Alteplase,DDInter819,Ginkgo biloba,Alteplase,Ginkgo biloba,Moderate
DDInter56,Alteplase,DDInter820,Ginseng,Alteplase,Ginseng,Moderate
DDInter56,Alteplase,DDInter855,Hemin,Alteplase,Hemin,Moderate
DDInter56,Alteplase,DDInter856,Heparin,Alteplase,Heparin,Major
DDInter56,Alteplase,DDInter898,Ibritumomab tiuxetan,Alteplase,Ibritumomab tiuxetan,Major
DDInter56,Alteplase,DDInter899,Ibrutinib,Alteplase,Ibrutinib,Major
DDInter56,Alteplase,DDInter903,Icosapent,Alteplase,Icosapent,Moderate
DDInter56,Alteplase,DDInter908,Iloprost,Alteplase,Iloprost,Moderate
DDInter56,Alteplase,DDInter921,Indomethacin,Alteplase,Indomethacin,Moderate
DDInter56,Alteplase,DDInter926,Inotersen,Alteplase,Inotersen,Major
DDInter56,Alteplase,DDInter1839,Tositumomab (I-131),Alteplase,Tositumomab (I-131),Major
DDInter56,Alteplase,DDInter989,Isosorbide dinitrate,Alteplase,Isosorbide dinitrate,Moderate
DDInter56,Alteplase,DDInter990,Isosorbide mononitrate,Alteplase,Isosorbide mononitrate,Moderate
DDInter56,Alteplase,DDInter1009,Ketoprofen,Alteplase,Ketoprofen,Moderate
DDInter1037,Lepirudin,DDInter56,Alteplase,Alteplase,Lepirudin,Major
DDInter56,Alteplase,DDInter1059,Levomilnacipran,Alteplase,Levomilnacipran,Moderate
DDInter56,Alteplase,DDInter1079,Lisinopril,Alteplase,Lisinopril,Moderate
DDInter56,Alteplase,DDInter1135,Meclofenamic acid,Alteplase,Meclofenamic acid,Moderate
DDInter56,Alteplase,DDInter1139,Mefenamic acid,Alteplase,Mefenamic acid,Moderate
DDInter56,Alteplase,DDInter1143,Meloxicam,Alteplase,Meloxicam,Moderate
DDInter56,Alteplase,DDInter1220,Milnacipran,Alteplase,Milnacipran,Moderate
DDInter56,Alteplase,DDInter1237,Moexipril,Alteplase,Moexipril,Moderate
DDInter56,Alteplase,DDInter1254,Nabumetone,Alteplase,Nabumetone,Moderate
DDInter56,Alteplase,DDInter1266,Naproxen,Alteplase,Naproxen,Moderate
DDInter56,Alteplase,DDInter1280,Nepafenac (ophthalmic),Alteplase,Nepafenac (ophthalmic),Moderate
DDInter56,Alteplase,DDInter1296,Nintedanib,Alteplase,Nintedanib,Moderate
DDInter56,Alteplase,DDInter1297,Niraparib,Alteplase,Niraparib,Moderate
DDInter56,Alteplase,DDInter1304,Nitroglycerin,Alteplase,Nitroglycerin,Moderate
DDInter56,Alteplase,DDInter1335,Omacetaxine mepesuccinate,Alteplase,Omacetaxine mepesuccinate,Major
DDInter56,Alteplase,DDInter1339,Omega-3 fatty acids,Alteplase,Omega-3 fatty acids,Moderate
DDInter56,Alteplase,DDInter1358,Oxaprozin,Alteplase,Oxaprozin,Moderate
DDInter56,Alteplase,DDInter1387,Panobinostat,Alteplase,Panobinostat,Major
DDInter56,Alteplase,DDInter1397,Paroxetine,Alteplase,Paroxetine,Moderate
DDInter56,Alteplase,DDInter1424,Pentosan polysulfate,Alteplase,Pentosan polysulfate,Moderate
DDInter56,Alteplase,DDInter1426,Pentoxifylline,Alteplase,Pentoxifylline,Moderate
DDInter56,Alteplase,DDInter1431,Perindopril,Alteplase,Perindopril,Moderate
DDInter56,Alteplase,DDInter1451,Phenylbutazone,Alteplase,Phenylbutazone,Moderate
DDInter56,Alteplase,DDInter1478,Piroxicam,Alteplase,Piroxicam,Moderate
DDInter56,Alteplase,DDInter1492,Ponatinib,Alteplase,Ponatinib,Major
DDInter56,Alteplase,DDInter1508,Prasugrel,Alteplase,Prasugrel,Major
DDInter56,Alteplase,DDInter1542,Protein C,Alteplase,Protein C,Moderate
DDInter56,Alteplase,DDInter1554,Quinapril,Alteplase,Quinapril,Moderate
DDInter56,Alteplase,DDInter1565,Ramipril,Alteplase,Ramipril,Moderate
DDInter56,Alteplase,DDInter1566,Ramucirumab,Alteplase,Ramucirumab,Major
DDInter56,Alteplase,DDInter1576,Regorafenib,Alteplase,Regorafenib,Major
DDInter56,Alteplase,DDInter1609,Rivaroxaban,Alteplase,Rivaroxaban,Major
DDInter56,Alteplase,DDInter1613,Rofecoxib,Alteplase,Rofecoxib,Moderate
DDInter56,Alteplase,DDInter1637,Salsalate,Alteplase,Salsalate,Moderate
DDInter56,Alteplase,DDInter1662,Sertraline,Alteplase,Sertraline,Moderate
DDInter56,Alteplase,DDInter1665,Sibutramine,Alteplase,Sibutramine,Moderate
DDInter56,Alteplase,DDInter1633,Salicylic acid (sodium),Alteplase,Salicylic acid (sodium),Moderate
DDInter56,Alteplase,DDInter1726,Sulfinpyrazone,Alteplase,Sulfinpyrazone,Moderate
DDInter56,Alteplase,DDInter1729,Sulindac,Alteplase,Sulindac,Moderate
DDInter56,Alteplase,DDInter1732,Suprofen (ophthalmic),Alteplase,Suprofen (ophthalmic),Moderate
DDInter56,Alteplase,DDInter1802,Ticagrelor,Alteplase,Ticagrelor,Moderate
DDInter56,Alteplase,DDInter1804,Ticlopidine,Alteplase,Ticlopidine,Moderate
DDInter56,Alteplase,DDInter1812,Tinzaparin,Alteplase,Tinzaparin,Major
DDInter56,Alteplase,DDInter1817,Tipranavir,Alteplase,Tipranavir,Major
DDInter56,Alteplase,DDInter1818,Tirofiban,Alteplase,Tirofiban,Major
DDInter56,Alteplase,DDInter1831,Tolmetin,Alteplase,Tolmetin,Moderate
DDInter56,Alteplase,DDInter1838,Tositumomab,Alteplase,Tositumomab,Major
DDInter56,Alteplase,DDInter1843,Trandolapril,Alteplase,Trandolapril,Moderate
DDInter56,Alteplase,DDInter1844,Tranexamic acid,Alteplase,Tranexamic acid,Moderate
DDInter56,Alteplase,DDInter1852,Treprostinil,Alteplase,Treprostinil,Moderate
DDInter56,Alteplase,DDInter1892,Turmeric,Alteplase,Turmeric,Minor
DDInter56,Alteplase,DDInter1910,Valdecoxib,Alteplase,Valdecoxib,Moderate
DDInter56,Alteplase,DDInter1927,Venlafaxine,Alteplase,Venlafaxine,Moderate
DDInter56,Alteplase,DDInter1935,Vilazodone,Alteplase,Vilazodone,Moderate
DDInter56,Alteplase,DDInter1945,Vorapaxar,Alteplase,Vorapaxar,Major
DDInter56,Alteplase,DDInter1948,Vortioxetine,Alteplase,Vortioxetine,Moderate
DDInter56,Alteplase,DDInter1951,Warfarin,Alteplase,Warfarin,Major
DDInter56,Alteplase,DDInter1959,Zanubrutinib,Alteplase,Zanubrutinib,Major
DDInter99,Anistreplase,DDInter539,Diclofenac (topical),Anistreplase,Diclofenac (topical),Moderate
DDInter539,Diclofenac (topical),DDInter105,Antithrombin III human,Antithrombin III human,Diclofenac (topical),Moderate
DDInter539,Diclofenac (topical),DDInter108,Apixaban,Apixaban,Diclofenac (topical),Moderate
DDInter117,Argatroban,DDInter539,Diclofenac (topical),Argatroban,Diclofenac (topical),Moderate
DDInter539,Diclofenac (topical),DDInter20,Acetylsalicylic acid,Acetylsalicylic acid,Diclofenac (topical),Moderate
DDInter539,Diclofenac (topical),DDInter200,Betrixaban,Betrixaban,Diclofenac (topical),Moderate
DDInter217,Bivalirudin,DDInter539,Diclofenac (topical),Bivalirudin,Diclofenac (topical),Moderate
DDInter539,Diclofenac (topical),DDInter283,Cangrelor,Cangrelor,Diclofenac (topical),Moderate
DDInter539,Diclofenac (topical),DDInter286,Caplacizumab,Caplacizumab,Diclofenac (topical),Moderate
DDInter539,Diclofenac (topical),DDInter379,Cilostazol,Cilostazol,Diclofenac (topical),Moderate
DDInter539,Diclofenac (topical),DDInter413,Clopidogrel,Clopidogrel,Diclofenac (topical),Moderate
DDInter539,Diclofenac (topical),DDInter470,Dalteparin,Dalteparin,Diclofenac (topical),Moderate
DDInter539,Diclofenac (topical),DDInter471,Danaparoid,Danaparoid,Diclofenac (topical),Moderate
DDInter539,Diclofenac (topical),DDInter491,Defibrotide,Defibrotide,Diclofenac (topical),Moderate
DDInter539,Diclofenac (topical),DDInter505,Desirudin,Desirudin,Diclofenac (topical),Moderate
DDInter542,Dicoumarol,DDInter539,Diclofenac (topical),Diclofenac (topical),Dicoumarol,Moderate
DDInter539,Diclofenac (topical),DDInter573,Dipyridamole,Diclofenac (topical),Dipyridamole,Moderate
DDInter605,Drotrecogin alfa,DDInter539,Diclofenac (topical),Diclofenac (topical),Drotrecogin alfa,Moderate
DDInter539,Diclofenac (topical),DDInter621,Edoxaban,Diclofenac (topical),Edoxaban,Moderate
DDInter539,Diclofenac (topical),DDInter645,Enoxaparin,Diclofenac (topical),Enoxaparin,Moderate
DDInter539,Diclofenac (topical),DDInter657,Epoprostenol,Diclofenac (topical),Epoprostenol,Moderate
DDInter659,Eptifibatide,DDInter539,Diclofenac (topical),Diclofenac (topical),Eptifibatide,Moderate
DDInter539,Diclofenac (topical),DDInter856,Heparin,Diclofenac (topical),Heparin,Moderate
DDInter539,Diclofenac (topical),DDInter908,Iloprost,Diclofenac (topical),Iloprost,Moderate
DDInter1037,Lepirudin,DDInter539,Diclofenac (topical),Diclofenac (topical),Lepirudin,Moderate
DDInter539,Diclofenac (topical),DDInter1508,Prasugrel,Diclofenac (topical),Prasugrel,Moderate
DDInter1585,Reteplase,DDInter539,Diclofenac (topical),Diclofenac (topical),Reteplase,Moderate
DDInter539,Diclofenac (topical),DDInter1609,Rivaroxaban,Diclofenac (topical),Rivaroxaban,Moderate
DDInter1712,Streptokinase,DDInter539,Diclofenac (topical),Diclofenac (topical),Streptokinase,Moderate
DDInter1764,Tenecteplase,DDInter539,Diclofenac (topical),Diclofenac (topical),Tenecteplase,Moderate
DDInter539,Diclofenac (topical),DDInter1802,Ticagrelor,Diclofenac (topical),Ticagrelor,Moderate
DDInter1804,Ticlopidine,DDInter539,Diclofenac (topical),Diclofenac (topical),Ticlopidine,Moderate
DDInter539,Diclofenac (topical),DDInter1812,Tinzaparin,Diclofenac (topical),Tinzaparin,Moderate
DDInter539,Diclofenac (topical),DDInter1818,Tirofiban,Diclofenac (topical),Tirofiban,Moderate
DDInter1852,Treprostinil,DDInter539,Diclofenac (topical),Diclofenac (topical),Treprostinil,Moderate
DDInter1905,Urokinase,DDInter539,Diclofenac (topical),Diclofenac (topical),Urokinase,Moderate
DDInter539,Diclofenac (topical),DDInter1945,Vorapaxar,Diclofenac (topical),Vorapaxar,Moderate
DDInter539,Diclofenac (topical),DDInter1951,Warfarin,Diclofenac (topical),Warfarin,Moderate
DDInter1068,Lidocaine (topical),DDInter1723,Sulfamethizole,Lidocaine (topical),Sulfamethizole,Moderate
DDInter85,Amphotericin B,DDInter1277,Neomycin,Amphotericin B,Neomycin,Moderate
DDInter65,Amifostine,DDInter657,Epoprostenol,Amifostine,Epoprostenol,Moderate
DDInter908,Iloprost,DDInter65,Amifostine,Amifostine,Iloprost,Moderate
DDInter1123,Mannitol,DDInter65,Amifostine,Amifostine,Mannitol,Moderate
DDInter65,Amifostine,DDInter1656,Selexipag,Amifostine,Selexipag,Moderate
DDInter1852,Treprostinil,DDInter65,Amifostine,Amifostine,Treprostinil,Moderate
DDInter66,Amikacin,DDInter20,Acetylsalicylic acid,Acetylsalicylic acid,Amikacin,Moderate
DDInter66,Amikacin,DDInter1120,Magnesium sulfate,Amikacin,Magnesium sulfate,Major
DDInter66,Amikacin,DDInter1123,Mannitol,Amikacin,Mannitol,Major
DDInter66,Amikacin,DDInter1277,Neomycin,Amikacin,Neomycin,Moderate
DDInter66,Amikacin,DDInter1278,Neomycin (topical),Amikacin,Neomycin (topical),Moderate
DDInter68,Amiloride,DDInter470,Dalteparin,Amiloride,Dalteparin,Moderate
DDInter68,Amiloride,DDInter471,Danaparoid,Amiloride,Danaparoid,Moderate
DDInter68,Amiloride,DDInter645,Enoxaparin,Amiloride,Enoxaparin,Moderate
DDInter68,Amiloride,DDInter657,Epoprostenol,Amiloride,Epoprostenol,Moderate
DDInter68,Amiloride,DDInter856,Heparin,Amiloride,Heparin,Moderate
DDInter68,Amiloride,DDInter908,Iloprost,Amiloride,Iloprost,Moderate
DDInter68,Amiloride,DDInter1115,Magnesium citrate,Amiloride,Magnesium citrate,Moderate
DDInter68,Amiloride,DDInter1495,Potassium acetate,Amiloride,Potassium acetate,Major
DDInter68,Amiloride,DDInter1497,Potassium chloride,Amiloride,Potassium chloride,Major
DDInter68,Amiloride,DDInter1656,Selexipag,Amiloride,Selexipag,Moderate
DDInter68,Amiloride,DDInter1812,Tinzaparin,Amiloride,Tinzaparin,Moderate
DDInter1852,Treprostinil,DDInter68,Amiloride,Amiloride,Treprostinil,Moderate
DDInter99,Anistreplase,DDInter70,Aminocaproic acid,Aminocaproic acid,Anistreplase,Moderate
DDInter70,Aminocaproic acid,DDInter101,Anti-inhibitor coagulant complex,Aminocaproic acid,Anti-inhibitor coagulant complex,Major
DDInter70,Aminocaproic acid,DDInter299,Carfilzomib,Aminocaproic acid,Carfilzomib,Major
DDInter70,Aminocaproic acid,DDInter709,Factor IX Complex (Human),Aminocaproic acid,Factor IX Complex (Human),Major
DDInter1585,Reteplase,DDInter70,Aminocaproic acid,Aminocaproic acid,Reteplase,Moderate
DDInter1712,Streptokinase,DDInter70,Aminocaproic acid,Aminocaproic acid,Streptokinase,Moderate
DDInter1764,Tenecteplase,DDInter70,Aminocaproic acid,Aminocaproic acid,Tenecteplase,Moderate
DDInter70,Aminocaproic acid,DDInter1802,Ticagrelor,Aminocaproic acid,Ticagrelor,Minor
DDInter70,Aminocaproic acid,DDInter1853,Tretinoin,Aminocaproic acid,Tretinoin,Major
DDInter1905,Urokinase,DDInter70,Aminocaproic acid,Aminocaproic acid,Urokinase,Moderate
DDInter1723,Sulfamethizole,DDInter73,Aminolevulinic acid (topical),Aminolevulinic acid (topical),Sulfamethizole,Moderate
DDInter451,Cyanocobalamin,DDInter75,Aminosalicylic acid,Aminosalicylic acid,Cyanocobalamin,Minor
DDInter76,Amiodarone,DDInter108,Apixaban,Amiodarone,Apixaban,Moderate
DDInter76,Amiodarone,DDInter200,Betrixaban,Amiodarone,Betrixaban,Major
DDInter76,Amiodarone,DDInter379,Cilostazol,Amiodarone,Cilostazol,Moderate
DDInter413,Clopidogrel,DDInter76,Amiodarone,Amiodarone,Clopidogrel,Moderate
DDInter542,Dicoumarol,DDInter76,Amiodarone,Amiodarone,Dicoumarol,Major
DDInter76,Amiodarone,DDInter621,Edoxaban,Amiodarone,Edoxaban,Major
DDInter76,Amiodarone,DDInter1106,Lusutrombopag,Amiodarone,Lusutrombopag,Moderate
DDInter76,Amiodarone,DDInter1115,Magnesium citrate,Amiodarone,Magnesium citrate,Moderate
DDInter76,Amiodarone,DDInter1609,Rivaroxaban,Amiodarone,Rivaroxaban,Moderate
DDInter76,Amiodarone,DDInter1802,Ticagrelor,Amiodarone,Ticagrelor,Moderate
DDInter1951,Warfarin,DDInter76,Amiodarone,Amiodarone,Warfarin,Major
DDInter77,Amisulpride,DDInter1115,Magnesium citrate,Amisulpride,Magnesium citrate,Moderate
DDInter78,Amitriptyline,DDInter80,Ammonium chloride,Amitriptyline,Ammonium chloride,Minor
DDInter542,Dicoumarol,DDInter78,Amitriptyline,Amitriptyline,Dicoumarol,Moderate
DDInter78,Amitriptyline,DDInter1497,Potassium chloride,Amitriptyline,Potassium chloride,Major
DDInter78,Amitriptyline,DDInter1951,Warfarin,Amitriptyline,Warfarin,Moderate
DDInter79,Amlodipine,DDInter108,Apixaban,Amlodipine,Apixaban,Moderate
DDInter79,Amlodipine,DDInter20,Acetylsalicylic acid,Acetylsalicylic acid,Amlodipine,Moderate
DDInter79,Amlodipine,DDInter272,Calcium chloride,Amlodipine,Calcium chloride,Moderate
DDInter79,Amlodipine,DDInter379,Cilostazol,Amlodipine,Cilostazol,Moderate
DDInter79,Amlodipine,DDInter657,Epoprostenol,Amlodipine,Epoprostenol,Moderate
DDInter79,Amlodipine,DDInter908,Iloprost,Amlodipine,Iloprost,Moderate
DDInter79,Amlodipine,DDInter1120,Magnesium sulfate,Amlodipine,Magnesium sulfate,Moderate
DDInter79,Amlodipine,DDInter1656,Selexipag,Amlodipine,Selexipag,Moderate
DDInter79,Amlodipine,DDInter1802,Ticagrelor,Amlodipine,Ticagrelor,Minor
DDInter1852,Treprostinil,DDInter79,Amlodipine,Amlodipine,Treprostinil,Moderate
DDInter177,Benazepril,DDInter470,Dalteparin,Benazepril,Dalteparin,Moderate
DDInter177,Benazepril,DDInter645,Enoxaparin,Benazepril,Enoxaparin,Moderate
DDInter671,Erythropoietin,DDInter177,Benazepril,Benazepril,Erythropoietin,Minor
DDInter177,Benazepril,DDInter657,Epoprostenol,Benazepril,Epoprostenol,Moderate
DDInter177,Benazepril,DDInter856,Heparin,Benazepril,Heparin,Moderate
DDInter177,Benazepril,DDInter902,Icatibant,Benazepril,Icatibant,Moderate
DDInter177,Benazepril,DDInter978,Iron sucrose,Benazepril,Iron sucrose,Moderate
DDInter177,Benazepril,DDInter1123,Mannitol,Benazepril,Mannitol,Moderate
DDInter177,Benazepril,DDInter1495,Potassium acetate,Benazepril,Potassium acetate,Major
DDInter177,Benazepril,DDInter1497,Potassium chloride,Benazepril,Potassium chloride,Major
DDInter177,Benazepril,DDInter1656,Selexipag,Benazepril,Selexipag,Moderate
DDInter177,Benazepril,DDInter1683,Sodium bicarbonate,Benazepril,Sodium bicarbonate,Minor
DDInter177,Benazepril,DDInter1812,Tinzaparin,Benazepril,Tinzaparin,Moderate
DDInter1852,Treprostinil,DDInter177,Benazepril,Benazepril,Treprostinil,Moderate
DDInter99,Anistreplase,DDInter336,Celecoxib,Anistreplase,Celecoxib,Moderate
DDInter336,Celecoxib,DDInter105,Antithrombin III human,Antithrombin III human,Celecoxib,Moderate
DDInter117,Argatroban,DDInter336,Celecoxib,Argatroban,Celecoxib,Moderate
DDInter336,Celecoxib,DDInter200,Betrixaban,Betrixaban,Celecoxib,Moderate
DDInter217,Bivalirudin,DDInter336,Celecoxib,Bivalirudin,Celecoxib,Moderate
DDInter336,Celecoxib,DDInter283,Cangrelor,Cangrelor,Celecoxib,Moderate
DDInter336,Celecoxib,DDInter286,Caplacizumab,Caplacizumab,Celecoxib,Moderate
DDInter336,Celecoxib,DDInter379,Cilostazol,Celecoxib,Cilostazol,Moderate
DDInter336,Celecoxib,DDInter413,Clopidogrel,Celecoxib,Clopidogrel,Moderate
DDInter336,Celecoxib,DDInter470,Dalteparin,Celecoxib,Dalteparin,Moderate
DDInter336,Celecoxib,DDInter471,Danaparoid,Celecoxib,Danaparoid,Moderate
DDInter336,Celecoxib,DDInter491,Defibrotide,Celecoxib,Defibrotide,Moderate
DDInter542,Dicoumarol,DDInter336,Celecoxib,Celecoxib,Dicoumarol,Moderate
DDInter336,Celecoxib,DDInter573,Dipyridamole,Celecoxib,Dipyridamole,Moderate
DDInter336,Celecoxib,DDInter621,Edoxaban,Celecoxib,Edoxaban,Moderate
DDInter336,Celecoxib,DDInter645,Enoxaparin,Celecoxib,Enoxaparin,Moderate
DDInter659,Eptifibatide,DDInter336,Celecoxib,Celecoxib,Eptifibatide,Moderate
DDInter336,Celecoxib,DDInter856,Heparin,Celecoxib,Heparin,Moderate
DDInter1037,Lepirudin,DDInter336,Celecoxib,Celecoxib,Lepirudin,Moderate
DDInter336,Celecoxib,DDInter1508,Prasugrel,Celecoxib,Prasugrel,Moderate
DDInter336,Celecoxib,DDInter1542,Protein C,Celecoxib,Protein C,Moderate
DDInter1585,Reteplase,DDInter336,Celecoxib,Celecoxib,Reteplase,Moderate
DDInter336,Celecoxib,DDInter1609,Rivaroxaban,Celecoxib,Rivaroxaban,Moderate
DDInter1712,Streptokinase,DDInter336,Celecoxib,Celecoxib,Streptokinase,Moderate
DDInter336,Celecoxib,DDInter1723,Sulfamethizole,Celecoxib,Sulfamethizole,Moderate
DDInter1764,Tenecteplase,DDInter336,Celecoxib,Celecoxib,Tenecteplase,Moderate
DDInter336,Celecoxib,DDInter1802,Ticagrelor,Celecoxib,Ticagrelor,Moderate
DDInter1804,Ticlopidine,DDInter336,Celecoxib,Celecoxib,Ticlopidine,Moderate
DDInter336,Celecoxib,DDInter1812,Tinzaparin,Celecoxib,Tinzaparin,Moderate
DDInter336,Celecoxib,DDInter1818,Tirofiban,Celecoxib,Tirofiban,Moderate
DDInter1905,Urokinase,DDInter336,Celecoxib,Celecoxib,Urokinase,Moderate
DDInter336,Celecoxib,DDInter1945,Vorapaxar,Celecoxib,Vorapaxar,Moderate
DDInter336,Celecoxib,DDInter1951,Warfarin,Celecoxib,Warfarin,Moderate
DDInter1330,Olmesartan,DDInter470,Dalteparin,Dalteparin,Olmesartan,Moderate
DDInter1330,Olmesartan,DDInter631,Eltrombopag,Eltrombopag,Olmesartan,Moderate
DDInter1330,Olmesartan,DDInter645,Enoxaparin,Enoxaparin,Olmesartan,Moderate
DDInter1330,Olmesartan,DDInter856,Heparin,Heparin,Olmesartan,Moderate
DDInter1330,Olmesartan,DDInter1495,Potassium acetate,Olmesartan,Potassium acetate,Major
DDInter1330,Olmesartan,DDInter1497,Potassium chloride,Olmesartan,Potassium chloride,Major
DDInter1330,Olmesartan,DDInter1812,Tinzaparin,Olmesartan,Tinzaparin,Moderate
DDInter1915,Valsartan,DDInter470,Dalteparin,Dalteparin,Valsartan,Moderate
DDInter1915,Valsartan,DDInter631,Eltrombopag,Eltrombopag,Valsartan,Moderate
DDInter1915,Valsartan,DDInter645,Enoxaparin,Enoxaparin,Valsartan,Moderate
DDInter1915,Valsartan,DDInter856,Heparin,Heparin,Valsartan,Moderate
DDInter1915,Valsartan,DDInter1495,Potassium acetate,Potassium acetate,Valsartan,Major
DDInter1915,Valsartan,DDInter1497,Potassium chloride,Potassium chloride,Valsartan,Major
DDInter1915,Valsartan,DDInter1656,Selexipag,Selexipag,Valsartan,Moderate
DDInter1915,Valsartan,DDInter1812,Tinzaparin,Tinzaparin,Valsartan,Moderate
DDInter81,Amobarbital,DDInter108,Apixaban,Amobarbital,Apixaban,Moderate
DDInter542,Dicoumarol,DDInter81,Amobarbital,Amobarbital,Dicoumarol,Major
DDInter81,Amobarbital,DDInter855,Hemin,Amobarbital,Hemin,Major
DDInter81,Amobarbital,DDInter1609,Rivaroxaban,Amobarbital,Rivaroxaban,Moderate
DDInter81,Amobarbital,DDInter1802,Ticagrelor,Amobarbital,Ticagrelor,Moderate
DDInter1951,Warfarin,DDInter81,Amobarbital,Amobarbital,Warfarin,Major
DDInter542,Dicoumarol,DDInter83,Amoxicillin,Amoxicillin,Dicoumarol,Moderate
DDInter1951,Warfarin,DDInter83,Amoxicillin,Amoxicillin,Warfarin,Moderate
DDInter84,Amphetamine,DDInter80,Ammonium chloride,Ammonium chloride,Amphetamine,Moderate
DDInter84,Amphetamine,DDInter1681,Sodium acetate,Amphetamine,Sodium acetate,Moderate
DDInter84,Amphetamine,DDInter1683,Sodium bicarbonate,Amphetamine,Sodium bicarbonate,Moderate
DDInter526,Dextroamphetamine,DDInter1686,Sodium citrate,Dextroamphetamine,Sodium citrate,Moderate
DDInter84,Amphetamine,DDInter1883,Tromethamine,Amphetamine,Tromethamine,Moderate
DDInter84,Amphetamine,DDInter1686,Sodium citrate,Amphetamine,Sodium citrate,Moderate
DDInter87,Amphotericin B (lipid complex),DDInter1277,Neomycin,Amphotericin B (lipid complex),Neomycin,Moderate
DDInter542,Dicoumarol,DDInter89,Ampicillin,Ampicillin,Dicoumarol,Moderate
DDInter89,Ampicillin,DDInter856,Heparin,Ampicillin,Heparin,Minor
DDInter89,Ampicillin,DDInter1951,Warfarin,Ampicillin,Warfarin,Moderate
DDInter93,Anagrelide,DDInter108,Apixaban,Anagrelide,Apixaban,Major
DDInter93,Anagrelide,DDInter117,Argatroban,Anagrelide,Argatroban,Major
DDInter93,Anagrelide,DDInter20,Acetylsalicylic acid,Acetylsalicylic acid,Anagrelide,Moderate
DDInter93,Anagrelide,DDInter200,Betrixaban,Anagrelide,Betrixaban,Major
DDInter217,Bivalirudin,DDInter93,Anagrelide,Anagrelide,Bivalirudin,Major
DDInter93,Anagrelide,DDInter286,Caplacizumab,Anagrelide,Caplacizumab,Major
DDInter93,Anagrelide,DDInter379,Cilostazol,Anagrelide,Cilostazol,Moderate
DDInter93,Anagrelide,DDInter470,Dalteparin,Anagrelide,Dalteparin,Major
DDInter93,Anagrelide,DDInter471,Danaparoid,Anagrelide,Danaparoid,Major
DDInter93,Anagrelide,DDInter491,Defibrotide,Anagrelide,Defibrotide,Major
DDInter93,Anagrelide,DDInter505,Desirudin,Anagrelide,Desirudin,Major
DDInter605,Drotrecogin alfa,DDInter93,Anagrelide,Anagrelide,Drotrecogin alfa,Major
DDInter93,Anagrelide,DDInter621,Edoxaban,Anagrelide,Edoxaban,Major
DDInter93,Anagrelide,DDInter645,Enoxaparin,Anagrelide,Enoxaparin,Major
DDInter93,Anagrelide,DDInter657,Epoprostenol,Anagrelide,Epoprostenol,Moderate
DDInter659,Eptifibatide,DDInter93,Anagrelide,Anagrelide,Eptifibatide,Major
DDInter93,Anagrelide,DDInter855,Hemin,Anagrelide,Hemin,Moderate
DDInter93,Anagrelide,DDInter908,Iloprost,Anagrelide,Iloprost,Moderate
DDInter1037,Lepirudin,DDInter93,Anagrelide,Anagrelide,Lepirudin,Major
DDInter93,Anagrelide,DDInter1115,Magnesium citrate,Anagrelide,Magnesium citrate,Moderate
DDInter93,Anagrelide,DDInter1508,Prasugrel,Anagrelide,Prasugrel,Major
DDInter93,Anagrelide,DDInter1609,Rivaroxaban,Anagrelide,Rivaroxaban,Major
DDInter93,Anagrelide,DDInter1802,Ticagrelor,Anagrelide,Ticagrelor,Moderate
DDInter1804,Ticlopidine,DDInter93,Anagrelide,Anagrelide,Ticlopidine,Moderate
DDInter93,Anagrelide,DDInter1812,Tinzaparin,Anagrelide,Tinzaparin,Major
DDInter93,Anagrelide,DDInter1818,Tirofiban,Anagrelide,Tirofiban,Major
DDInter93,Anagrelide,DDInter1852,Treprostinil,Anagrelide,Treprostinil,Moderate
DDInter93,Anagrelide,DDInter1945,Vorapaxar,Anagrelide,Vorapaxar,Major
DDInter94,Anakinra,DDInter108,Apixaban,Anakinra,Apixaban,Moderate
DDInter94,Anakinra,DDInter542,Dicoumarol,Anakinra,Dicoumarol,Moderate
DDInter94,Anakinra,DDInter1609,Rivaroxaban,Anakinra,Rivaroxaban,Moderate
DDInter94,Anakinra,DDInter1951,Warfarin,Anakinra,Warfarin,Moderate
DDInter94,Anakinra,DDInter1964,Zinc chloride,Anakinra,Zinc chloride,Minor
DDInter896,Hyoscyamine,DDInter1497,Potassium chloride,Hyoscyamine,Potassium chloride,Major
DDInter1775,Testosterone,DDInter869,Human C1-esterase inhibitor,Human C1-esterase inhibitor,Testosterone,Moderate
DDInter1775,Testosterone,DDInter437,Conestat alfa,Conestat alfa,Testosterone,Moderate
DDInter542,Dicoumarol,DDInter1775,Testosterone,Dicoumarol,Testosterone,Major
DDInter1775,Testosterone,DDInter785,Fostamatinib,Fostamatinib,Testosterone,Moderate
DDInter1775,Testosterone,DDInter1106,Lusutrombopag,Lusutrombopag,Testosterone,Moderate
DDInter1775,Testosterone,DDInter1951,Warfarin,Testosterone,Warfarin,Major
DDInter1538,Propofol,DDInter1115,Magnesium citrate,Magnesium citrate,Propofol,Moderate
DDInter1538,Propofol,DDInter1508,Prasugrel,Prasugrel,Propofol,Minor
DDInter99,Anistreplase,DDInter1339,Omega-3 fatty acids,Anistreplase,Omega-3 fatty acids,Moderate
DDInter1339,Omega-3 fatty acids,DDInter105,Antithrombin III human,Antithrombin III human,Omega-3 fatty acids,Moderate
DDInter108,Apixaban,DDInter1339,Omega-3 fatty acids,Apixaban,Omega-3 fatty acids,Moderate
DDInter117,Argatroban,DDInter1339,Omega-3 fatty acids,Argatroban,Omega-3 fatty acids,Moderate
DDInter20,Acetylsalicylic acid,DDInter1339,Omega-3 fatty acids,Acetylsalicylic acid,Omega-3 fatty acids,Moderate
DDInter1339,Omega-3 fatty acids,DDInter200,Betrixaban,Betrixaban,Omega-3 fatty acids,Moderate
DDInter217,Bivalirudin,DDInter1339,Omega-3 fatty acids,Bivalirudin,Omega-3 fatty acids,Moderate
DDInter283,Cangrelor,DDInter1339,Omega-3 fatty acids,Cangrelor,Omega-3 fatty acids,Moderate
DDInter286,Caplacizumab,DDInter1339,Omega-3 fatty acids,Caplacizumab,Omega-3 fatty acids,Moderate
DDInter379,Cilostazol,DDInter1339,Omega-3 fatty acids,Cilostazol,Omega-3 fatty acids,Moderate
DDInter413,Clopidogrel,DDInter1339,Omega-3 fatty acids,Clopidogrel,Omega-3 fatty acids,Moderate
DDInter470,Dalteparin,DDInter1339,Omega-3 fatty acids,Dalteparin,Omega-3 fatty acids,Moderate
DDInter471,Danaparoid,DDInter1339,Omega-3 fatty acids,Danaparoid,Omega-3 fatty acids,Moderate
DDInter491,Defibrotide,DDInter1339,Omega-3 fatty acids,Defibrotide,Omega-3 fatty acids,Moderate
DDInter505,Desirudin,DDInter1339,Omega-3 fatty acids,Desirudin,Omega-3 fatty acids,Moderate
DDInter523,Dextran (-1),DDInter1339,Omega-3 fatty acids,Dextran (-1),Omega-3 fatty acids,Moderate
DDInter524,Dextran (high molecular weight),DDInter1339,Omega-3 fatty acids,Dextran (high molecular weight),Omega-3 fatty acids,Moderate
DDInter525,Dextran (low molecular weight),DDInter1339,Omega-3 fatty acids,Dextran (low molecular weight),Omega-3 fatty acids,Moderate
DDInter542,Dicoumarol,DDInter1339,Omega-3 fatty acids,Dicoumarol,Omega-3 fatty acids,Moderate
DDInter573,Dipyridamole,DDInter1339,Omega-3 fatty acids,Dipyridamole,Omega-3 fatty acids,Moderate
DDInter605,Drotrecogin alfa,DDInter1339,Omega-3 fatty acids,Drotrecogin alfa,Omega-3 fatty acids,Moderate
DDInter621,Edoxaban,DDInter1339,Omega-3 fatty acids,Edoxaban,Omega-3 fatty acids,Moderate
DDInter645,Enoxaparin,DDInter1339,Omega-3 fatty acids,Enoxaparin,Omega-3 fatty acids,Moderate
DDInter657,Epoprostenol,DDInter1339,Omega-3 fatty acids,Epoprostenol,Omega-3 fatty acids,Moderate
DDInter659,Eptifibatide,DDInter1339,Omega-3 fatty acids,Eptifibatide,Omega-3 fatty acids,Moderate
DDInter775,Fondaparinux,DDInter1339,Omega-3 fatty acids,Fondaparinux,Omega-3 fatty acids,Moderate
DDInter856,Heparin,DDInter1339,Omega-3 fatty acids,Heparin,Omega-3 fatty acids,Moderate
DDInter908,Iloprost,DDInter1339,Omega-3 fatty acids,Iloprost,Omega-3 fatty acids,Moderate
DDInter1037,Lepirudin,DDInter1339,Omega-3 fatty acids,Lepirudin,Omega-3 fatty acids,Moderate
DDInter1508,Prasugrel,DDInter1339,Omega-3 fatty acids,Omega-3 fatty acids,Prasugrel,Moderate
DDInter1585,Reteplase,DDInter1339,Omega-3 fatty acids,Omega-3 fatty acids,Reteplase,Moderate
DDInter1609,Rivaroxaban,DDInter1339,Omega-3 fatty acids,Omega-3 fatty acids,Rivaroxaban,Moderate
DDInter1712,Streptokinase,DDInter1339,Omega-3 fatty acids,Omega-3 fatty acids,Streptokinase,Moderate
DDInter1764,Tenecteplase,DDInter1339,Omega-3 fatty acids,Omega-3 fatty acids,Tenecteplase,Moderate
DDInter1802,Ticagrelor,DDInter1339,Omega-3 fatty acids,Omega-3 fatty acids,Ticagrelor,Moderate
DDInter1804,Ticlopidine,DDInter1339,Omega-3 fatty acids,Omega-3 fatty acids,Ticlopidine,Moderate
DDInter1812,Tinzaparin,DDInter1339,Omega-3 fatty acids,Omega-3 fatty acids,Tinzaparin,Moderate
DDInter1818,Tirofiban,DDInter1339,Omega-3 fatty acids,Omega-3 fatty acids,Tirofiban,Moderate
DDInter1852,Treprostinil,DDInter1339,Omega-3 fatty acids,Omega-3 fatty acids,Treprostinil,Moderate
DDInter1905,Urokinase,DDInter1339,Omega-3 fatty acids,Omega-3 fatty acids,Urokinase,Moderate
DDInter1945,Vorapaxar,DDInter1339,Omega-3 fatty acids,Omega-3 fatty acids,Vorapaxar,Moderate
DDInter1951,Warfarin,DDInter1339,Omega-3 fatty acids,Omega-3 fatty acids,Warfarin,Moderate
DDInter16,Acetohexamide,DDInter1686,Sodium citrate,Acetohexamide,Sodium citrate,Minor
DDInter58,Aluminum hydroxide,DDInter1686,Sodium citrate,Aluminum hydroxide,Sodium citrate,Major
DDInter90,Amprenavir,DDInter1686,Sodium citrate,Amprenavir,Sodium citrate,Moderate
DDInter20,Acetylsalicylic acid,DDInter1686,Sodium citrate,Acetylsalicylic acid,Sodium citrate,Moderate
DDInter129,Atazanavir,DDInter1686,Sodium citrate,Atazanavir,Sodium citrate,Moderate
DDInter147,Axitinib,DDInter1686,Sodium citrate,Axitinib,Sodium citrate,Minor
DDInter159,Bacampicillin,DDInter1686,Sodium citrate,Bacampicillin,Sodium citrate,Moderate
DDInter177,Benazepril,DDInter1686,Sodium citrate,Benazepril,Sodium citrate,Minor
DDInter187,Benzphetamine,DDInter1686,Sodium citrate,Benzphetamine,Sodium citrate,Moderate
DDInter224,Bosutinib,DDInter1686,Sodium citrate,Bosutinib,Sodium citrate,Moderate
DDInter292,Captopril,DDInter1686,Sodium citrate,Captopril,Sodium citrate,Minor
DDInter975,Iron,DDInter1686,Sodium citrate,Iron,Sodium citrate,Moderate
DDInter316,Cefditoren,DDInter1686,Sodium citrate,Cefditoren,Sodium citrate,Moderate
DDInter326,Cefpodoxime,DDInter1686,Sodium citrate,Cefpodoxime,Sodium citrate,Moderate
DDInter335,Cefuroxime,DDInter1686,Sodium citrate,Cefuroxime,Sodium citrate,Moderate
DDInter340,Ceritinib,DDInter1686,Sodium citrate,Ceritinib,Sodium citrate,Moderate
DDInter355,Chlordiazepoxide,DDInter1686,Sodium citrate,Chlordiazepoxide,Sodium citrate,Minor
DDInter364,Chlorpropamide,DDInter1686,Sodium citrate,Chlorpropamide,Sodium citrate,Minor
DDInter1686,Sodium citrate,DDInter370,Choline salicylate,Choline salicylate,Sodium citrate,Moderate
DDInter383,Cinoxacin,DDInter1686,Sodium citrate,Cinoxacin,Sodium citrate,Moderate
DDInter384,Ciprofloxacin,DDInter1686,Sodium citrate,Ciprofloxacin,Sodium citrate,Moderate
DDInter401,Clobazam,DDInter1686,Sodium citrate,Clobazam,Sodium citrate,Minor
DDInter411,Clonazepam,DDInter1686,Sodium citrate,Clonazepam,Sodium citrate,Minor
DDInter414,Clorazepic acid,DDInter1686,Sodium citrate,Clorazepic acid,Sodium citrate,Minor
DDInter462,Dabrafenib,DDInter1686,Sodium citrate,Dabrafenib,Sodium citrate,Moderate
DDInter484,Dasatinib,DDInter1686,Sodium citrate,Dasatinib,Sodium citrate,Moderate
DDInter498,Demeclocycline,DDInter1686,Sodium citrate,Demeclocycline,Sodium citrate,Moderate
DDInter534,Diazepam,DDInter1686,Sodium citrate,Diazepam,Sodium citrate,Minor
DDInter553,Digitoxin,DDInter1686,Sodium citrate,Digitoxin,Sodium citrate,Minor
DDInter554,Digoxin,DDInter1686,Sodium citrate,Digoxin,Sodium citrate,Minor
DDInter1913,Valproic acid,DDInter1686,Sodium citrate,Sodium citrate,Valproic acid,Minor
DDInter608,Duloxetine,DDInter1686,Sodium citrate,Duloxetine,Sodium citrate,Minor
DDInter633,Elvitegravir,DDInter1686,Sodium citrate,Elvitegravir,Sodium citrate,Moderate
DDInter638,Enalapril,DDInter1686,Sodium citrate,Enalapril,Sodium citrate,Minor
DDInter644,Enoxacin,DDInter1686,Sodium citrate,Enoxacin,Sodium citrate,Moderate
DDInter650,Ephedrine,DDInter1686,Sodium citrate,Ephedrine,Sodium citrate,Moderate
DDInter651,Ephedrine (nasal),DDInter1686,Sodium citrate,Ephedrine (nasal),Sodium citrate,Moderate
DDInter667,Erlotinib,DDInter1686,Sodium citrate,Erlotinib,Sodium citrate,Moderate
DDInter670,Erythromycin,DDInter1686,Sodium citrate,Erythromycin,Sodium citrate,Minor
DDInter677,Estazolam,DDInter1686,Sodium citrate,Estazolam,Sodium citrate,Minor
DDInter1686,Sodium citrate,DDInter725,Ferrous fumarate,Ferrous fumarate,Sodium citrate,Moderate
DDInter1686,Sodium citrate,DDInter726,Ferrous gluconate,Ferrous gluconate,Sodium citrate,Moderate
DDInter1686,Sodium citrate,DDInter727,Ferrous sulfate anhydrous,Ferrous sulfate anhydrous,Sodium citrate,Moderate
DDInter740,Flecainide,DDInter1686,Sodium citrate,Flecainide,Sodium citrate,Minor
DDInter762,Flurazepam,DDInter1686,Sodium citrate,Flurazepam,Sodium citrate,Minor
DDInter809,Gatifloxacin,DDInter1686,Sodium citrate,Gatifloxacin,Sodium citrate,Moderate
DDInter826,Glipizide,DDInter1686,Sodium citrate,Glipizide,Sodium citrate,Minor
DDInter831,Glyburide,DDInter1686,Sodium citrate,Glyburide,Sodium citrate,Minor
DDInter842,Grepafloxacin,DDInter1686,Sodium citrate,Grepafloxacin,Sodium citrate,Moderate
DDInter850,Halazepam,DDInter1686,Sodium citrate,Halazepam,Sodium citrate,Minor
DDInter1686,Sodium citrate,DDInter977,Iron protein succinylate,Iron protein succinylate,Sodium citrate,Moderate
DDInter1018,Lactulose,DDInter1686,Sodium citrate,Lactulose,Sodium citrate,Minor
DDInter1055,Levofloxacin,DDInter1686,Sodium citrate,Levofloxacin,Sodium citrate,Moderate
DDInter1078,Lisdexamfetamine,DDInter1686,Sodium citrate,Lisdexamfetamine,Sodium citrate,Moderate
DDInter1079,Lisinopril,DDInter1686,Sodium citrate,Lisinopril,Sodium citrate,Minor
DDInter1686,Sodium citrate,DDInter1081,Lithium carbonate,Lithium carbonate,Sodium citrate,Moderate
DDInter1084,Lomefloxacin,DDInter1686,Sodium citrate,Lomefloxacin,Sodium citrate,Moderate
DDInter1092,Lorazepam,DDInter1686,Sodium citrate,Lorazepam,Sodium citrate,Minor
DDInter1130,Mecamylamine,DDInter1686,Sodium citrate,Mecamylamine,Sodium citrate,Moderate
DDInter1146,Memantine,DDInter1686,Sodium citrate,Memantine,Sodium citrate,Minor
DDInter1161,Metamfetamine,DDInter1686,Sodium citrate,Metamfetamine,Sodium citrate,Moderate
DDInter1169,Methenamine,DDInter1686,Sodium citrate,Methenamine,Sodium citrate,Moderate
DDInter1174,Methotrexate,DDInter1686,Sodium citrate,Methotrexate,Sodium citrate,Minor
DDInter1206,Mexiletine,DDInter1686,Sodium citrate,Mexiletine,Sodium citrate,Moderate
DDInter1212,Midazolam,DDInter1686,Sodium citrate,Midazolam,Sodium citrate,Minor
DDInter1224,Minocycline,DDInter1686,Sodium citrate,Minocycline,Sodium citrate,Moderate
DDInter1231,Misoprostol,DDInter1686,Sodium citrate,Misoprostol,Sodium citrate,Minor
DDInter1237,Moexipril,DDInter1686,Sodium citrate,Moexipril,Sodium citrate,Minor
DDInter1247,Moxifloxacin,DDInter1686,Sodium citrate,Moxifloxacin,Sodium citrate,Moderate
DDInter1251,Mycophenolate mofetil,DDInter1686,Sodium citrate,Mycophenolate mofetil,Sodium citrate,Moderate
DDInter1252,Mycophenolic acid,DDInter1686,Sodium citrate,Mycophenolic acid,Sodium citrate,Moderate
DDInter1259,Nalidixic acid,DDInter1686,Sodium citrate,Nalidixic acid,Sodium citrate,Moderate
DDInter1686,Sodium citrate,DDInter1281,Neratinib,Neratinib,Sodium citrate,Moderate
DDInter1293,Nilotinib,DDInter1686,Sodium citrate,Nilotinib,Sodium citrate,Moderate
DDInter1313,Norfloxacin,DDInter1686,Sodium citrate,Norfloxacin,Sodium citrate,Moderate
DDInter1325,Ofloxacin,DDInter1686,Sodium citrate,Ofloxacin,Sodium citrate,Moderate
DDInter1359,Oxazepam,DDInter1686,Sodium citrate,Oxazepam,Sodium citrate,Minor
DDInter1374,Oxytetracycline,DDInter1686,Sodium citrate,Oxytetracycline,Sodium citrate,Moderate
DDInter1400,Pazopanib,DDInter1686,Sodium citrate,Pazopanib,Sodium citrate,Moderate
DDInter1431,Perindopril,DDInter1686,Sodium citrate,Perindopril,Sodium citrate,Minor
DDInter1686,Sodium citrate,DDInter1435,Pexidartinib,Pexidartinib,Sodium citrate,Moderate
DDInter1460,Phenytoin,DDInter1686,Sodium citrate,Phenytoin,Sodium citrate,Moderate
DDInter1492,Ponatinib,DDInter1686,Sodium citrate,Ponatinib,Sodium citrate,Minor
DDInter1552,Quazepam,DDInter1686,Sodium citrate,Quazepam,Sodium citrate,Minor
DDInter1554,Quinapril,DDInter1686,Sodium citrate,Quinapril,Sodium citrate,Minor
DDInter1556,Quinidine,DDInter1686,Sodium citrate,Quinidine,Sodium citrate,Moderate
DDInter1565,Ramipril,DDInter1686,Sodium citrate,Ramipril,Sodium citrate,Minor
DDInter1595,Rilpivirine,DDInter1686,Sodium citrate,Rilpivirine,Sodium citrate,Moderate
DDInter1600,Riociguat,DDInter1686,Sodium citrate,Riociguat,Sodium citrate,Moderate
DDInter1622,Rosuvastatin,DDInter1686,Sodium citrate,Rosuvastatin,Sodium citrate,Moderate
DDInter1637,Salsalate,DDInter1686,Sodium citrate,Salsalate,Sodium citrate,Moderate
DDInter1633,Salicylic acid (sodium),DDInter1686,Sodium citrate,Salicylic acid (sodium),Sodium citrate,Moderate
DDInter1705,Sparfloxacin,DDInter1686,Sodium citrate,Sodium citrate,Sparfloxacin,Moderate
DDInter1735,Tacrolimus,DDInter1686,Sodium citrate,Sodium citrate,Tacrolimus,Minor
DDInter1761,Temazepam,DDInter1686,Sodium citrate,Sodium citrate,Temazepam,Minor
DDInter1783,Tetracycline,DDInter1686,Sodium citrate,Sodium citrate,Tetracycline,Moderate
DDInter1817,Tipranavir,DDInter1686,Sodium citrate,Sodium citrate,Tipranavir,Moderate
DDInter1826,Tolazamide,DDInter1686,Sodium citrate,Sodium citrate,Tolazamide,Minor
DDInter1828,Tolbutamide,DDInter1686,Sodium citrate,Sodium citrate,Tolbutamide,Minor
DDInter1843,Trandolapril,DDInter1686,Sodium citrate,Sodium citrate,Trandolapril,Minor
DDInter1860,Triazolam,DDInter1686,Sodium citrate,Sodium citrate,Triazolam,Minor
DDInter1887,Trovafloxacin,DDInter1686,Sodium citrate,Sodium citrate,Trovafloxacin,Moderate
DDInter1940,Vismodegib,DDInter1686,Sodium citrate,Sodium citrate,Vismodegib,Minor
DDInter413,Clopidogrel,DDInter1088,Loperamide,Clopidogrel,Loperamide,Major
DDInter299,Carfilzomib,DDInter1944,Von Willebrand Factor Human,Carfilzomib,Von Willebrand Factor Human,Major
DDInter113,Aprotinin,DDInter101,Anti-inhibitor coagulant complex,Anti-inhibitor coagulant complex,Aprotinin,Major
DDInter421,Coagulation factor VIIa Recombinant Human,DDInter101,Anti-inhibitor coagulant complex,Anti-inhibitor coagulant complex,Coagulation factor VIIa Recombinant Human,Moderate
DDInter101,Anti-inhibitor coagulant complex,DDInter635,Emicizumab,Anti-inhibitor coagulant complex,Emicizumab,Major
DDInter1844,Tranexamic acid,DDInter101,Anti-inhibitor coagulant complex,Anti-inhibitor coagulant complex,Tranexamic acid,Major
DDInter1723,Sulfamethizole,DDInter1519,Prilocaine (topiclal),Prilocaine (topiclal),Sulfamethizole,Major
DDInter718,Fenofibrate,DDInter143,Avatrombopag,Avatrombopag,Fenofibrate,Moderate
DDInter718,Fenofibrate,DDInter379,Cilostazol,Cilostazol,Fenofibrate,Moderate
DDInter413,Clopidogrel,DDInter718,Fenofibrate,Clopidogrel,Fenofibrate,Moderate
DDInter542,Dicoumarol,DDInter718,Fenofibrate,Dicoumarol,Fenofibrate,Major
DDInter1951,Warfarin,DDInter718,Fenofibrate,Fenofibrate,Warfarin,Major
DDInter108,Apixaban,DDInter105,Antithrombin III human,Antithrombin III human,Apixaban,Major
DDInter115,Ardeparin,DDInter105,Antithrombin III human,Antithrombin III human,Ardeparin,Major
DDInter105,Antithrombin III human,DDInter142,Avapritinib,Antithrombin III human,Avapritinib,Major
DDInter105,Antithrombin III human,DDInter200,Betrixaban,Antithrombin III human,Betrixaban,Major
DDInter241,Bromfenac,DDInter105,Antithrombin III human,Antithrombin III human,Bromfenac,Moderate
DDInter242,Bromfenac (ophthalmic),DDInter105,Antithrombin III human,Antithrombin III human,Bromfenac (ophthalmic),Moderate
DDInter262,Cabozantinib,DDInter105,Antithrombin III human,Antithrombin III human,Cabozantinib,Major
DDInter283,Cangrelor,DDInter105,Antithrombin III human,Antithrombin III human,Cangrelor,Major
DDInter286,Caplacizumab,DDInter105,Antithrombin III human,Antithrombin III human,Caplacizumab,Major
DDInter291,Capsicum,DDInter105,Antithrombin III human,Antithrombin III human,Capsicum,Minor
DDInter105,Antithrombin III human,DDInter347,Chamomile,Antithrombin III human,Chamomile,Minor
DDInter388,Citalopram,DDInter105,Antithrombin III human,Antithrombin III human,Citalopram,Moderate
DDInter410,Clomipramine,DDInter105,Antithrombin III human,Antithrombin III human,Clomipramine,Moderate
DDInter417,Clove,DDInter105,Antithrombin III human,Antithrombin III human,Clove,Minor
DDInter435,Collagenase clostridium histolyticum,DDInter105,Antithrombin III human,Antithrombin III human,Collagenase clostridium histolyticum,Moderate
DDInter470,Dalteparin,DDInter105,Antithrombin III human,Antithrombin III human,Dalteparin,Major
DDInter471,Danaparoid,DDInter105,Antithrombin III human,Antithrombin III human,Danaparoid,Major
DDInter484,Dasatinib,DDInter105,Antithrombin III human,Antithrombin III human,Dasatinib,Major
DDInter488,Deferasirox,DDInter105,Antithrombin III human,Antithrombin III human,Deferasirox,Major
DDInter491,Defibrotide,DDInter105,Antithrombin III human,Antithrombin III human,Defibrotide,Major
DDInter501,Deoxycholic acid,DDInter105,Antithrombin III human,Antithrombin III human,Deoxycholic acid,Moderate
DDInter505,Desirudin,DDInter105,Antithrombin III human,Antithrombin III human,Desirudin,Major
DDInter511,Desvenlafaxine,DDInter105,Antithrombin III human,Antithrombin III human,Desvenlafaxine,Moderate
DDInter518,Dexfenfluramine,DDInter105,Antithrombin III human,Antithrombin III human,Dexfenfluramine,Moderate
DDInter537,Diclofenac,DDInter105,Antithrombin III human,Antithrombin III human,Diclofenac,Moderate
DDInter538,Diclofenac (ophthalmic),DDInter105,Antithrombin III human,Antithrombin III human,Diclofenac (ophthalmic),Moderate
DDInter551,Diflunisal,DDInter105,Antithrombin III human,Antithrombin III human,Diflunisal,Moderate
DDInter605,Drotrecogin alfa,DDInter105,Antithrombin III human,Antithrombin III human,Drotrecogin alfa,Major
DDInter608,Duloxetine,DDInter105,Antithrombin III human,Antithrombin III human,Duloxetine,Moderate
DDInter621,Edoxaban,DDInter105,Antithrombin III human,Antithrombin III human,Edoxaban,Major
DDInter645,Enoxaparin,DDInter105,Antithrombin III human,Antithrombin III human,Enoxaparin,Major
DDInter657,Epoprostenol,DDInter105,Antithrombin III human,Antithrombin III human,Epoprostenol,Moderate
DDInter672,Escitalopram,DDInter105,Antithrombin III human,Antithrombin III human,Escitalopram,Moderate
DDInter699,Etodolac,DDInter105,Antithrombin III human,Antithrombin III human,Etodolac,Moderate
DDInter717,Fenfluramine,DDInter105,Antithrombin III human,Antithrombin III human,Fenfluramine,Moderate
DDInter721,Fenoprofen,DDInter105,Antithrombin III human,Antithrombin III human,Fenoprofen,Moderate
DDInter758,Fluoxetine,DDInter105,Antithrombin III human,Antithrombin III human,Fluoxetine,Moderate
DDInter763,Flurbiprofen,DDInter105,Antithrombin III human,Antithrombin III human,Flurbiprofen,Moderate
DDInter764,Flurbiprofen (ophthalmic),DDInter105,Antithrombin III human,Antithrombin III human,Flurbiprofen (ophthalmic),Moderate
DDInter808,Garlic,DDInter105,Antithrombin III human,Antithrombin III human,Garlic,Moderate
DDInter818,Ginger,DDInter105,Antithrombin III human,Antithrombin III human,Ginger,Moderate
DDInter819,Ginkgo biloba,DDInter105,Antithrombin III human,Antithrombin III human,Ginkgo biloba,Moderate
DDInter820,Ginseng,DDInter105,Antithrombin III human,Antithrombin III human,Ginseng,Moderate
DDInter855,Hemin,DDInter105,Antithrombin III human,Antithrombin III human,Hemin,Moderate
DDInter856,Heparin,DDInter105,Antithrombin III human,Antithrombin III human,Heparin,Moderate
DDInter898,Ibritumomab tiuxetan,DDInter105,Antithrombin III human,Antithrombin III human,Ibritumomab tiuxetan,Major
DDInter899,Ibrutinib,DDInter105,Antithrombin III human,Antithrombin III human,Ibrutinib,Major
DDInter903,Icosapent,DDInter105,Antithrombin III human,Antithrombin III human,Icosapent,Moderate
DDInter908,Iloprost,DDInter105,Antithrombin III human,Antithrombin III human,Iloprost,Moderate
DDInter921,Indomethacin,DDInter105,Antithrombin III human,Antithrombin III human,Indomethacin,Moderate
DDInter105,Antithrombin III human,DDInter926,Inotersen,Antithrombin III human,Inotersen,Major
DDInter1839,Tositumomab (I-131),DDInter105,Antithrombin III human,Antithrombin III human,Tositumomab (I-131),Major
DDInter1009,Ketoprofen,DDInter105,Antithrombin III human,Antithrombin III human,Ketoprofen,Moderate
DDInter1059,Levomilnacipran,DDInter105,Antithrombin III human,Antithrombin III human,Levomilnacipran,Moderate
DDInter1135,Meclofenamic acid,DDInter105,Antithrombin III human,Antithrombin III human,Meclofenamic acid,Moderate
DDInter1139,Mefenamic acid,DDInter105,Antithrombin III human,Antithrombin III human,Mefenamic acid,Moderate
DDInter1143,Meloxicam,DDInter105,Antithrombin III human,Antithrombin III human,Meloxicam,Moderate
DDInter1220,Milnacipran,DDInter105,Antithrombin III human,Antithrombin III human,Milnacipran,Moderate
DDInter1254,Nabumetone,DDInter105,Antithrombin III human,Antithrombin III human,Nabumetone,Moderate
DDInter1266,Naproxen,DDInter105,Antithrombin III human,Antithrombin III human,Naproxen,Moderate
DDInter1280,Nepafenac (ophthalmic),DDInter105,Antithrombin III human,Antithrombin III human,Nepafenac (ophthalmic),Moderate
DDInter1296,Nintedanib,DDInter105,Antithrombin III human,Antithrombin III human,Nintedanib,Moderate
DDInter105,Antithrombin III human,DDInter1297,Niraparib,Antithrombin III human,Niraparib,Moderate
DDInter1335,Omacetaxine mepesuccinate,DDInter105,Antithrombin III human,Antithrombin III human,Omacetaxine mepesuccinate,Major
DDInter1358,Oxaprozin,DDInter105,Antithrombin III human,Antithrombin III human,Oxaprozin,Moderate
DDInter1387,Panobinostat,DDInter105,Antithrombin III human,Antithrombin III human,Panobinostat,Major
DDInter1397,Paroxetine,DDInter105,Antithrombin III human,Antithrombin III human,Paroxetine,Moderate
DDInter1424,Pentosan polysulfate,DDInter105,Antithrombin III human,Antithrombin III human,Pentosan polysulfate,Moderate
DDInter1426,Pentoxifylline,DDInter105,Antithrombin III human,Antithrombin III human,Pentoxifylline,Moderate
DDInter1451,Phenylbutazone,DDInter105,Antithrombin III human,Antithrombin III human,Phenylbutazone,Moderate
DDInter1478,Piroxicam,DDInter105,Antithrombin III human,Antithrombin III human,Piroxicam,Moderate
DDInter1492,Ponatinib,DDInter105,Antithrombin III human,Antithrombin III human,Ponatinib,Major
DDInter1508,Prasugrel,DDInter105,Antithrombin III human,Antithrombin III human,Prasugrel,Major
DDInter1542,Protein C,DDInter105,Antithrombin III human,Antithrombin III human,Protein C,Moderate
DDInter1566,Ramucirumab,DDInter105,Antithrombin III human,Antithrombin III human,Ramucirumab,Major
DDInter1576,Regorafenib,DDInter105,Antithrombin III human,Antithrombin III human,Regorafenib,Major
DDInter1609,Rivaroxaban,DDInter105,Antithrombin III human,Antithrombin III human,Rivaroxaban,Major
DDInter1613,Rofecoxib,DDInter105,Antithrombin III human,Antithrombin III human,Rofecoxib,Moderate
DDInter105,Antithrombin III human,DDInter1659,Selumetinib,Antithrombin III human,Selumetinib,Moderate
DDInter1662,Sertraline,DDInter105,Antithrombin III human,Antithrombin III human,Sertraline,Moderate
DDInter1665,Sibutramine,DDInter105,Antithrombin III human,Antithrombin III human,Sibutramine,Moderate
DDInter953,Iodide I-123,DDInter105,Antithrombin III human,Antithrombin III human,Iodide I-123,Moderate
DDInter954,Iodide I-131,DDInter105,Antithrombin III human,Antithrombin III human,Iodide I-131,Moderate
DDInter1719,Sugammadex,DDInter105,Antithrombin III human,Antithrombin III human,Sugammadex,Moderate
DDInter1729,Sulindac,DDInter105,Antithrombin III human,Antithrombin III human,Sulindac,Moderate
DDInter1732,Suprofen (ophthalmic),DDInter105,Antithrombin III human,Antithrombin III human,Suprofen (ophthalmic),Moderate
DDInter1763,Temsirolimus,DDInter105,Antithrombin III human,Antithrombin III human,Temsirolimus,Major
DDInter1802,Ticagrelor,DDInter105,Antithrombin III human,Antithrombin III human,Ticagrelor,Moderate
DDInter1812,Tinzaparin,DDInter105,Antithrombin III human,Antithrombin III human,Tinzaparin,Major
DDInter1817,Tipranavir,DDInter105,Antithrombin III human,Antithrombin III human,Tipranavir,Major
DDInter1831,Tolmetin,DDInter105,Antithrombin III human,Antithrombin III human,Tolmetin,Moderate
DDInter1838,Tositumomab,DDInter105,Antithrombin III human,Antithrombin III human,Tositumomab,Major
DDInter1852,Treprostinil,DDInter105,Antithrombin III human,Antithrombin III human,Treprostinil,Moderate
DDInter105,Antithrombin III human,DDInter1892,Turmeric,Antithrombin III human,Turmeric,Minor
DDInter1910,Valdecoxib,DDInter105,Antithrombin III human,Antithrombin III human,Valdecoxib,Moderate
DDInter1927,Venlafaxine,DDInter105,Antithrombin III human,Antithrombin III human,Venlafaxine,Moderate
DDInter1929,Verteporfin,DDInter105,Antithrombin III human,Antithrombin III human,Verteporfin,Moderate
DDInter1935,Vilazodone,DDInter105,Antithrombin III human,Antithrombin III human,Vilazodone,Moderate
DDInter1943,Vitamin E,DDInter105,Antithrombin III human,Antithrombin III human,Vitamin E,Moderate
DDInter1945,Vorapaxar,DDInter105,Antithrombin III human,Antithrombin III human,Vorapaxar,Major
DDInter1948,Vortioxetine,DDInter105,Antithrombin III human,Antithrombin III human,Vortioxetine,Moderate
DDInter105,Antithrombin III human,DDInter1959,Zanubrutinib,Antithrombin III human,Zanubrutinib,Major
DDInter108,Apixaban,DDInter104,Antithrombin Alfa,Antithrombin Alfa,Apixaban,Major
DDInter104,Antithrombin Alfa,DDInter200,Betrixaban,Antithrombin Alfa,Betrixaban,Major
DDInter283,Cangrelor,DDInter104,Antithrombin Alfa,Antithrombin Alfa,Cangrelor,Major
DDInter286,Caplacizumab,DDInter104,Antithrombin Alfa,Antithrombin Alfa,Caplacizumab,Major
DDInter470,Dalteparin,DDInter104,Antithrombin Alfa,Antithrombin Alfa,Dalteparin,Major
DDInter471,Danaparoid,DDInter104,Antithrombin Alfa,Antithrombin Alfa,Danaparoid,Major
DDInter491,Defibrotide,DDInter104,Antithrombin Alfa,Antithrombin Alfa,Defibrotide,Major
DDInter605,Drotrecogin alfa,DDInter104,Antithrombin Alfa,Antithrombin Alfa,Drotrecogin alfa,Major
DDInter621,Edoxaban,DDInter104,Antithrombin Alfa,Antithrombin Alfa,Edoxaban,Major
DDInter645,Enoxaparin,DDInter104,Antithrombin Alfa,Antithrombin Alfa,Enoxaparin,Major
DDInter657,Epoprostenol,DDInter104,Antithrombin Alfa,Antithrombin Alfa,Epoprostenol,Moderate
DDInter855,Hemin,DDInter104,Antithrombin Alfa,Antithrombin Alfa,Hemin,Moderate
DDInter856,Heparin,DDInter104,Antithrombin Alfa,Antithrombin Alfa,Heparin,Moderate
DDInter908,Iloprost,DDInter104,Antithrombin Alfa,Antithrombin Alfa,Iloprost,Moderate
DDInter1508,Prasugrel,DDInter104,Antithrombin Alfa,Antithrombin Alfa,Prasugrel,Major
DDInter1609,Rivaroxaban,DDInter104,Antithrombin Alfa,Antithrombin Alfa,Rivaroxaban,Major
DDInter1802,Ticagrelor,DDInter104,Antithrombin Alfa,Antithrombin Alfa,Ticagrelor,Moderate
DDInter1812,Tinzaparin,DDInter104,Antithrombin Alfa,Antithrombin Alfa,Tinzaparin,Major
DDInter1852,Treprostinil,DDInter104,Antithrombin Alfa,Antithrombin Alfa,Treprostinil,Moderate
DDInter1945,Vorapaxar,DDInter104,Antithrombin Alfa,Antithrombin Alfa,Vorapaxar,Major
DDInter103,Antilymphocyte immunoglobulin (horse),DDInter1964,Zinc chloride,Antilymphocyte immunoglobulin (horse),Zinc chloride,Minor
DDInter106,Antithymocyte immunoglobulin (rabbit),DDInter1964,Zinc chloride,Antithymocyte immunoglobulin (rabbit),Zinc chloride,Minor
DDInter1497,Potassium chloride,DDInter865,Homatropine,Homatropine,Potassium chloride,Major
DDInter108,Apixaban,DDInter107,Apalutamide,Apalutamide,Apixaban,Major
DDInter107,Apalutamide,DDInter143,Avatrombopag,Apalutamide,Avatrombopag,Moderate
DDInter107,Apalutamide,DDInter200,Betrixaban,Apalutamide,Betrixaban,Moderate
DDInter542,Dicoumarol,DDInter107,Apalutamide,Apalutamide,Dicoumarol,Moderate
DDInter621,Edoxaban,DDInter107,Apalutamide,Apalutamide,Edoxaban,Moderate
DDInter631,Eltrombopag,DDInter107,Apalutamide,Apalutamide,Eltrombopag,Moderate
DDInter1115,Magnesium citrate,DDInter107,Apalutamide,Apalutamide,Magnesium citrate,Moderate
DDInter1609,Rivaroxaban,DDInter107,Apalutamide,Apalutamide,Rivaroxaban,Major
DDInter1656,Selexipag,DDInter107,Apalutamide,Apalutamide,Selexipag,Moderate
DDInter1802,Ticagrelor,DDInter107,Apalutamide,Apalutamide,Ticagrelor,Major
DDInter1945,Vorapaxar,DDInter107,Apalutamide,Apalutamide,Vorapaxar,Major
DDInter1951,Warfarin,DDInter107,Apalutamide,Apalutamide,Warfarin,Moderate
DDInter71,Aminoglutethimide,DDInter108,Apixaban,Aminoglutethimide,Apixaban,Moderate
DDInter90,Amprenavir,DDInter108,Apixaban,Amprenavir,Apixaban,Moderate
DDInter98,Anisindione,DDInter108,Apixaban,Anisindione,Apixaban,Major
DDInter99,Anistreplase,DDInter108,Apixaban,Anistreplase,Apixaban,Major
DDInter112,Aprepitant,DDInter108,Apixaban,Apixaban,Aprepitant,Moderate
DDInter115,Ardeparin,DDInter108,Apixaban,Apixaban,Ardeparin,Major
DDInter117,Argatroban,DDInter108,Apixaban,Apixaban,Argatroban,Major
DDInter119,Armodafinil,DDInter108,Apixaban,Apixaban,Armodafinil,Minor
DDInter108,Apixaban,DDInter126,Asparaginase Erwinia chrysanthemi,Apixaban,Asparaginase Erwinia chrysanthemi,Moderate
DDInter127,Asparaginase Escherichia coli,DDInter108,Apixaban,Apixaban,Asparaginase Escherichia coli,Moderate
DDInter20,Acetylsalicylic acid,DDInter108,Apixaban,Acetylsalicylic acid,Apixaban,Major
DDInter129,Atazanavir,DDInter108,Apixaban,Apixaban,Atazanavir,Moderate
DDInter108,Apixaban,DDInter142,Avapritinib,Apixaban,Avapritinib,Major
DDInter192,Bepridil,DDInter108,Apixaban,Apixaban,Bepridil,Moderate
DDInter108,Apixaban,DDInter200,Betrixaban,Apixaban,Betrixaban,Major
DDInter202,Bexarotene,DDInter108,Apixaban,Apixaban,Bexarotene,Moderate
DDInter215,Bismuth subsalicylate,DDInter108,Apixaban,Apixaban,Bismuth subsalicylate,Moderate
DDInter217,Bivalirudin,DDInter108,Apixaban,Apixaban,Bivalirudin,Major
DDInter108,Apixaban,DDInter221,Boceprevir,Apixaban,Boceprevir,Major
DDInter223,Bosentan,DDInter108,Apixaban,Apixaban,Bosentan,Moderate
DDInter108,Apixaban,DDInter233,Brigatinib,Apixaban,Brigatinib,Moderate
DDInter241,Bromfenac,DDInter108,Apixaban,Apixaban,Bromfenac,Major
DDInter242,Bromfenac (ophthalmic),DDInter108,Apixaban,Apixaban,Bromfenac (ophthalmic),Moderate
DDInter256,Butabarbital,DDInter108,Apixaban,Apixaban,Butabarbital,Moderate
DDInter257,Butalbital,DDInter108,Apixaban,Apixaban,Butalbital,Moderate
DDInter108,Apixaban,DDInter262,Cabozantinib,Apixaban,Cabozantinib,Major
DDInter108,Apixaban,DDInter264,Calaspargase pegol,Apixaban,Calaspargase pegol,Moderate
DDInter281,Canakinumab,DDInter108,Apixaban,Apixaban,Canakinumab,Moderate
DDInter283,Cangrelor,DDInter108,Apixaban,Apixaban,Cangrelor,Major
DDInter286,Caplacizumab,DDInter108,Apixaban,Apixaban,Caplacizumab,Major
DDInter108,Apixaban,DDInter287,Capmatinib,Apixaban,Capmatinib,Moderate
DDInter108,Apixaban,DDInter291,Capsicum,Apixaban,Capsicum,Minor
DDInter293,Carbamazepine,DDInter108,Apixaban,Apixaban,Carbamazepine,Major
DDInter336,Celecoxib,DDInter108,Apixaban,Apixaban,Celecoxib,Moderate
DDInter338,Cenobamate,DDInter108,Apixaban,Apixaban,Cenobamate,Moderate
DDInter108,Apixaban,DDInter340,Ceritinib,Apixaban,Ceritinib,Moderate
DDInter108,Apixaban,DDInter342,Certolizumab pegol,Apixaban,Certolizumab pegol,Moderate
DDInter108,Apixaban,DDInter347,Chamomile,Apixaban,Chamomile,Minor
DDInter351,Chloramphenicol,DDInter108,Apixaban,Apixaban,Chloramphenicol,Moderate
DDInter108,Apixaban,DDInter370,Choline salicylate,Apixaban,Choline salicylate,Moderate
DDInter379,Cilostazol,DDInter108,Apixaban,Apixaban,Cilostazol,Major
DDInter384,Ciprofloxacin,DDInter108,Apixaban,Apixaban,Ciprofloxacin,Moderate
DDInter388,Citalopram,DDInter108,Apixaban,Apixaban,Citalopram,Moderate
DDInter393,Clarithromycin,DDInter108,Apixaban,Apixaban,Clarithromycin,Moderate
DDInter410,Clomipramine,DDInter108,Apixaban,Apixaban,Clomipramine,Moderate
DDInter413,Clopidogrel,DDInter108,Apixaban,Apixaban,Clopidogrel,Major
DDInter416,Clotrimazole,DDInter108,Apixaban,Apixaban,Clotrimazole,Moderate
DDInter108,Apixaban,DDInter417,Clove,Apixaban,Clove,Minor
DDInter108,Apixaban,DDInter422,Coagulation factor X human,Apixaban,Coagulation factor X human,Moderate
DDInter108,Apixaban,DDInter424,Cobicistat,Apixaban,Cobicistat,Major
DDInter435,Collagenase clostridium histolyticum,DDInter108,Apixaban,Apixaban,Collagenase clostridium histolyticum,Moderate
DDInter438,Conivaptan,DDInter108,Apixaban,Apixaban,Conivaptan,Major
DDInter108,Apixaban,DDInter448,Crizotinib,Apixaban,Crizotinib,Moderate
DDInter458,Cyclosporine,DDInter108,Apixaban,Apixaban,Cyclosporine,Moderate
DDInter108,Apixaban,DDInter462,Dabrafenib,Apixaban,Dabrafenib,Moderate
DDInter108,Apixaban,DDInter464,Daclatasvir,Apixaban,Daclatasvir,Moderate
DDInter108,Apixaban,DDInter470,Dalteparin,Apixaban,Dalteparin,Major
DDInter108,Apixaban,DDInter471,Danaparoid,Apixaban,Danaparoid,Major
DDInter482,Darunavir,DDInter108,Apixaban,Apixaban,Darunavir,Moderate
DDInter484,Dasatinib,DDInter108,Apixaban,Apixaban,Dasatinib,Major
DDInter488,Deferasirox,DDInter108,Apixaban,Apixaban,Deferasirox,Major
DDInter491,Defibrotide,DDInter108,Apixaban,Apixaban,Defibrotide,Major
DDInter496,Delavirdine,DDInter108,Apixaban,Apixaban,Delavirdine,Moderate
DDInter501,Deoxycholic acid,DDInter108,Apixaban,Apixaban,Deoxycholic acid,Moderate
DDInter108,Apixaban,DDInter505,Desirudin,Apixaban,Desirudin,Major
DDInter108,Apixaban,DDInter511,Desvenlafaxine,Apixaban,Desvenlafaxine,Moderate
DDInter513,Dexamethasone,DDInter108,Apixaban,Apixaban,Dexamethasone,Moderate
DDInter518,Dexfenfluramine,DDInter108,Apixaban,Apixaban,Dexfenfluramine,Moderate
DDInter108,Apixaban,DDInter523,Dextran (-1),Apixaban,Dextran (-1),Major
DDInter108,Apixaban,DDInter524,Dextran (high molecular weight),Apixaban,Dextran (high molecular weight),Major
DDInter108,Apixaban,DDInter525,Dextran (low molecular weight),Apixaban,Dextran (low molecular weight),Major
DDInter537,Diclofenac,DDInter108,Apixaban,Apixaban,Diclofenac,Major
DDInter538,Diclofenac (ophthalmic),DDInter108,Apixaban,Apixaban,Diclofenac (ophthalmic),Moderate
DDInter542,Dicoumarol,DDInter108,Apixaban,Apixaban,Dicoumarol,Major
DDInter551,Diflunisal,DDInter108,Apixaban,Apixaban,Diflunisal,Major
DDInter561,Diltiazem,DDInter108,Apixaban,Apixaban,Diltiazem,Moderate
DDInter573,Dipyridamole,DDInter108,Apixaban,Apixaban,Dipyridamole,Major
DDInter602,Dronedarone,DDInter108,Apixaban,Apixaban,Dronedarone,Moderate
DDInter605,Drotrecogin alfa,DDInter108,Apixaban,Apixaban,Drotrecogin alfa,Major
DDInter608,Duloxetine,DDInter108,Apixaban,Apixaban,Duloxetine,Moderate
DDInter108,Apixaban,DDInter612,Duvelisib,Apixaban,Duvelisib,Moderate
DDInter108,Apixaban,DDInter614,Echinacea,Apixaban,Echinacea,Moderate
DDInter108,Apixaban,DDInter621,Edoxaban,Apixaban,Edoxaban,Major
DDInter624,Efavirenz,DDInter108,Apixaban,Apixaban,Efavirenz,Moderate
DDInter108,Apixaban,DDInter625,Elagolix,Apixaban,Elagolix,Moderate
DDInter108,Apixaban,DDInter629,Eliglustat,Apixaban,Eliglustat,Moderate
DDInter108,Apixaban,DDInter634,Emapalumab,Apixaban,Emapalumab,Moderate
DDInter108,Apixaban,DDInter640,Encorafenib,Apixaban,Encorafenib,Moderate
DDInter645,Enoxaparin,DDInter108,Apixaban,Apixaban,Enoxaparin,Major
DDInter108,Apixaban,DDInter648,Entrectinib,Apixaban,Entrectinib,Moderate
DDInter108,Apixaban,DDInter649,Enzalutamide,Apixaban,Enzalutamide,Major
DDInter657,Epoprostenol,DDInter108,Apixaban,Apixaban,Epoprostenol,Major
DDInter659,Eptifibatide,DDInter108,Apixaban,Apixaban,Eptifibatide,Major
DDInter108,Apixaban,DDInter661,Erdafitinib,Apixaban,Erdafitinib,Moderate
DDInter670,Erythromycin,DDInter108,Apixaban,Apixaban,Erythromycin,Moderate
DDInter672,Escitalopram,DDInter108,Apixaban,Apixaban,Escitalopram,Moderate
DDInter108,Apixaban,DDInter674,Eslicarbazepine,Apixaban,Eslicarbazepine,Moderate
DDInter687,Etanercept,DDInter108,Apixaban,Apixaban,Etanercept,Moderate
DDInter699,Etodolac,DDInter108,Apixaban,Apixaban,Etodolac,Major
DDInter703,Etravirine,DDInter108,Apixaban,Apixaban,Etravirine,Moderate
DDInter708,Ezogabine,DDInter108,Apixaban,Apixaban,Ezogabine,Moderate
DDInter108,Apixaban,DDInter714,Fedratinib,Apixaban,Fedratinib,Moderate
DDInter715,Felbamate,DDInter108,Apixaban,Apixaban,Felbamate,Moderate
DDInter716,Felodipine,DDInter108,Apixaban,Apixaban,Felodipine,Moderate
DDInter717,Fenfluramine,DDInter108,Apixaban,Apixaban,Fenfluramine,Moderate
DDInter721,Fenoprofen,DDInter108,Apixaban,Apixaban,Fenoprofen,Major
DDInter741,Flibanserin,DDInter108,Apixaban,Apixaban,Flibanserin,Moderate
DDInter743,Fluconazole,DDInter108,Apixaban,Apixaban,Fluconazole,Moderate
DDInter758,Fluoxetine,DDInter108,Apixaban,Apixaban,Fluoxetine,Moderate
DDInter763,Flurbiprofen,DDInter108,Apixaban,Apixaban,Flurbiprofen,Major
DDInter764,Flurbiprofen (ophthalmic),DDInter108,Apixaban,Apixaban,Flurbiprofen (ophthalmic),Moderate
DDInter108,Apixaban,DDInter808,Garlic,Apixaban,Garlic,Moderate
DDInter108,Apixaban,DDInter818,Ginger,Apixaban,Ginger,Moderate
DDInter819,Ginkgo biloba,DDInter108,Apixaban,Apixaban,Ginkgo biloba,Moderate
DDInter820,Ginseng,DDInter108,Apixaban,Apixaban,Ginseng,Moderate
DDInter108,Apixaban,DDInter822,Glasdegib,Apixaban,Glasdegib,Moderate
DDInter108,Apixaban,DDInter837,Golimumab,Apixaban,Golimumab,Moderate
DDInter843,Griseofulvin,DDInter108,Apixaban,Apixaban,Griseofulvin,Moderate
DDInter108,Apixaban,DDInter849,Guselkumab,Apixaban,Guselkumab,Moderate
DDInter855,Hemin,DDInter108,Apixaban,Apixaban,Hemin,Moderate
DDInter856,Heparin,DDInter108,Apixaban,Apixaban,Heparin,Major
DDInter898,Ibritumomab tiuxetan,DDInter108,Apixaban,Apixaban,Ibritumomab tiuxetan,Major
DDInter108,Apixaban,DDInter899,Ibrutinib,Apixaban,Ibrutinib,Major
DDInter903,Icosapent,DDInter108,Apixaban,Apixaban,Icosapent,Moderate
DDInter108,Apixaban,DDInter905,Idelalisib,Apixaban,Idelalisib,Moderate
DDInter908,Iloprost,DDInter108,Apixaban,Apixaban,Iloprost,Major
DDInter909,Imatinib,DDInter108,Apixaban,Apixaban,Imatinib,Moderate
DDInter917,Indinavir,DDInter108,Apixaban,Apixaban,Indinavir,Moderate
DDInter921,Indomethacin,DDInter108,Apixaban,Apixaban,Indomethacin,Major
DDInter923,Infliximab,DDInter108,Apixaban,Apixaban,Infliximab,Moderate
DDInter108,Apixaban,DDInter926,Inotersen,Apixaban,Inotersen,Major
DDInter1839,Tositumomab (I-131),DDInter108,Apixaban,Apixaban,Tositumomab (I-131),Major
DDInter969,Ipilimumab,DDInter108,Apixaban,Apixaban,Ipilimumab,Major
DDInter108,Apixaban,DDInter980,Isavuconazonium,Apixaban,Isavuconazonium,Moderate
DDInter108,Apixaban,DDInter994,Istradefylline,Apixaban,Istradefylline,Moderate
DDInter995,Itraconazole,DDInter108,Apixaban,Apixaban,Itraconazole,Major
DDInter108,Apixaban,DDInter997,Ivacaftor,Apixaban,Ivacaftor,Moderate
DDInter108,Apixaban,DDInter1000,Ivosidenib,Apixaban,Ivosidenib,Moderate
DDInter108,Apixaban,DDInter1003,Ixekizumab,Apixaban,Ixekizumab,Moderate
DDInter1008,Ketoconazole,DDInter108,Apixaban,Apixaban,Ketoconazole,Major
DDInter1009,Ketoprofen,DDInter108,Apixaban,Apixaban,Ketoprofen,Major
DDInter1024,Lapatinib,DDInter108,Apixaban,Apixaban,Lapatinib,Moderate
DDInter108,Apixaban,DDInter1026,Larotrectinib,Apixaban,Larotrectinib,Moderate
DDInter108,Apixaban,DDInter1027,Lasmiditan,Apixaban,Lasmiditan,Moderate
DDInter108,Apixaban,DDInter1032,Lefamulin,Apixaban,Lefamulin,Moderate
DDInter108,Apixaban,DDInter1034,Lemborexant,Apixaban,Lemborexant,Moderate
DDInter1037,Lepirudin,DDInter108,Apixaban,Apixaban,Lepirudin,Major
DDInter108,Apixaban,DDInter1038,Lesinurad,Apixaban,Lesinurad,Moderate
DDInter108,Apixaban,DDInter1039,Letermovir,Apixaban,Letermovir,Moderate
DDInter108,Apixaban,DDInter1045,Levamlodipine,Apixaban,Levamlodipine,Moderate
DDInter108,Apixaban,DDInter1059,Levomilnacipran,Apixaban,Levomilnacipran,Moderate
DDInter108,Apixaban,DDInter1085,Lomitapide,Apixaban,Lomitapide,Moderate
DDInter1087,Lonafarnib,DDInter108,Apixaban,Apixaban,Lonafarnib,Major
DDInter108,Apixaban,DDInter1094,Lorlatinib,Apixaban,Lorlatinib,Moderate
DDInter1135,Meclofenamic acid,DDInter108,Apixaban,Apixaban,Meclofenamic acid,Major
DDInter1139,Mefenamic acid,DDInter108,Apixaban,Apixaban,Mefenamic acid,Major
DDInter1143,Meloxicam,DDInter108,Apixaban,Apixaban,Meloxicam,Major
DDInter1190,Methylphenobarbital,DDInter108,Apixaban,Apixaban,Methylphenobarbital,Moderate
DDInter1209,Miconazole,DDInter108,Apixaban,Apixaban,Miconazole,Moderate
DDInter1214,Midostaurin,DDInter108,Apixaban,Apixaban,Midostaurin,Moderate
DDInter1215,Mifepristone,DDInter108,Apixaban,Apixaban,Mifepristone,Major
DDInter1220,Milnacipran,DDInter108,Apixaban,Apixaban,Milnacipran,Moderate
DDInter1233,Mitotane,DDInter108,Apixaban,Apixaban,Mitotane,Moderate
DDInter1236,Modafinil,DDInter108,Apixaban,Apixaban,Modafinil,Minor
DDInter1254,Nabumetone,DDInter108,Apixaban,Apixaban,Nabumetone,Major
DDInter1256,Nafcillin,DDInter108,Apixaban,Apixaban,Nafcillin,Moderate
DDInter1266,Naproxen,DDInter108,Apixaban,Apixaban,Naproxen,Major
DDInter1274,Nefazodone,DDInter108,Apixaban,Apixaban,Nefazodone,Moderate
DDInter1276,Nelfinavir,DDInter108,Apixaban,Apixaban,Nelfinavir,Major
DDInter108,Apixaban,DDInter1280,Nepafenac (ophthalmic),Apixaban,Nepafenac (ophthalmic),Moderate
DDInter108,Apixaban,DDInter1281,Neratinib,Apixaban,Neratinib,Moderate
DDInter1285,Nevirapine,DDInter108,Apixaban,Apixaban,Nevirapine,Moderate
DDInter1293,Nilotinib,DDInter108,Apixaban,Apixaban,Nilotinib,Moderate
DDInter108,Apixaban,DDInter1296,Nintedanib,Apixaban,Nintedanib,Moderate
DDInter108,Apixaban,DDInter1297,Niraparib,Apixaban,Niraparib,Moderate
DDInter1335,Omacetaxine mepesuccinate,DDInter108,Apixaban,Apixaban,Omacetaxine mepesuccinate,Major
DDInter108,Apixaban,DDInter1351,Osilodrostat,Apixaban,Osilodrostat,Moderate
DDInter1358,Oxaprozin,DDInter108,Apixaban,Apixaban,Oxaprozin,Major
DDInter1360,Oxcarbazepine,DDInter108,Apixaban,Apixaban,Oxcarbazepine,Moderate
DDInter1387,Panobinostat,DDInter108,Apixaban,Apixaban,Panobinostat,Major
DDInter1397,Paroxetine,DDInter108,Apixaban,Apixaban,Paroxetine,Moderate
DDInter1404,Pegaspargase,DDInter108,Apixaban,Apixaban,Pegaspargase,Moderate
DDInter1423,Pentobarbital,DDInter108,Apixaban,Apixaban,Pentobarbital,Moderate
DDInter1424,Pentosan polysulfate,DDInter108,Apixaban,Apixaban,Pentosan polysulfate,Moderate
DDInter1426,Pentoxifylline,DDInter108,Apixaban,Apixaban,Pentoxifylline,Moderate
DDInter108,Apixaban,DDInter1435,Pexidartinib,Apixaban,Pexidartinib,Moderate
DDInter1442,Phenobarbital,DDInter108,Apixaban,Apixaban,Phenobarbital,Major
DDInter1451,Phenylbutazone,DDInter108,Apixaban,Apixaban,Phenylbutazone,Major
DDInter1460,Phenytoin,DDInter108,Apixaban,Apixaban,Phenytoin,Major
DDInter1478,Piroxicam,DDInter108,Apixaban,Apixaban,Piroxicam,Major
DDInter108,Apixaban,DDInter1484,Plicamycin,Apixaban,Plicamycin,Major
DDInter108,Apixaban,DDInter1492,Ponatinib,Apixaban,Ponatinib,Major
DDInter1494,Posaconazole,DDInter108,Apixaban,Apixaban,Posaconazole,Major
DDInter1508,Prasugrel,DDInter108,Apixaban,Apixaban,Prasugrel,Major
DDInter1521,Primidone,DDInter108,Apixaban,Apixaban,Primidone,Major
DDInter1529,Progesterone,DDInter108,Apixaban,Apixaban,Progesterone,Moderate
DDInter1534,Propafenone,DDInter108,Apixaban,Apixaban,Propafenone,Moderate
DDInter108,Apixaban,DDInter1542,Protein C,Apixaban,Protein C,Moderate
DDInter1556,Quinidine,DDInter108,Apixaban,Apixaban,Quinidine,Moderate
DDInter1557,Quinine,DDInter108,Apixaban,Apixaban,Quinine,Moderate
DDInter1566,Ramucirumab,DDInter108,Apixaban,Apixaban,Ramucirumab,Major
DDInter1570,Ranolazine,DDInter108,Apixaban,Apixaban,Ranolazine,Moderate
DDInter108,Apixaban,DDInter1576,Regorafenib,Apixaban,Regorafenib,Major
DDInter1585,Reteplase,DDInter108,Apixaban,Apixaban,Reteplase,Major
DDInter108,Apixaban,DDInter1588,Ribociclib,Apixaban,Ribociclib,Moderate
DDInter1589,Rifabutin,DDInter108,Apixaban,Apixaban,Rifabutin,Moderate
DDInter1590,Rifampicin,DDInter108,Apixaban,Apixaban,Rifampicin,Major
DDInter1592,Rifapentine,DDInter108,Apixaban,Apixaban,Rifapentine,Major
DDInter1594,Rilonacept,DDInter108,Apixaban,Apixaban,Rilonacept,Moderate
DDInter1607,Ritonavir,DDInter108,Apixaban,Apixaban,Ritonavir,Major
DDInter1609,Rivaroxaban,DDInter108,Apixaban,Apixaban,Rivaroxaban,Major
DDInter1613,Rofecoxib,DDInter108,Apixaban,Apixaban,Rofecoxib,Moderate
DDInter108,Apixaban,DDInter1615,Rolapitant,Apixaban,Rolapitant,Moderate
DDInter108,Apixaban,DDInter1626,Rucaparib,Apixaban,Rucaparib,Moderate
DDInter1627,Rufinamide,DDInter108,Apixaban,Apixaban,Rufinamide,Moderate
DDInter108,Apixaban,DDInter1628,Ruxolitinib,Apixaban,Ruxolitinib,Major
DDInter1637,Salsalate,DDInter108,Apixaban,Apixaban,Salsalate,Moderate
DDInter1640,Saquinavir,DDInter108,Apixaban,Apixaban,Saquinavir,Major
DDInter108,Apixaban,DDInter1641,Sarecycline,Apixaban,Sarecycline,Moderate
DDInter108,Apixaban,DDInter1643,Sarilumab,Apixaban,Sarilumab,Moderate
DDInter108,Apixaban,DDInter1644,Satralizumab,Apixaban,Satralizumab,Moderate
DDInter1650,Secobarbital,DDInter108,Apixaban,Apixaban,Secobarbital,Moderate
DDInter108,Apixaban,DDInter1652,Secukinumab,Apixaban,Secukinumab,Moderate
DDInter108,Apixaban,DDInter1658,Selpercatinib,Apixaban,Selpercatinib,Moderate
DDInter108,Apixaban,DDInter1659,Selumetinib,Apixaban,Selumetinib,Moderate
DDInter1662,Sertraline,DDInter108,Apixaban,Apixaban,Sertraline,Moderate
DDInter1665,Sibutramine,DDInter108,Apixaban,Apixaban,Sibutramine,Moderate
DDInter108,Apixaban,DDInter1668,Siltuximab,Apixaban,Siltuximab,Moderate
DDInter108,Apixaban,DDInter953,Iodide I-123,Apixaban,Iodide I-123,Moderate
DDInter108,Apixaban,DDInter954,Iodide I-131,Apixaban,Iodide I-131,Moderate
DDInter1633,Salicylic acid (sodium),DDInter108,Apixaban,Apixaban,Salicylic acid (sodium),Moderate
DDInter108,Apixaban,DDInter1698,Somapacitan,Apixaban,Somapacitan,Moderate
DDInter108,Apixaban,DDInter1700,Somatrem,Apixaban,Somatrem,Moderate
DDInter1699,Somatotropin,DDInter108,Apixaban,Apixaban,Somatotropin,Moderate
DDInter1702,Sorafenib,DDInter108,Apixaban,Apixaban,Sorafenib,Moderate
DDInter1707,Spironolactone,DDInter108,Apixaban,Apixaban,Spironolactone,Moderate
DDInter1708,St. John's Wort,DDInter108,Apixaban,Apixaban,St. John's Wort,Major
DDInter108,Apixaban,DDInter1711,Stiripentol,Apixaban,Stiripentol,Moderate
DDInter1712,Streptokinase,DDInter108,Apixaban,Apixaban,Streptokinase,Major
DDInter1719,Sugammadex,DDInter108,Apixaban,Apixaban,Sugammadex,Moderate
DDInter1726,Sulfinpyrazone,DDInter108,Apixaban,Apixaban,Sulfinpyrazone,Major
DDInter1729,Sulindac,DDInter108,Apixaban,Apixaban,Sulindac,Major
DDInter1731,Sunitinib,DDInter108,Apixaban,Apixaban,Sunitinib,Moderate
DDInter1732,Suprofen (ophthalmic),DDInter108,Apixaban,Apixaban,Suprofen (ophthalmic),Moderate
DDInter108,Apixaban,DDInter1733,Suvorexant,Apixaban,Suvorexant,Moderate
DDInter1735,Tacrolimus,DDInter108,Apixaban,Apixaban,Tacrolimus,Moderate
DDInter1744,Tamoxifen,DDInter108,Apixaban,Apixaban,Tamoxifen,Moderate
DDInter108,Apixaban,DDInter1750,Tazemetostat,Apixaban,Tazemetostat,Major
DDInter1755,Telaprevir,DDInter108,Apixaban,Apixaban,Telaprevir,Major
DDInter1758,Telithromycin,DDInter108,Apixaban,Apixaban,Telithromycin,Major
DDInter108,Apixaban,DDInter1760,Telotristat ethyl,Apixaban,Telotristat ethyl,Moderate
DDInter1763,Temsirolimus,DDInter108,Apixaban,Apixaban,Temsirolimus,Major
DDInter1764,Tenecteplase,DDInter108,Apixaban,Apixaban,Tenecteplase,Major
DDInter108,Apixaban,DDInter1802,Ticagrelor,Apixaban,Ticagrelor,Major
DDInter1804,Ticlopidine,DDInter108,Apixaban,Apixaban,Ticlopidine,Major
DDInter108,Apixaban,DDInter1812,Tinzaparin,Apixaban,Tinzaparin,Major
DDInter1817,Tipranavir,DDInter108,Apixaban,Apixaban,Tipranavir,Major
DDInter1818,Tirofiban,DDInter108,Apixaban,Apixaban,Tirofiban,Major
DDInter1824,Tocilizumab,DDInter108,Apixaban,Apixaban,Tocilizumab,Moderate
DDInter1831,Tolmetin,DDInter108,Apixaban,Apixaban,Tolmetin,Major
DDInter1833,Tolvaptan,DDInter108,Apixaban,Apixaban,Tolvaptan,Moderate
DDInter1838,Tositumomab,DDInter108,Apixaban,Apixaban,Tositumomab,Major
DDInter1852,Treprostinil,DDInter108,Apixaban,Apixaban,Treprostinil,Major
DDInter1881,Troglitazone,DDInter108,Apixaban,Apixaban,Troglitazone,Moderate
DDInter108,Apixaban,DDInter1882,Troleandomycin,Apixaban,Troleandomycin,Moderate
DDInter108,Apixaban,DDInter1891,Tucatinib,Apixaban,Tucatinib,Major
DDInter108,Apixaban,DDInter1892,Turmeric,Apixaban,Turmeric,Minor
DDInter108,Apixaban,DDInter1897,Ulipristal,Apixaban,Ulipristal,Moderate
DDInter1905,Urokinase,DDInter108,Apixaban,Apixaban,Urokinase,Major
DDInter1907,Ustekinumab,DDInter108,Apixaban,Apixaban,Ustekinumab,Moderate
DDInter1910,Valdecoxib,DDInter108,Apixaban,Apixaban,Valdecoxib,Moderate
DDInter108,Apixaban,DDInter1925,Vemurafenib,Apixaban,Vemurafenib,Moderate
DDInter108,Apixaban,DDInter1926,Venetoclax,Apixaban,Venetoclax,Moderate
DDInter1927,Venlafaxine,DDInter108,Apixaban,Apixaban,Venlafaxine,Moderate
DDInter1928,Verapamil,DDInter108,Apixaban,Apixaban,Verapamil,Moderate
DDInter1929,Verteporfin,DDInter108,Apixaban,Apixaban,Verteporfin,Moderate
DDInter108,Apixaban,DDInter1935,Vilazodone,Apixaban,Vilazodone,Moderate
DDInter1943,Vitamin E,DDInter108,Apixaban,Apixaban,Vitamin E,Moderate
DDInter108,Apixaban,DDInter1945,Vorapaxar,Apixaban,Vorapaxar,Major
DDInter1946,Voriconazole,DDInter108,Apixaban,Apixaban,Voriconazole,Major
DDInter108,Apixaban,DDInter1948,Vortioxetine,Apixaban,Vortioxetine,Moderate
DDInter108,Apixaban,DDInter1949,Voxelotor,Apixaban,Voxelotor,Moderate
DDInter1951,Warfarin,DDInter108,Apixaban,Apixaban,Warfarin,Major
DDInter108,Apixaban,DDInter1959,Zanubrutinib,Apixaban,Zanubrutinib,Major
DDInter413,Clopidogrel,DDInter252,Bupropion,Bupropion,Clopidogrel,Moderate
DDInter542,Dicoumarol,DDInter252,Bupropion,Bupropion,Dicoumarol,Moderate
DDInter252,Bupropion,DDInter1508,Prasugrel,Bupropion,Prasugrel,Minor
DDInter1804,Ticlopidine,DDInter252,Bupropion,Bupropion,Ticlopidine,Moderate
DDInter1951,Warfarin,DDInter252,Bupropion,Bupropion,Warfarin,Moderate
DDInter109,Apomorphine,DDInter657,Epoprostenol,Apomorphine,Epoprostenol,Moderate
DDInter109,Apomorphine,DDInter908,Iloprost,Apomorphine,Iloprost,Moderate
DDInter109,Apomorphine,DDInter1115,Magnesium citrate,Apomorphine,Magnesium citrate,Moderate
DDInter109,Apomorphine,DDInter1656,Selexipag,Apomorphine,Selexipag,Moderate
DDInter1852,Treprostinil,DDInter109,Apomorphine,Apomorphine,Treprostinil,Moderate
DDInter110,Apraclonidine,DDInter657,Epoprostenol,Apraclonidine,Epoprostenol,Moderate
DDInter110,Apraclonidine,DDInter908,Iloprost,Apraclonidine,Iloprost,Moderate
DDInter110,Apraclonidine,DDInter1656,Selexipag,Apraclonidine,Selexipag,Moderate
DDInter1852,Treprostinil,DDInter110,Apraclonidine,Apraclonidine,Treprostinil,Moderate
DDInter111,Apremilast,DDInter200,Betrixaban,Apremilast,Betrixaban,Moderate
DDInter111,Apremilast,DDInter1106,Lusutrombopag,Apremilast,Lusutrombopag,Moderate
DDInter112,Aprepitant,DDInter379,Cilostazol,Aprepitant,Cilostazol,Major
DDInter542,Dicoumarol,DDInter112,Aprepitant,Aprepitant,Dicoumarol,Moderate
DDInter112,Aprepitant,DDInter1609,Rivaroxaban,Aprepitant,Rivaroxaban,Moderate
DDInter112,Aprepitant,DDInter1802,Ticagrelor,Aprepitant,Ticagrelor,Moderate
DDInter112,Aprepitant,DDInter1951,Warfarin,Aprepitant,Warfarin,Moderate
DDInter1158,Mesalazine,DDInter542,Dicoumarol,Dicoumarol,Mesalazine,Moderate
DDInter1158,Mesalazine,DDInter1277,Neomycin,Mesalazine,Neomycin,Moderate
DDInter1158,Mesalazine,DDInter1951,Warfarin,Mesalazine,Warfarin,Moderate
DDInter653,Epinephrine (ophthalmic),DDInter116,Arformoterol,Arformoterol,Epinephrine (ophthalmic),Moderate
DDInter654,Epinephrine (topical),DDInter116,Arformoterol,Arformoterol,Epinephrine (topical),Moderate
DDInter1123,Mannitol,DDInter116,Arformoterol,Arformoterol,Mannitol,Moderate
DDInter118,Aripiprazole,DDInter1802,Ticagrelor,Aripiprazole,Ticagrelor,Moderate
DDInter1804,Ticlopidine,DDInter118,Aripiprazole,Aripiprazole,Ticlopidine,Moderate
DDInter1855,Triamcinolone,DDInter20,Acetylsalicylic acid,Acetylsalicylic acid,Triamcinolone,Moderate
DDInter1855,Triamcinolone,DDInter505,Desirudin,Desirudin,Triamcinolone,Major
DDInter542,Dicoumarol,DDInter1855,Triamcinolone,Dicoumarol,Triamcinolone,Moderate
DDInter1855,Triamcinolone,DDInter785,Fostamatinib,Fostamatinib,Triamcinolone,Moderate
DDInter1855,Triamcinolone,DDInter881,Hyaluronidase,Hyaluronidase,Triamcinolone,Minor
DDInter1855,Triamcinolone,DDInter1115,Magnesium citrate,Magnesium citrate,Triamcinolone,Moderate
DDInter1855,Triamcinolone,DDInter1120,Magnesium sulfate,Magnesium sulfate,Triamcinolone,Moderate
DDInter1855,Triamcinolone,DDInter1683,Sodium bicarbonate,Sodium bicarbonate,Triamcinolone,Minor
DDInter1804,Ticlopidine,DDInter1855,Triamcinolone,Ticlopidine,Triamcinolone,Minor
DDInter1855,Triamcinolone,DDInter1951,Warfarin,Triamcinolone,Warfarin,Moderate
DDInter1855,Triamcinolone,DDInter1964,Zinc chloride,Triamcinolone,Zinc chloride,Minor
DDInter379,Cilostazol,DDInter119,Armodafinil,Armodafinil,Cilostazol,Moderate
DDInter413,Clopidogrel,DDInter119,Armodafinil,Armodafinil,Clopidogrel,Moderate
DDInter542,Dicoumarol,DDInter119,Armodafinil,Armodafinil,Dicoumarol,Moderate
DDInter1609,Rivaroxaban,DDInter119,Armodafinil,Armodafinil,Rivaroxaban,Minor
DDInter119,Armodafinil,DDInter1802,Ticagrelor,Armodafinil,Ticagrelor,Moderate
DDInter1951,Warfarin,DDInter119,Armodafinil,Armodafinil,Warfarin,Moderate
DDInter451,Cyanocobalamin,DDInter120,Arsenic trioxide,Arsenic trioxide,Cyanocobalamin,Moderate
DDInter891,Hydroxocobalamin,DDInter120,Arsenic trioxide,Arsenic trioxide,Hydroxocobalamin,Moderate
DDInter120,Arsenic trioxide,DDInter1115,Magnesium citrate,Arsenic trioxide,Magnesium citrate,Moderate
DDInter120,Arsenic trioxide,DDInter1136,Mecobalamin,Arsenic trioxide,Mecobalamin,Moderate
DDInter121,Artemether,DDInter785,Fostamatinib,Artemether,Fostamatinib,Moderate
DDInter1103,Lumefantrine,DDInter1115,Magnesium citrate,Lumefantrine,Magnesium citrate,Moderate
DDInter123,Articaine,DDInter881,Hyaluronidase,Articaine,Hyaluronidase,Minor
DDInter1244,Morphine,DDInter413,Clopidogrel,Clopidogrel,Morphine,Moderate
DDInter1244,Morphine,DDInter785,Fostamatinib,Fostamatinib,Morphine,Moderate
DDInter1244,Morphine,DDInter1508,Prasugrel,Morphine,Prasugrel,Moderate
DDInter1244,Morphine,DDInter1802,Ticagrelor,Morphine,Ticagrelor,Moderate
DDInter873,Human immunoglobulin G (intravenous),DDInter1277,Neomycin,Human immunoglobulin G (intravenous),Neomycin,Major
DDInter124,Ascorbic acid,DDInter1951,Warfarin,Ascorbic acid,Warfarin,Minor
DDInter125,Asenapine,DDInter1115,Magnesium citrate,Asenapine,Magnesium citrate,Moderate
DDInter1804,Ticlopidine,DDInter125,Asenapine,Asenapine,Ticlopidine,Moderate
DDInter127,Asparaginase Escherichia coli,DDInter20,Acetylsalicylic acid,Acetylsalicylic acid,Asparaginase Escherichia coli,Moderate
DDInter127,Asparaginase Escherichia coli,DDInter200,Betrixaban,Asparaginase Escherichia coli,Betrixaban,Moderate
DDInter127,Asparaginase Escherichia coli,DDInter283,Cangrelor,Asparaginase Escherichia coli,Cangrelor,Moderate
DDInter127,Asparaginase Escherichia coli,DDInter286,Caplacizumab,Asparaginase Escherichia coli,Caplacizumab,Moderate
DDInter127,Asparaginase Escherichia coli,DDInter379,Cilostazol,Asparaginase Escherichia coli,Cilostazol,Moderate
DDInter127,Asparaginase Escherichia coli,DDInter413,Clopidogrel,Asparaginase Escherichia coli,Clopidogrel,Moderate
DDInter127,Asparaginase Escherichia coli,DDInter470,Dalteparin,Asparaginase Escherichia coli,Dalteparin,Moderate
DDInter127,Asparaginase Escherichia coli,DDInter471,Danaparoid,Asparaginase Escherichia coli,Danaparoid,Moderate
DDInter127,Asparaginase Escherichia coli,DDInter542,Dicoumarol,Asparaginase Escherichia coli,Dicoumarol,Moderate
DDInter127,Asparaginase Escherichia coli,DDInter573,Dipyridamole,Asparaginase Escherichia coli,Dipyridamole,Moderate
DDInter127,Asparaginase Escherichia coli,DDInter621,Edoxaban,Asparaginase Escherichia coli,Edoxaban,Moderate
DDInter127,Asparaginase Escherichia coli,DDInter631,Eltrombopag,Asparaginase Escherichia coli,Eltrombopag,Moderate
DDInter127,Asparaginase Escherichia coli,DDInter645,Enoxaparin,Asparaginase Escherichia coli,Enoxaparin,Moderate
DDInter127,Asparaginase Escherichia coli,DDInter856,Heparin,Asparaginase Escherichia coli,Heparin,Moderate
DDInter127,Asparaginase Escherichia coli,DDInter857,Heparin (flush),Asparaginase Escherichia coli,Heparin (flush),Moderate
DDInter127,Asparaginase Escherichia coli,DDInter1508,Prasugrel,Asparaginase Escherichia coli,Prasugrel,Moderate
DDInter127,Asparaginase Escherichia coli,DDInter1609,Rivaroxaban,Asparaginase Escherichia coli,Rivaroxaban,Moderate
DDInter127,Asparaginase Escherichia coli,DDInter1723,Sulfamethizole,Asparaginase Escherichia coli,Sulfamethizole,Moderate
DDInter127,Asparaginase Escherichia coli,DDInter1802,Ticagrelor,Asparaginase Escherichia coli,Ticagrelor,Moderate
DDInter127,Asparaginase Escherichia coli,DDInter1804,Ticlopidine,Asparaginase Escherichia coli,Ticlopidine,Moderate
DDInter127,Asparaginase Escherichia coli,DDInter1812,Tinzaparin,Asparaginase Escherichia coli,Tinzaparin,Moderate
DDInter127,Asparaginase Escherichia coli,DDInter1951,Warfarin,Asparaginase Escherichia coli,Warfarin,Moderate
DDInter20,Acetylsalicylic acid,DDInter126,Asparaginase Erwinia chrysanthemi,Acetylsalicylic acid,Asparaginase Erwinia chrysanthemi,Moderate
DDInter126,Asparaginase Erwinia chrysanthemi,DDInter200,Betrixaban,Asparaginase Erwinia chrysanthemi,Betrixaban,Moderate
DDInter283,Cangrelor,DDInter126,Asparaginase Erwinia chrysanthemi,Asparaginase Erwinia chrysanthemi,Cangrelor,Moderate
DDInter286,Caplacizumab,DDInter126,Asparaginase Erwinia chrysanthemi,Asparaginase Erwinia chrysanthemi,Caplacizumab,Moderate
DDInter379,Cilostazol,DDInter126,Asparaginase Erwinia chrysanthemi,Asparaginase Erwinia chrysanthemi,Cilostazol,Moderate
DDInter413,Clopidogrel,DDInter126,Asparaginase Erwinia chrysanthemi,Asparaginase Erwinia chrysanthemi,Clopidogrel,Moderate
DDInter470,Dalteparin,DDInter126,Asparaginase Erwinia chrysanthemi,Asparaginase Erwinia chrysanthemi,Dalteparin,Moderate
DDInter471,Danaparoid,DDInter126,Asparaginase Erwinia chrysanthemi,Asparaginase Erwinia chrysanthemi,Danaparoid,Moderate
DDInter542,Dicoumarol,DDInter126,Asparaginase Erwinia chrysanthemi,Asparaginase Erwinia chrysanthemi,Dicoumarol,Moderate
DDInter573,Dipyridamole,DDInter126,Asparaginase Erwinia chrysanthemi,Asparaginase Erwinia chrysanthemi,Dipyridamole,Moderate
DDInter126,Asparaginase Erwinia chrysanthemi,DDInter621,Edoxaban,Asparaginase Erwinia chrysanthemi,Edoxaban,Moderate
DDInter631,Eltrombopag,DDInter126,Asparaginase Erwinia chrysanthemi,Asparaginase Erwinia chrysanthemi,Eltrombopag,Moderate
DDInter645,Enoxaparin,DDInter126,Asparaginase Erwinia chrysanthemi,Asparaginase Erwinia chrysanthemi,Enoxaparin,Moderate
DDInter856,Heparin,DDInter126,Asparaginase Erwinia chrysanthemi,Asparaginase Erwinia chrysanthemi,Heparin,Moderate
DDInter857,Heparin (flush),DDInter126,Asparaginase Erwinia chrysanthemi,Asparaginase Erwinia chrysanthemi,Heparin (flush),Moderate
DDInter1508,Prasugrel,DDInter126,Asparaginase Erwinia chrysanthemi,Asparaginase Erwinia chrysanthemi,Prasugrel,Moderate
DDInter1609,Rivaroxaban,DDInter126,Asparaginase Erwinia chrysanthemi,Asparaginase Erwinia chrysanthemi,Rivaroxaban,Moderate
DDInter1723,Sulfamethizole,DDInter126,Asparaginase Erwinia chrysanthemi,Asparaginase Erwinia chrysanthemi,Sulfamethizole,Moderate
DDInter1802,Ticagrelor,DDInter126,Asparaginase Erwinia chrysanthemi,Asparaginase Erwinia chrysanthemi,Ticagrelor,Moderate
DDInter1804,Ticlopidine,DDInter126,Asparaginase Erwinia chrysanthemi,Asparaginase Erwinia chrysanthemi,Ticlopidine,Moderate
DDInter1812,Tinzaparin,DDInter126,Asparaginase Erwinia chrysanthemi,Asparaginase Erwinia chrysanthemi,Tinzaparin,Moderate
DDInter1951,Warfarin,DDInter126,Asparaginase Erwinia chrysanthemi,Asparaginase Erwinia chrysanthemi,Warfarin,Moderate
DDInter16,Acetohexamide,DDInter20,Acetylsalicylic acid,Acetohexamide,Acetylsalicylic acid,Moderate
DDInter20,Acetylsalicylic acid,DDInter58,Aluminum hydroxide,Acetylsalicylic acid,Aluminum hydroxide,Moderate
DDInter67,Amikacin (liposome),DDInter20,Acetylsalicylic acid,Acetylsalicylic acid,Amikacin (liposome),Moderate
DDInter573,Dipyridamole,DDInter74,Aminophylline,Aminophylline,Dipyridamole,Moderate
DDInter20,Acetylsalicylic acid,DDInter98,Anisindione,Acetylsalicylic acid,Anisindione,Major
DDInter99,Anistreplase,DDInter20,Acetylsalicylic acid,Acetylsalicylic acid,Anistreplase,Moderate
DDInter115,Ardeparin,DDInter573,Dipyridamole,Ardeparin,Dipyridamole,Major
DDInter117,Argatroban,DDInter573,Dipyridamole,Argatroban,Dipyridamole,Major
DDInter130,Atenolol,DDInter20,Acetylsalicylic acid,Acetylsalicylic acid,Atenolol,Minor
DDInter20,Acetylsalicylic acid,DDInter142,Avapritinib,Acetylsalicylic acid,Avapritinib,Major
DDInter20,Acetylsalicylic acid,DDInter156,Azilsartan medoxomil,Acetylsalicylic acid,Azilsartan medoxomil,Moderate
DDInter20,Acetylsalicylic acid,DDInter165,Baricitinib,Acetylsalicylic acid,Baricitinib,Moderate
DDInter177,Benazepril,DDInter20,Acetylsalicylic acid,Acetylsalicylic acid,Benazepril,Moderate
DDInter20,Acetylsalicylic acid,DDInter192,Bepridil,Acetylsalicylic acid,Bepridil,Moderate
DDInter195,Betamethasone,DDInter20,Acetylsalicylic acid,Acetylsalicylic acid,Betamethasone,Moderate
DDInter197,Betaxolol,DDInter20,Acetylsalicylic acid,Acetylsalicylic acid,Betaxolol,Minor
DDInter20,Acetylsalicylic acid,DDInter200,Betrixaban,Acetylsalicylic acid,Betrixaban,Major
DDInter216,Bisoprolol,DDInter20,Acetylsalicylic acid,Acetylsalicylic acid,Bisoprolol,Minor
DDInter217,Bivalirudin,DDInter573,Dipyridamole,Bivalirudin,Dipyridamole,Moderate
DDInter20,Acetylsalicylic acid,DDInter238,Brinzolamide (ophthalmic),Acetylsalicylic acid,Brinzolamide (ophthalmic),Major
DDInter20,Acetylsalicylic acid,DDInter241,Bromfenac,Acetylsalicylic acid,Bromfenac,Moderate
DDInter20,Acetylsalicylic acid,DDInter242,Bromfenac (ophthalmic),Acetylsalicylic acid,Bromfenac (ophthalmic),Moderate
DDInter20,Acetylsalicylic acid,DDInter246,Budesonide,Acetylsalicylic acid,Budesonide,Moderate
DDInter248,Bumetanide,DDInter20,Acetylsalicylic acid,Acetylsalicylic acid,Bumetanide,Minor
DDInter573,Dipyridamole,DDInter262,Cabozantinib,Cabozantinib,Dipyridamole,Major
DDInter573,Dipyridamole,DDInter264,Calaspargase pegol,Calaspargase pegol,Dipyridamole,Moderate
DDInter20,Acetylsalicylic acid,DDInter271,Calcium carbonate,Acetylsalicylic acid,Calcium carbonate,Moderate
DDInter573,Dipyridamole,DDInter283,Cangrelor,Cangrelor,Dipyridamole,Major
DDInter573,Dipyridamole,DDInter286,Caplacizumab,Caplacizumab,Dipyridamole,Major
DDInter573,Dipyridamole,DDInter291,Capsicum,Capsicum,Dipyridamole,Minor
DDInter20,Acetylsalicylic acid,DDInter292,Captopril,Acetylsalicylic acid,Captopril,Moderate
DDInter303,Carteolol,DDInter20,Acetylsalicylic acid,Acetylsalicylic acid,Carteolol,Minor
DDInter20,Acetylsalicylic acid,DDInter305,Carvedilol,Acetylsalicylic acid,Carvedilol,Minor
DDInter20,Acetylsalicylic acid,DDInter347,Chamomile,Acetylsalicylic acid,Chamomile,Minor
DDInter20,Acetylsalicylic acid,DDInter24,Activated charcoal,Acetylsalicylic acid,Activated charcoal,Moderate
DDInter364,Chlorpropamide,DDInter20,Acetylsalicylic acid,Acetylsalicylic acid,Chlorpropamide,Moderate
DDInter20,Acetylsalicylic acid,DDInter368,Cholestyramine,Acetylsalicylic acid,Cholestyramine,Minor
DDInter573,Dipyridamole,DDInter379,Cilostazol,Cilostazol,Dipyridamole,Moderate
DDInter383,Cinoxacin,DDInter20,Acetylsalicylic acid,Acetylsalicylic acid,Cinoxacin,Moderate
DDInter384,Ciprofloxacin,DDInter20,Acetylsalicylic acid,Acetylsalicylic acid,Ciprofloxacin,Moderate
DDInter388,Citalopram,DDInter20,Acetylsalicylic acid,Acetylsalicylic acid,Citalopram,Moderate
DDInter392,Cladribine,DDInter573,Dipyridamole,Cladribine,Dipyridamole,Moderate
DDInter20,Acetylsalicylic acid,DDInter410,Clomipramine,Acetylsalicylic acid,Clomipramine,Moderate
DDInter413,Clopidogrel,DDInter20,Acetylsalicylic acid,Acetylsalicylic acid,Clopidogrel,Moderate
DDInter573,Dipyridamole,DDInter417,Clove,Clove,Dipyridamole,Minor
DDInter435,Collagenase clostridium histolyticum,DDInter20,Acetylsalicylic acid,Acetylsalicylic acid,Collagenase clostridium histolyticum,Moderate
DDInter458,Cyclosporine,DDInter20,Acetylsalicylic acid,Acetylsalicylic acid,Cyclosporine,Moderate
DDInter20,Acetylsalicylic acid,DDInter470,Dalteparin,Acetylsalicylic acid,Dalteparin,Major
DDInter573,Dipyridamole,DDInter471,Danaparoid,Danaparoid,Dipyridamole,Major
DDInter573,Dipyridamole,DDInter484,Dasatinib,Dasatinib,Dipyridamole,Major
DDInter573,Dipyridamole,DDInter488,Deferasirox,Deferasirox,Dipyridamole,Major
DDInter20,Acetylsalicylic acid,DDInter491,Defibrotide,Acetylsalicylic acid,Defibrotide,Major
DDInter20,Acetylsalicylic acid,DDInter492,Deflazacort,Acetylsalicylic acid,Deflazacort,Moderate
DDInter20,Acetylsalicylic acid,DDInter495,Delafloxacin,Acetylsalicylic acid,Delafloxacin,Moderate
DDInter20,Acetylsalicylic acid,DDInter501,Deoxycholic acid,Acetylsalicylic acid,Deoxycholic acid,Moderate
DDInter20,Acetylsalicylic acid,DDInter505,Desirudin,Acetylsalicylic acid,Desirudin,Major
DDInter507,Desmopressin,DDInter20,Acetylsalicylic acid,Acetylsalicylic acid,Desmopressin,Minor
DDInter20,Acetylsalicylic acid,DDInter511,Desvenlafaxine,Acetylsalicylic acid,Desvenlafaxine,Moderate
DDInter20,Acetylsalicylic acid,DDInter513,Dexamethasone,Acetylsalicylic acid,Dexamethasone,Moderate
DDInter573,Dipyridamole,DDInter518,Dexfenfluramine,Dexfenfluramine,Dipyridamole,Moderate
DDInter20,Acetylsalicylic acid,DDInter519,Dexlansoprazole,Acetylsalicylic acid,Dexlansoprazole,Minor
DDInter20,Acetylsalicylic acid,DDInter540,Diclofenamide,Acetylsalicylic acid,Diclofenamide,Major
DDInter537,Diclofenac,DDInter573,Dipyridamole,Diclofenac,Dipyridamole,Moderate
DDInter538,Diclofenac (ophthalmic),DDInter573,Dipyridamole,Diclofenac (ophthalmic),Dipyridamole,Moderate
DDInter542,Dicoumarol,DDInter20,Acetylsalicylic acid,Acetylsalicylic acid,Dicoumarol,Major
DDInter544,Didanosine,DDInter20,Acetylsalicylic acid,Acetylsalicylic acid,Didanosine,Moderate
DDInter551,Diflunisal,DDInter20,Acetylsalicylic acid,Acetylsalicylic acid,Diflunisal,Moderate
DDInter554,Digoxin,DDInter20,Acetylsalicylic acid,Acetylsalicylic acid,Digoxin,Moderate
DDInter561,Diltiazem,DDInter20,Acetylsalicylic acid,Acetylsalicylic acid,Diltiazem,Moderate
DDInter1913,Valproic acid,DDInter20,Acetylsalicylic acid,Acetylsalicylic acid,Valproic acid,Moderate
DDInter583,Donepezil,DDInter20,Acetylsalicylic acid,Acetylsalicylic acid,Donepezil,Minor
DDInter588,Dorzolamide (ophthalmic),DDInter20,Acetylsalicylic acid,Acetylsalicylic acid,Dorzolamide (ophthalmic),Major
DDInter573,Dipyridamole,DDInter596,Doxorubicin,Dipyridamole,Doxorubicin,Minor
DDInter573,Dipyridamole,DDInter597,Doxorubicin (liposomal),Dipyridamole,Doxorubicin (liposomal),Minor
DDInter20,Acetylsalicylic acid,DDInter604,Drospirenone,Acetylsalicylic acid,Drospirenone,Moderate
DDInter605,Drotrecogin alfa,DDInter20,Acetylsalicylic acid,Acetylsalicylic acid,Drotrecogin alfa,Major
DDInter608,Duloxetine,DDInter20,Acetylsalicylic acid,Acetylsalicylic acid,Duloxetine,Moderate
DDInter613,Dyphylline,DDInter573,Dipyridamole,Dipyridamole,Dyphylline,Moderate
DDInter573,Dipyridamole,DDInter621,Edoxaban,Dipyridamole,Edoxaban,Major
DDInter638,Enalapril,DDInter20,Acetylsalicylic acid,Acetylsalicylic acid,Enalapril,Moderate
DDInter644,Enoxacin,DDInter20,Acetylsalicylic acid,Acetylsalicylic acid,Enoxacin,Moderate
DDInter573,Dipyridamole,DDInter645,Enoxaparin,Dipyridamole,Enoxaparin,Major
DDInter656,Eplerenone,DDInter20,Acetylsalicylic acid,Acetylsalicylic acid,Eplerenone,Moderate
DDInter20,Acetylsalicylic acid,DDInter657,Epoprostenol,Acetylsalicylic acid,Epoprostenol,Moderate
DDInter658,Eprosartan,DDInter20,Acetylsalicylic acid,Acetylsalicylic acid,Eprosartan,Moderate
DDInter659,Eptifibatide,DDInter573,Dipyridamole,Dipyridamole,Eptifibatide,Major
DDInter20,Acetylsalicylic acid,DDInter672,Escitalopram,Acetylsalicylic acid,Escitalopram,Moderate
DDInter675,Esmolol,DDInter20,Acetylsalicylic acid,Acetylsalicylic acid,Esmolol,Minor
DDInter676,Esomeprazole,DDInter20,Acetylsalicylic acid,Acetylsalicylic acid,Esomeprazole,Minor
DDInter686,Etacrynic acid,DDInter20,Acetylsalicylic acid,Acetylsalicylic acid,Etacrynic acid,Minor
DDInter20,Acetylsalicylic acid,DDInter698,Etidronic acid,Acetylsalicylic acid,Etidronic acid,Moderate
DDInter699,Etodolac,DDInter20,Acetylsalicylic acid,Acetylsalicylic acid,Etodolac,Moderate
DDInter20,Acetylsalicylic acid,DDInter716,Felodipine,Acetylsalicylic acid,Felodipine,Moderate
DDInter717,Fenfluramine,DDInter20,Acetylsalicylic acid,Acetylsalicylic acid,Fenfluramine,Moderate
DDInter721,Fenoprofen,DDInter20,Acetylsalicylic acid,Acetylsalicylic acid,Fenoprofen,Moderate
DDInter573,Dipyridamole,DDInter745,Fludarabine,Dipyridamole,Fludarabine,Moderate
DDInter747,Fludrocortisone,DDInter20,Acetylsalicylic acid,Acetylsalicylic acid,Fludrocortisone,Moderate
DDInter758,Fluoxetine,DDInter20,Acetylsalicylic acid,Acetylsalicylic acid,Fluoxetine,Moderate
DDInter763,Flurbiprofen,DDInter573,Dipyridamole,Dipyridamole,Flurbiprofen,Moderate
DDInter764,Flurbiprofen (ophthalmic),DDInter20,Acetylsalicylic acid,Acetylsalicylic acid,Flurbiprofen (ophthalmic),Moderate
DDInter573,Dipyridamole,DDInter808,Garlic,Dipyridamole,Garlic,Moderate
DDInter20,Acetylsalicylic acid,DDInter809,Gatifloxacin,Acetylsalicylic acid,Gatifloxacin,Moderate
DDInter815,Gentamicin,DDInter20,Acetylsalicylic acid,Acetylsalicylic acid,Gentamicin,Moderate
DDInter573,Dipyridamole,DDInter818,Ginger,Dipyridamole,Ginger,Moderate
DDInter573,Dipyridamole,DDInter819,Ginkgo biloba,Dipyridamole,Ginkgo biloba,Moderate
DDInter573,Dipyridamole,DDInter820,Ginseng,Dipyridamole,Ginseng,Moderate
DDInter825,Glimepiride,DDInter20,Acetylsalicylic acid,Acetylsalicylic acid,Glimepiride,Moderate
DDInter20,Acetylsalicylic acid,DDInter826,Glipizide,Acetylsalicylic acid,Glipizide,Moderate
DDInter20,Acetylsalicylic acid,DDInter831,Glyburide,Acetylsalicylic acid,Glyburide,Moderate
DDInter842,Grepafloxacin,DDInter20,Acetylsalicylic acid,Acetylsalicylic acid,Grepafloxacin,Moderate
DDInter843,Griseofulvin,DDInter20,Acetylsalicylic acid,Acetylsalicylic acid,Griseofulvin,Minor
DDInter573,Dipyridamole,DDInter855,Hemin,Dipyridamole,Hemin,Moderate
DDInter20,Acetylsalicylic acid,DDInter856,Heparin,Acetylsalicylic acid,Heparin,Moderate
DDInter20,Acetylsalicylic acid,DDInter881,Hyaluronidase,Acetylsalicylic acid,Hyaluronidase,Minor
DDInter20,Acetylsalicylic acid,DDInter882,Hydralazine,Acetylsalicylic acid,Hydralazine,Moderate
DDInter897,Ibandronate,DDInter20,Acetylsalicylic acid,Acetylsalicylic acid,Ibandronate,Moderate
DDInter898,Ibritumomab tiuxetan,DDInter20,Acetylsalicylic acid,Acetylsalicylic acid,Ibritumomab tiuxetan,Major
DDInter573,Dipyridamole,DDInter899,Ibrutinib,Dipyridamole,Ibrutinib,Major
DDInter903,Icosapent,DDInter20,Acetylsalicylic acid,Acetylsalicylic acid,Icosapent,Moderate
DDInter573,Dipyridamole,DDInter908,Iloprost,Dipyridamole,Iloprost,Moderate
DDInter912,Imipramine,DDInter20,Acetylsalicylic acid,Acetylsalicylic acid,Imipramine,Moderate
DDInter921,Indomethacin,DDInter20,Acetylsalicylic acid,Acetylsalicylic acid,Indomethacin,Moderate
DDInter573,Dipyridamole,DDInter926,Inotersen,Dipyridamole,Inotersen,Major
DDInter934,Insulin human,DDInter20,Acetylsalicylic acid,Acetylsalicylic acid,Insulin human,Moderate
DDInter20,Acetylsalicylic acid,DDInter929,Insulin aspart (aspart),Acetylsalicylic acid,Insulin aspart (aspart),Moderate
DDInter20,Acetylsalicylic acid,DDInter928,Insulin aspart (aspart protamine),Acetylsalicylic acid,Insulin aspart (aspart protamine),Moderate
DDInter20,Acetylsalicylic acid,DDInter930,Insulin degludec,Acetylsalicylic acid,Insulin degludec,Moderate
DDInter20,Acetylsalicylic acid,DDInter931,Insulin detemir,Acetylsalicylic acid,Insulin detemir,Moderate
DDInter932,Insulin glargine,DDInter20,Acetylsalicylic acid,Acetylsalicylic acid,Insulin glargine,Moderate
DDInter20,Acetylsalicylic acid,DDInter933,Insulin glulisine,Acetylsalicylic acid,Insulin glulisine,Moderate
DDInter935,"Insulin human (inhalation, rapid acting)",DDInter20,Acetylsalicylic acid,Acetylsalicylic acid,"Insulin human (inhalation, rapid acting)",Moderate
DDInter936,Insulin human (isophane),DDInter20,Acetylsalicylic acid,Acetylsalicylic acid,Insulin human (isophane),Moderate
DDInter940,Insulin lispro,DDInter20,Acetylsalicylic acid,Acetylsalicylic acid,Insulin lispro,Moderate
DDInter941,Insulin lispro (protamine),DDInter20,Acetylsalicylic acid,Acetylsalicylic acid,Insulin lispro (protamine),Moderate
DDInter937,Insulin human (regular),DDInter20,Acetylsalicylic acid,Acetylsalicylic acid,Insulin human (regular),Moderate
DDInter939,Insulin human (zinc),DDInter20,Acetylsalicylic acid,Acetylsalicylic acid,Insulin human (zinc),Moderate
DDInter938,Insulin human (zinc extended),DDInter20,Acetylsalicylic acid,Acetylsalicylic acid,Insulin human (zinc extended),Moderate
DDInter1839,Tositumomab (I-131),DDInter20,Acetylsalicylic acid,Acetylsalicylic acid,Tositumomab (I-131),Major
DDInter20,Acetylsalicylic acid,DDInter972,Irbesartan,Acetylsalicylic acid,Irbesartan,Moderate
DDInter993,Isradipine,DDInter20,Acetylsalicylic acid,Acetylsalicylic acid,Isradipine,Moderate
DDInter20,Acetylsalicylic acid,DDInter1004,Kanamycin,Acetylsalicylic acid,Kanamycin,Moderate
DDInter20,Acetylsalicylic acid,DDInter1009,Ketoprofen,Acetylsalicylic acid,Ketoprofen,Moderate
DDInter1013,Labetalol,DDInter20,Acetylsalicylic acid,Acetylsalicylic acid,Labetalol,Minor
DDInter1022,Lansoprazole,DDInter20,Acetylsalicylic acid,Acetylsalicylic acid,Lansoprazole,Minor
DDInter20,Acetylsalicylic acid,DDInter1033,Leflunomide,Acetylsalicylic acid,Leflunomide,Major
DDInter1037,Lepirudin,DDInter573,Dipyridamole,Dipyridamole,Lepirudin,Major
DDInter20,Acetylsalicylic acid,DDInter1038,Lesinurad,Acetylsalicylic acid,Lesinurad,Moderate
DDInter20,Acetylsalicylic acid,DDInter1045,Levamlodipine,Acetylsalicylic acid,Levamlodipine,Moderate
DDInter20,Acetylsalicylic acid,DDInter1055,Levofloxacin,Acetylsalicylic acid,Levofloxacin,Moderate
DDInter573,Dipyridamole,DDInter1059,Levomilnacipran,Dipyridamole,Levomilnacipran,Moderate
DDInter1079,Lisinopril,DDInter20,Acetylsalicylic acid,Acetylsalicylic acid,Lisinopril,Moderate
DDInter20,Acetylsalicylic acid,DDInter1081,Lithium carbonate,Acetylsalicylic acid,Lithium carbonate,Minor
DDInter20,Acetylsalicylic acid,DDInter1084,Lomefloxacin,Acetylsalicylic acid,Lomefloxacin,Moderate
DDInter1095,Losartan,DDInter20,Acetylsalicylic acid,Acetylsalicylic acid,Losartan,Moderate
DDInter20,Acetylsalicylic acid,DDInter1110,Macimorelin,Acetylsalicylic acid,Macimorelin,Moderate
DDInter20,Acetylsalicylic acid,DDInter1112,Magaldrate,Acetylsalicylic acid,Magaldrate,Moderate
DDInter20,Acetylsalicylic acid,DDInter1113,Magnesium carbonate,Acetylsalicylic acid,Magnesium carbonate,Moderate
DDInter20,Acetylsalicylic acid,DDInter1118,Magnesium hydroxide,Acetylsalicylic acid,Magnesium hydroxide,Moderate
DDInter20,Acetylsalicylic acid,DDInter1119,Magnesium oxide,Acetylsalicylic acid,Magnesium oxide,Moderate
DDInter1135,Meclofenamic acid,DDInter20,Acetylsalicylic acid,Acetylsalicylic acid,Meclofenamic acid,Moderate
DDInter1139,Mefenamic acid,DDInter573,Dipyridamole,Dipyridamole,Mefenamic acid,Moderate
DDInter1143,Meloxicam,DDInter573,Dipyridamole,Dipyridamole,Meloxicam,Moderate
DDInter1167,Methazolamide,DDInter20,Acetylsalicylic acid,Acetylsalicylic acid,Methazolamide,Major
DDInter1174,Methotrexate,DDInter20,Acetylsalicylic acid,Acetylsalicylic acid,Methotrexate,Major
DDInter20,Acetylsalicylic acid,DDInter1191,Methylprednisolone,Acetylsalicylic acid,Methylprednisolone,Moderate
DDInter20,Acetylsalicylic acid,DDInter1197,Metoclopramide,Acetylsalicylic acid,Metoclopramide,Minor
DDInter1200,Metoprolol,DDInter20,Acetylsalicylic acid,Acetylsalicylic acid,Metoprolol,Minor
DDInter20,Acetylsalicylic acid,DDInter1220,Milnacipran,Acetylsalicylic acid,Milnacipran,Moderate
DDInter1237,Moexipril,DDInter20,Acetylsalicylic acid,Acetylsalicylic acid,Moexipril,Moderate
DDInter1247,Moxifloxacin,DDInter20,Acetylsalicylic acid,Acetylsalicylic acid,Moxifloxacin,Moderate
DDInter1254,Nabumetone,DDInter20,Acetylsalicylic acid,Acetylsalicylic acid,Nabumetone,Moderate
DDInter20,Acetylsalicylic acid,DDInter1255,Nadolol,Acetylsalicylic acid,Nadolol,Minor
DDInter1259,Nalidixic acid,DDInter20,Acetylsalicylic acid,Acetylsalicylic acid,Nalidixic acid,Moderate
DDInter1266,Naproxen,DDInter20,Acetylsalicylic acid,Acetylsalicylic acid,Naproxen,Moderate
DDInter1269,Nateglinide,DDInter20,Acetylsalicylic acid,Acetylsalicylic acid,Nateglinide,Moderate
DDInter20,Acetylsalicylic acid,DDInter1271,Nebivolol,Acetylsalicylic acid,Nebivolol,Minor
DDInter20,Acetylsalicylic acid,DDInter1280,Nepafenac (ophthalmic),Acetylsalicylic acid,Nepafenac (ophthalmic),Moderate
DDInter573,Dipyridamole,DDInter1282,Nesiritide,Dipyridamole,Nesiritide,Moderate
DDInter20,Acetylsalicylic acid,DDInter1283,Netilmicin,Acetylsalicylic acid,Netilmicin,Moderate
DDInter1286,Niacin,DDInter20,Acetylsalicylic acid,Acetylsalicylic acid,Niacin,Minor
DDInter1287,Nicardipine,DDInter20,Acetylsalicylic acid,Acetylsalicylic acid,Nicardipine,Moderate
DDInter1295,Nimodipine,DDInter20,Acetylsalicylic acid,Acetylsalicylic acid,Nimodipine,Moderate
DDInter573,Dipyridamole,DDInter1296,Nintedanib,Dipyridamole,Nintedanib,Moderate
DDInter573,Dipyridamole,DDInter1297,Niraparib,Dipyridamole,Niraparib,Moderate
DDInter1298,Nisoldipine,DDInter20,Acetylsalicylic acid,Acetylsalicylic acid,Nisoldipine,Moderate
DDInter1304,Nitroglycerin,DDInter20,Acetylsalicylic acid,Acetylsalicylic acid,Nitroglycerin,Minor
DDInter20,Acetylsalicylic acid,DDInter1313,Norfloxacin,Acetylsalicylic acid,Norfloxacin,Moderate
DDInter20,Acetylsalicylic acid,DDInter1325,Ofloxacin,Acetylsalicylic acid,Ofloxacin,Moderate
DDInter1330,Olmesartan,DDInter20,Acetylsalicylic acid,Acetylsalicylic acid,Olmesartan,Moderate
DDInter20,Acetylsalicylic acid,DDInter1335,Omacetaxine mepesuccinate,Acetylsalicylic acid,Omacetaxine mepesuccinate,Major
DDInter1340,Omeprazole,DDInter20,Acetylsalicylic acid,Acetylsalicylic acid,Omeprazole,Minor
DDInter573,Dipyridamole,DDInter1358,Oxaprozin,Dipyridamole,Oxaprozin,Moderate
DDInter573,Dipyridamole,DDInter1363,Oxtriphylline,Dipyridamole,Oxtriphylline,Moderate
DDInter1383,Pamidronic acid,DDInter20,Acetylsalicylic acid,Acetylsalicylic acid,Pamidronic acid,Moderate
DDInter20,Acetylsalicylic acid,DDInter1387,Panobinostat,Acetylsalicylic acid,Panobinostat,Major
DDInter1388,Pantoprazole,DDInter20,Acetylsalicylic acid,Acetylsalicylic acid,Pantoprazole,Minor
DDInter1397,Paroxetine,DDInter20,Acetylsalicylic acid,Acetylsalicylic acid,Paroxetine,Moderate
DDInter1404,Pegaspargase,DDInter20,Acetylsalicylic acid,Acetylsalicylic acid,Pegaspargase,Moderate
DDInter1414,Pemetrexed,DDInter20,Acetylsalicylic acid,Acetylsalicylic acid,Pemetrexed,Moderate
DDInter20,Acetylsalicylic acid,DDInter1417,Penbutolol,Acetylsalicylic acid,Penbutolol,Minor
DDInter1424,Pentosan polysulfate,DDInter20,Acetylsalicylic acid,Acetylsalicylic acid,Pentosan polysulfate,Moderate
DDInter1426,Pentoxifylline,DDInter573,Dipyridamole,Dipyridamole,Pentoxifylline,Moderate
DDInter1431,Perindopril,DDInter20,Acetylsalicylic acid,Acetylsalicylic acid,Perindopril,Moderate
DDInter1451,Phenylbutazone,DDInter573,Dipyridamole,Dipyridamole,Phenylbutazone,Moderate
DDInter1460,Phenytoin,DDInter20,Acetylsalicylic acid,Acetylsalicylic acid,Phenytoin,Minor
DDInter20,Acetylsalicylic acid,DDInter1471,Pindolol,Acetylsalicylic acid,Pindolol,Minor
DDInter1478,Piroxicam,DDInter20,Acetylsalicylic acid,Acetylsalicylic acid,Piroxicam,Moderate
DDInter20,Acetylsalicylic acid,DDInter1480,Pitolisant,Acetylsalicylic acid,Pitolisant,Moderate
DDInter20,Acetylsalicylic acid,DDInter1482,Plazomicin,Acetylsalicylic acid,Plazomicin,Moderate
DDInter20,Acetylsalicylic acid,DDInter1487,Polyethylene glycol (3350 with electrolytes),Acetylsalicylic acid,Polyethylene glycol (3350 with electrolytes),Moderate
DDInter20,Acetylsalicylic acid,DDInter1492,Ponatinib,Acetylsalicylic acid,Ponatinib,Major
DDInter20,Acetylsalicylic acid,DDInter1498,Potassium citrate,Acetylsalicylic acid,Potassium citrate,Moderate
DDInter20,Acetylsalicylic acid,DDInter1502,Pralatrexate,Acetylsalicylic acid,Pralatrexate,Moderate
DDInter573,Dipyridamole,DDInter1508,Prasugrel,Dipyridamole,Prasugrel,Major
DDInter1511,Prazosin,DDInter20,Acetylsalicylic acid,Acetylsalicylic acid,Prazosin,Moderate
DDInter1513,Prednisolone,DDInter20,Acetylsalicylic acid,Acetylsalicylic acid,Prednisolone,Moderate
DDInter1515,Prednisone,DDInter20,Acetylsalicylic acid,Acetylsalicylic acid,Prednisone,Moderate
DDInter20,Acetylsalicylic acid,DDInter1522,Probenecid,Acetylsalicylic acid,Probenecid,Moderate
DDInter1539,Propranolol,DDInter20,Acetylsalicylic acid,Acetylsalicylic acid,Propranolol,Minor
DDInter1554,Quinapril,DDInter20,Acetylsalicylic acid,Acetylsalicylic acid,Quinapril,Moderate
DDInter1556,Quinidine,DDInter20,Acetylsalicylic acid,Acetylsalicylic acid,Quinidine,Moderate
DDInter1565,Ramipril,DDInter20,Acetylsalicylic acid,Acetylsalicylic acid,Ramipril,Moderate
DDInter20,Acetylsalicylic acid,DDInter1566,Ramucirumab,Acetylsalicylic acid,Ramucirumab,Major
DDInter573,Dipyridamole,DDInter1575,Regadenoson,Dipyridamole,Regadenoson,Moderate
DDInter573,Dipyridamole,DDInter1576,Regorafenib,Dipyridamole,Regorafenib,Major
DDInter1581,Repaglinide,DDInter20,Acetylsalicylic acid,Acetylsalicylic acid,Repaglinide,Moderate
DDInter1585,Reteplase,DDInter20,Acetylsalicylic acid,Acetylsalicylic acid,Reteplase,Moderate
DDInter573,Dipyridamole,DDInter1600,Riociguat,Dipyridamole,Riociguat,Major
DDInter1604,Risedronic acid,DDInter20,Acetylsalicylic acid,Acetylsalicylic acid,Risedronic acid,Moderate
DDInter20,Acetylsalicylic acid,DDInter1609,Rivaroxaban,Acetylsalicylic acid,Rivaroxaban,Major
DDInter1613,Rofecoxib,DDInter573,Dipyridamole,Dipyridamole,Rofecoxib,Moderate
DDInter573,Dipyridamole,DDInter1659,Selumetinib,Dipyridamole,Selumetinib,Moderate
DDInter573,Dipyridamole,DDInter1662,Sertraline,Dipyridamole,Sertraline,Moderate
DDInter573,Dipyridamole,DDInter1665,Sibutramine,Dipyridamole,Sibutramine,Moderate
DDInter1666,Sildenafil,DDInter573,Dipyridamole,Dipyridamole,Sildenafil,Minor
DDInter20,Acetylsalicylic acid,DDInter1681,Sodium acetate,Acetylsalicylic acid,Sodium acetate,Moderate
DDInter20,Acetylsalicylic acid,DDInter1683,Sodium bicarbonate,Acetylsalicylic acid,Sodium bicarbonate,Moderate
DDInter20,Acetylsalicylic acid,DDInter953,Iodide I-123,Acetylsalicylic acid,Iodide I-123,Moderate
DDInter20,Acetylsalicylic acid,DDInter954,Iodide I-131,Acetylsalicylic acid,Iodide I-131,Moderate
DDInter20,Acetylsalicylic acid,DDInter1015,Lactic acid,Acetylsalicylic acid,Lactic acid,Moderate
DDInter1704,Sotalol,DDInter20,Acetylsalicylic acid,Acetylsalicylic acid,Sotalol,Minor
DDInter20,Acetylsalicylic acid,DDInter1705,Sparfloxacin,Acetylsalicylic acid,Sparfloxacin,Moderate
DDInter1707,Spironolactone,DDInter20,Acetylsalicylic acid,Acetylsalicylic acid,Spironolactone,Minor
DDInter1712,Streptokinase,DDInter20,Acetylsalicylic acid,Acetylsalicylic acid,Streptokinase,Moderate
DDInter20,Acetylsalicylic acid,DDInter1713,Streptomycin,Acetylsalicylic acid,Streptomycin,Moderate
DDInter20,Acetylsalicylic acid,DDInter1726,Sulfinpyrazone,Acetylsalicylic acid,Sulfinpyrazone,Moderate
DDInter1729,Sulindac,DDInter20,Acetylsalicylic acid,Acetylsalicylic acid,Sulindac,Moderate
DDInter1732,Suprofen (ophthalmic),DDInter573,Dipyridamole,Dipyridamole,Suprofen (ophthalmic),Moderate
DDInter20,Acetylsalicylic acid,DDInter1759,Telmisartan,Acetylsalicylic acid,Telmisartan,Moderate
DDInter1764,Tenecteplase,DDInter20,Acetylsalicylic acid,Acetylsalicylic acid,Tenecteplase,Moderate
DDInter20,Acetylsalicylic acid,DDInter1771,Teriflunomide,Acetylsalicylic acid,Teriflunomide,Major
DDInter573,Dipyridamole,DDInter1790,Thallous Chloride,Dipyridamole,Thallous Chloride,Moderate
DDInter1791,Theophylline,DDInter573,Dipyridamole,Dipyridamole,Theophylline,Moderate
DDInter573,Dipyridamole,DDInter1802,Ticagrelor,Dipyridamole,Ticagrelor,Moderate
DDInter1804,Ticlopidine,DDInter20,Acetylsalicylic acid,Acetylsalicylic acid,Ticlopidine,Moderate
DDInter20,Acetylsalicylic acid,DDInter1808,Tiludronic acid,Acetylsalicylic acid,Tiludronic acid,Moderate
DDInter1809,Timolol,DDInter20,Acetylsalicylic acid,Acetylsalicylic acid,Timolol,Minor
DDInter20,Acetylsalicylic acid,DDInter1812,Tinzaparin,Acetylsalicylic acid,Tinzaparin,Major
DDInter1817,Tipranavir,DDInter20,Acetylsalicylic acid,Acetylsalicylic acid,Tipranavir,Major
DDInter1818,Tirofiban,DDInter573,Dipyridamole,Dipyridamole,Tirofiban,Major
DDInter1822,Tobramycin,DDInter20,Acetylsalicylic acid,Acetylsalicylic acid,Tobramycin,Moderate
DDInter20,Acetylsalicylic acid,DDInter1825,Tofacitinib,Acetylsalicylic acid,Tofacitinib,Moderate
DDInter1826,Tolazamide,DDInter20,Acetylsalicylic acid,Acetylsalicylic acid,Tolazamide,Moderate
DDInter20,Acetylsalicylic acid,DDInter1828,Tolbutamide,Acetylsalicylic acid,Tolbutamide,Moderate
DDInter1831,Tolmetin,DDInter20,Acetylsalicylic acid,Acetylsalicylic acid,Tolmetin,Moderate
DDInter1836,Torasemide,DDInter20,Acetylsalicylic acid,Acetylsalicylic acid,Torasemide,Minor
DDInter1838,Tositumomab,DDInter20,Acetylsalicylic acid,Acetylsalicylic acid,Tositumomab,Major
DDInter1843,Trandolapril,DDInter20,Acetylsalicylic acid,Acetylsalicylic acid,Trandolapril,Moderate
DDInter1852,Treprostinil,DDInter573,Dipyridamole,Dipyridamole,Treprostinil,Moderate
DDInter1857,Triamcinolone (ophthalmic),DDInter20,Acetylsalicylic acid,Acetylsalicylic acid,Triamcinolone (ophthalmic),Moderate
DDInter20,Acetylsalicylic acid,DDInter1883,Tromethamine,Acetylsalicylic acid,Tromethamine,Moderate
DDInter1887,Trovafloxacin,DDInter20,Acetylsalicylic acid,Acetylsalicylic acid,Trovafloxacin,Moderate
DDInter20,Acetylsalicylic acid,DDInter1892,Turmeric,Acetylsalicylic acid,Turmeric,Minor
DDInter1905,Urokinase,DDInter20,Acetylsalicylic acid,Acetylsalicylic acid,Urokinase,Moderate
DDInter1910,Valdecoxib,DDInter573,Dipyridamole,Dipyridamole,Valdecoxib,Moderate
DDInter1915,Valsartan,DDInter20,Acetylsalicylic acid,Acetylsalicylic acid,Valsartan,Moderate
DDInter20,Acetylsalicylic acid,DDInter1920,Varicella Zoster Vaccine (Recombinant),Acetylsalicylic acid,Varicella Zoster Vaccine (Recombinant),Moderate
DDInter1927,Venlafaxine,DDInter20,Acetylsalicylic acid,Acetylsalicylic acid,Venlafaxine,Moderate
DDInter1928,Verapamil,DDInter20,Acetylsalicylic acid,Acetylsalicylic acid,Verapamil,Moderate
DDInter1929,Verteporfin,DDInter20,Acetylsalicylic acid,Acetylsalicylic acid,Verteporfin,Moderate
DDInter20,Acetylsalicylic acid,DDInter1935,Vilazodone,Acetylsalicylic acid,Vilazodone,Moderate
DDInter1943,Vitamin E,DDInter573,Dipyridamole,Dipyridamole,Vitamin E,Moderate
DDInter573,Dipyridamole,DDInter1945,Vorapaxar,Dipyridamole,Vorapaxar,Major
DDInter20,Acetylsalicylic acid,DDInter1948,Vortioxetine,Acetylsalicylic acid,Vortioxetine,Moderate
DDInter1951,Warfarin,DDInter20,Acetylsalicylic acid,Acetylsalicylic acid,Warfarin,Major
DDInter1955,Zafirlukast,DDInter20,Acetylsalicylic acid,Acetylsalicylic acid,Zafirlukast,Moderate
DDInter20,Acetylsalicylic acid,DDInter1959,Zanubrutinib,Acetylsalicylic acid,Zanubrutinib,Major
DDInter1968,Zoledronic acid,DDInter20,Acetylsalicylic acid,Acetylsalicylic acid,Zoledronic acid,Moderate
DDInter115,Ardeparin,DDInter20,Acetylsalicylic acid,Acetylsalicylic acid,Ardeparin,Major
DDInter117,Argatroban,DDInter20,Acetylsalicylic acid,Acetylsalicylic acid,Argatroban,Moderate
DDInter20,Acetylsalicylic acid,DDInter262,Cabozantinib,Acetylsalicylic acid,Cabozantinib,Major
DDInter20,Acetylsalicylic acid,DDInter264,Calaspargase pegol,Acetylsalicylic acid,Calaspargase pegol,Moderate
DDInter20,Acetylsalicylic acid,DDInter286,Caplacizumab,Acetylsalicylic acid,Caplacizumab,Major
DDInter1340,Omeprazole,DDInter975,Iron,Iron,Omeprazole,Moderate
DDInter336,Celecoxib,DDInter20,Acetylsalicylic acid,Acetylsalicylic acid,Celecoxib,Moderate
DDInter1340,Omeprazole,DDInter379,Cilostazol,Cilostazol,Omeprazole,Major
DDInter1340,Omeprazole,DDInter413,Clopidogrel,Clopidogrel,Omeprazole,Major
DDInter20,Acetylsalicylic acid,DDInter471,Danaparoid,Acetylsalicylic acid,Danaparoid,Major
DDInter20,Acetylsalicylic acid,DDInter488,Deferasirox,Acetylsalicylic acid,Deferasirox,Major
DDInter20,Acetylsalicylic acid,DDInter518,Dexfenfluramine,Acetylsalicylic acid,Dexfenfluramine,Moderate
DDInter537,Diclofenac,DDInter20,Acetylsalicylic acid,Acetylsalicylic acid,Diclofenac,Moderate
DDInter538,Diclofenac (ophthalmic),DDInter20,Acetylsalicylic acid,Acetylsalicylic acid,Diclofenac (ophthalmic),Moderate
DDInter20,Acetylsalicylic acid,DDInter621,Edoxaban,Acetylsalicylic acid,Edoxaban,Major
DDInter20,Acetylsalicylic acid,DDInter645,Enoxaparin,Acetylsalicylic acid,Enoxaparin,Major
DDInter659,Eptifibatide,DDInter20,Acetylsalicylic acid,Acetylsalicylic acid,Eptifibatide,Moderate
DDInter1340,Omeprazole,DDInter725,Ferrous fumarate,Ferrous fumarate,Omeprazole,Moderate
DDInter1340,Omeprazole,DDInter726,Ferrous gluconate,Ferrous gluconate,Omeprazole,Moderate
DDInter763,Flurbiprofen,DDInter20,Acetylsalicylic acid,Acetylsalicylic acid,Flurbiprofen,Moderate
DDInter1340,Omeprazole,DDInter785,Fostamatinib,Fostamatinib,Omeprazole,Moderate
DDInter20,Acetylsalicylic acid,DDInter808,Garlic,Acetylsalicylic acid,Garlic,Moderate
DDInter20,Acetylsalicylic acid,DDInter818,Ginger,Acetylsalicylic acid,Ginger,Moderate
DDInter20,Acetylsalicylic acid,DDInter819,Ginkgo biloba,Acetylsalicylic acid,Ginkgo biloba,Moderate
DDInter20,Acetylsalicylic acid,DDInter820,Ginseng,Acetylsalicylic acid,Ginseng,Moderate
DDInter20,Acetylsalicylic acid,DDInter855,Hemin,Acetylsalicylic acid,Hemin,Moderate
DDInter20,Acetylsalicylic acid,DDInter899,Ibrutinib,Acetylsalicylic acid,Ibrutinib,Major
DDInter20,Acetylsalicylic acid,DDInter908,Iloprost,Acetylsalicylic acid,Iloprost,Moderate
DDInter20,Acetylsalicylic acid,DDInter926,Inotersen,Acetylsalicylic acid,Inotersen,Major
DDInter1037,Lepirudin,DDInter20,Acetylsalicylic acid,Acetylsalicylic acid,Lepirudin,Moderate
DDInter20,Acetylsalicylic acid,DDInter1059,Levomilnacipran,Acetylsalicylic acid,Levomilnacipran,Moderate
DDInter1139,Mefenamic acid,DDInter20,Acetylsalicylic acid,Acetylsalicylic acid,Mefenamic acid,Moderate
DDInter1143,Meloxicam,DDInter20,Acetylsalicylic acid,Acetylsalicylic acid,Meloxicam,Moderate
DDInter1340,Omeprazole,DDInter1277,Neomycin,Neomycin,Omeprazole,Moderate
DDInter20,Acetylsalicylic acid,DDInter1296,Nintedanib,Acetylsalicylic acid,Nintedanib,Moderate
DDInter20,Acetylsalicylic acid,DDInter1297,Niraparib,Acetylsalicylic acid,Niraparib,Moderate
DDInter20,Acetylsalicylic acid,DDInter1358,Oxaprozin,Acetylsalicylic acid,Oxaprozin,Moderate
DDInter1426,Pentoxifylline,DDInter20,Acetylsalicylic acid,Acetylsalicylic acid,Pentoxifylline,Moderate
DDInter1451,Phenylbutazone,DDInter20,Acetylsalicylic acid,Acetylsalicylic acid,Phenylbutazone,Moderate
DDInter20,Acetylsalicylic acid,DDInter1508,Prasugrel,Acetylsalicylic acid,Prasugrel,Moderate
DDInter20,Acetylsalicylic acid,DDInter1576,Regorafenib,Acetylsalicylic acid,Regorafenib,Major
DDInter1613,Rofecoxib,DDInter20,Acetylsalicylic acid,Acetylsalicylic acid,Rofecoxib,Moderate
DDInter20,Acetylsalicylic acid,DDInter1659,Selumetinib,Acetylsalicylic acid,Selumetinib,Moderate
DDInter20,Acetylsalicylic acid,DDInter1662,Sertraline,Acetylsalicylic acid,Sertraline,Moderate
DDInter20,Acetylsalicylic acid,DDInter1665,Sibutramine,Acetylsalicylic acid,Sibutramine,Moderate
DDInter1732,Suprofen (ophthalmic),DDInter20,Acetylsalicylic acid,Acetylsalicylic acid,Suprofen (ophthalmic),Moderate
DDInter20,Acetylsalicylic acid,DDInter1802,Ticagrelor,Acetylsalicylic acid,Ticagrelor,Moderate
DDInter1818,Tirofiban,DDInter20,Acetylsalicylic acid,Acetylsalicylic acid,Tirofiban,Moderate
DDInter1852,Treprostinil,DDInter20,Acetylsalicylic acid,Acetylsalicylic acid,Treprostinil,Moderate
DDInter1910,Valdecoxib,DDInter20,Acetylsalicylic acid,Acetylsalicylic acid,Valdecoxib,Moderate
DDInter1943,Vitamin E,DDInter20,Acetylsalicylic acid,Acetylsalicylic acid,Vitamin E,Moderate
DDInter129,Atazanavir,DDInter143,Avatrombopag,Atazanavir,Avatrombopag,Moderate
DDInter129,Atazanavir,DDInter200,Betrixaban,Atazanavir,Betrixaban,Moderate
DDInter129,Atazanavir,DDInter379,Cilostazol,Atazanavir,Cilostazol,Major
DDInter542,Dicoumarol,DDInter129,Atazanavir,Atazanavir,Dicoumarol,Moderate
DDInter129,Atazanavir,DDInter621,Edoxaban,Atazanavir,Edoxaban,Major
DDInter129,Atazanavir,DDInter1106,Lusutrombopag,Atazanavir,Lusutrombopag,Moderate
DDInter129,Atazanavir,DDInter1609,Rivaroxaban,Atazanavir,Rivaroxaban,Moderate
DDInter129,Atazanavir,DDInter1683,Sodium bicarbonate,Atazanavir,Sodium bicarbonate,Moderate
DDInter129,Atazanavir,DDInter1802,Ticagrelor,Atazanavir,Ticagrelor,Major
DDInter129,Atazanavir,DDInter1945,Vorapaxar,Atazanavir,Vorapaxar,Major
DDInter1951,Warfarin,DDInter129,Atazanavir,Atazanavir,Warfarin,Moderate
DDInter413,Clopidogrel,DDInter424,Cobicistat,Clopidogrel,Cobicistat,Major
DDInter1609,Rivaroxaban,DDInter424,Cobicistat,Cobicistat,Rivaroxaban,Major
DDInter1604,Risedronic acid,DDInter975,Iron,Iron,Risedronic acid,Moderate
DDInter1604,Risedronic acid,DDInter725,Ferrous fumarate,Ferrous fumarate,Risedronic acid,Moderate
DDInter1604,Risedronic acid,DDInter726,Ferrous gluconate,Ferrous gluconate,Risedronic acid,Moderate
DDInter1604,Risedronic acid,DDInter1114,Magnesium chloride,Magnesium chloride,Risedronic acid,Moderate
DDInter1604,Risedronic acid,DDInter1115,Magnesium citrate,Magnesium citrate,Risedronic acid,Moderate
DDInter1120,Magnesium sulfate,DDInter1604,Risedronic acid,Magnesium sulfate,Risedronic acid,Moderate
DDInter1604,Risedronic acid,DDInter1277,Neomycin,Neomycin,Risedronic acid,Moderate
DDInter1604,Risedronic acid,DDInter978,Iron sucrose,Iron sucrose,Risedronic acid,Moderate
DDInter130,Atenolol,DDInter657,Epoprostenol,Atenolol,Epoprostenol,Moderate
DDInter130,Atenolol,DDInter908,Iloprost,Atenolol,Iloprost,Moderate
DDInter130,Atenolol,DDInter1656,Selexipag,Atenolol,Selexipag,Moderate
DDInter130,Atenolol,DDInter1802,Ticagrelor,Atenolol,Ticagrelor,Minor
DDInter130,Atenolol,DDInter1852,Treprostinil,Atenolol,Treprostinil,Moderate
DDInter132,Atomoxetine,DDInter379,Cilostazol,Atomoxetine,Cilostazol,Moderate
DDInter132,Atomoxetine,DDInter1115,Magnesium citrate,Atomoxetine,Magnesium citrate,Moderate
DDInter1804,Ticlopidine,DDInter132,Atomoxetine,Atomoxetine,Ticlopidine,Moderate
DDInter413,Clopidogrel,DDInter133,Atorvastatin,Atorvastatin,Clopidogrel,Moderate
DDInter542,Dicoumarol,DDInter133,Atorvastatin,Atorvastatin,Dicoumarol,Minor
DDInter133,Atorvastatin,DDInter631,Eltrombopag,Atorvastatin,Eltrombopag,Moderate
DDInter133,Atorvastatin,DDInter1802,Ticagrelor,Atorvastatin,Ticagrelor,Minor
DDInter1951,Warfarin,DDInter133,Atorvastatin,Atorvastatin,Warfarin,Minor
DDInter542,Dicoumarol,DDInter1531,Proguanil,Dicoumarol,Proguanil,Moderate
DDInter1531,Proguanil,DDInter1683,Sodium bicarbonate,Proguanil,Sodium bicarbonate,Moderate
DDInter1951,Warfarin,DDInter1531,Proguanil,Proguanil,Warfarin,Moderate
DDInter136,Atropine,DDInter1497,Potassium chloride,Atropine,Potassium chloride,Major
DDInter136,Atropine,DDInter1683,Sodium bicarbonate,Atropine,Sodium bicarbonate,Moderate
DDInter657,Epoprostenol,DDInter141,Avanafil,Avanafil,Epoprostenol,Moderate
DDInter908,Iloprost,DDInter141,Avanafil,Avanafil,Iloprost,Moderate
DDInter1852,Treprostinil,DDInter141,Avanafil,Avanafil,Treprostinil,Moderate
DDInter99,Anistreplase,DDInter142,Avapritinib,Anistreplase,Avapritinib,Major
DDInter117,Argatroban,DDInter142,Avapritinib,Argatroban,Avapritinib,Major
DDInter200,Betrixaban,DDInter142,Avapritinib,Avapritinib,Betrixaban,Major
DDInter217,Bivalirudin,DDInter142,Avapritinib,Avapritinib,Bivalirudin,Major
DDInter283,Cangrelor,DDInter142,Avapritinib,Avapritinib,Cangrelor,Major
DDInter286,Caplacizumab,DDInter142,Avapritinib,Avapritinib,Caplacizumab,Major
DDInter379,Cilostazol,DDInter142,Avapritinib,Avapritinib,Cilostazol,Major
DDInter413,Clopidogrel,DDInter142,Avapritinib,Avapritinib,Clopidogrel,Major
DDInter470,Dalteparin,DDInter142,Avapritinib,Avapritinib,Dalteparin,Major
DDInter471,Danaparoid,DDInter142,Avapritinib,Avapritinib,Danaparoid,Major
DDInter491,Defibrotide,DDInter142,Avapritinib,Avapritinib,Defibrotide,Major
DDInter505,Desirudin,DDInter142,Avapritinib,Avapritinib,Desirudin,Major
DDInter523,Dextran (-1),DDInter142,Avapritinib,Avapritinib,Dextran (-1),Major
DDInter524,Dextran (high molecular weight),DDInter142,Avapritinib,Avapritinib,Dextran (high molecular weight),Major
DDInter525,Dextran (low molecular weight),DDInter142,Avapritinib,Avapritinib,Dextran (low molecular weight),Major
DDInter542,Dicoumarol,DDInter142,Avapritinib,Avapritinib,Dicoumarol,Major
DDInter573,Dipyridamole,DDInter142,Avapritinib,Avapritinib,Dipyridamole,Major
DDInter605,Drotrecogin alfa,DDInter142,Avapritinib,Avapritinib,Drotrecogin alfa,Major
DDInter621,Edoxaban,DDInter142,Avapritinib,Avapritinib,Edoxaban,Major
DDInter645,Enoxaparin,DDInter142,Avapritinib,Avapritinib,Enoxaparin,Major
DDInter657,Epoprostenol,DDInter142,Avapritinib,Avapritinib,Epoprostenol,Major
DDInter659,Eptifibatide,DDInter142,Avapritinib,Avapritinib,Eptifibatide,Major
DDInter855,Hemin,DDInter142,Avapritinib,Avapritinib,Hemin,Moderate
DDInter856,Heparin,DDInter142,Avapritinib,Avapritinib,Heparin,Major
DDInter908,Iloprost,DDInter142,Avapritinib,Avapritinib,Iloprost,Major
DDInter1037,Lepirudin,DDInter142,Avapritinib,Avapritinib,Lepirudin,Major
DDInter1508,Prasugrel,DDInter142,Avapritinib,Avapritinib,Prasugrel,Major
DDInter1585,Reteplase,DDInter142,Avapritinib,Avapritinib,Reteplase,Major
DDInter1609,Rivaroxaban,DDInter142,Avapritinib,Avapritinib,Rivaroxaban,Major
DDInter1712,Streptokinase,DDInter142,Avapritinib,Avapritinib,Streptokinase,Major
DDInter1764,Tenecteplase,DDInter142,Avapritinib,Avapritinib,Tenecteplase,Major
DDInter1802,Ticagrelor,DDInter142,Avapritinib,Avapritinib,Ticagrelor,Major
DDInter1804,Ticlopidine,DDInter142,Avapritinib,Avapritinib,Ticlopidine,Major
DDInter1812,Tinzaparin,DDInter142,Avapritinib,Avapritinib,Tinzaparin,Major
DDInter1818,Tirofiban,DDInter142,Avapritinib,Avapritinib,Tirofiban,Major
DDInter1852,Treprostinil,DDInter142,Avapritinib,Avapritinib,Treprostinil,Major
DDInter1905,Urokinase,DDInter142,Avapritinib,Avapritinib,Urokinase,Major
DDInter1945,Vorapaxar,DDInter142,Avapritinib,Avapritinib,Vorapaxar,Major
DDInter1951,Warfarin,DDInter142,Avapritinib,Avapritinib,Warfarin,Major
DDInter90,Amprenavir,DDInter143,Avatrombopag,Amprenavir,Avatrombopag,Moderate
DDInter221,Boceprevir,DDInter143,Avatrombopag,Avatrombopag,Boceprevir,Moderate
DDInter293,Carbamazepine,DDInter143,Avatrombopag,Avatrombopag,Carbamazepine,Major
DDInter299,Carfilzomib,DDInter143,Avatrombopag,Avatrombopag,Carfilzomib,Major
DDInter340,Ceritinib,DDInter143,Avatrombopag,Avatrombopag,Ceritinib,Moderate
DDInter393,Clarithromycin,DDInter143,Avatrombopag,Avatrombopag,Clarithromycin,Moderate
DDInter424,Cobicistat,DDInter143,Avatrombopag,Avatrombopag,Cobicistat,Moderate
DDInter462,Dabrafenib,DDInter143,Avatrombopag,Avatrombopag,Dabrafenib,Major
DDInter496,Delavirdine,DDInter143,Avatrombopag,Avatrombopag,Delavirdine,Moderate
DDInter649,Enzalutamide,DDInter143,Avatrombopag,Avatrombopag,Enzalutamide,Major
DDInter743,Fluconazole,DDInter143,Avatrombopag,Avatrombopag,Fluconazole,Major
DDInter905,Idelalisib,DDInter143,Avatrombopag,Avatrombopag,Idelalisib,Moderate
DDInter909,Imatinib,DDInter143,Avatrombopag,Avatrombopag,Imatinib,Major
DDInter917,Indinavir,DDInter143,Avatrombopag,Avatrombopag,Indinavir,Moderate
DDInter944,Interferon alfa-n1,DDInter143,Avatrombopag,Avatrombopag,Interferon alfa-n1,Moderate
DDInter945,Interferon alfa-n3,DDInter143,Avatrombopag,Avatrombopag,Interferon alfa-n3,Moderate
DDInter946,Interferon alfacon-1,DDInter143,Avatrombopag,Avatrombopag,Interferon alfacon-1,Moderate
DDInter947,Interferon beta-1a,DDInter143,Avatrombopag,Avatrombopag,Interferon beta-1a,Moderate
DDInter948,Interferon beta-1b,DDInter143,Avatrombopag,Avatrombopag,Interferon beta-1b,Moderate
DDInter949,Interferon gamma-1b,DDInter143,Avatrombopag,Avatrombopag,Interferon gamma-1b,Moderate
DDInter995,Itraconazole,DDInter143,Avatrombopag,Avatrombopag,Itraconazole,Moderate
DDInter1008,Ketoconazole,DDInter143,Avatrombopag,Avatrombopag,Ketoconazole,Moderate
DDInter1087,Lonafarnib,DDInter143,Avatrombopag,Avatrombopag,Lonafarnib,Moderate
DDInter1233,Mitotane,DDInter143,Avatrombopag,Avatrombopag,Mitotane,Moderate
DDInter1274,Nefazodone,DDInter143,Avatrombopag,Avatrombopag,Nefazodone,Moderate
DDInter1276,Nelfinavir,DDInter143,Avatrombopag,Avatrombopag,Nelfinavir,Moderate
DDInter1300,Nitisinone,DDInter143,Avatrombopag,Avatrombopag,Nitisinone,Moderate
DDInter1409,Peginterferon beta-1a,DDInter143,Avatrombopag,Avatrombopag,Peginterferon beta-1a,Moderate
DDInter143,Avatrombopag,DDInter1435,Pexidartinib,Avatrombopag,Pexidartinib,Moderate
DDInter1442,Phenobarbital,DDInter143,Avatrombopag,Avatrombopag,Phenobarbital,Moderate
DDInter1460,Phenytoin,DDInter143,Avatrombopag,Avatrombopag,Phenytoin,Major
DDInter1494,Posaconazole,DDInter143,Avatrombopag,Avatrombopag,Posaconazole,Moderate
DDInter1521,Primidone,DDInter143,Avatrombopag,Avatrombopag,Primidone,Moderate
DDInter1589,Rifabutin,DDInter143,Avatrombopag,Avatrombopag,Rifabutin,Moderate
DDInter1590,Rifampicin,DDInter143,Avatrombopag,Avatrombopag,Rifampicin,Major
DDInter1592,Rifapentine,DDInter143,Avatrombopag,Avatrombopag,Rifapentine,Major
DDInter1607,Ritonavir,DDInter143,Avatrombopag,Avatrombopag,Ritonavir,Moderate
DDInter1640,Saquinavir,DDInter143,Avatrombopag,Avatrombopag,Saquinavir,Moderate
DDInter1708,St. John's Wort,DDInter143,Avatrombopag,Avatrombopag,St. John's Wort,Major
DDInter1755,Telaprevir,DDInter143,Avatrombopag,Avatrombopag,Telaprevir,Moderate
DDInter1758,Telithromycin,DDInter143,Avatrombopag,Avatrombopag,Telithromycin,Moderate
DDInter1891,Tucatinib,DDInter143,Avatrombopag,Avatrombopag,Tucatinib,Moderate
DDInter1946,Voriconazole,DDInter143,Avatrombopag,Avatrombopag,Voriconazole,Moderate
DDInter1683,Sodium bicarbonate,DDInter147,Axitinib,Axitinib,Sodium bicarbonate,Minor
DDInter147,Axitinib,DDInter1802,Ticagrelor,Axitinib,Ticagrelor,Moderate
DDInter1312,Norethisterone,DDInter785,Fostamatinib,Fostamatinib,Norethisterone,Moderate
DDInter1844,Tranexamic acid,DDInter1312,Norethisterone,Norethisterone,Tranexamic acid,Major
DDInter542,Dicoumarol,DDInter150,Azathioprine,Azathioprine,Dicoumarol,Moderate
DDInter1951,Warfarin,DDInter150,Azathioprine,Azathioprine,Warfarin,Moderate
DDInter150,Azathioprine,DDInter1964,Zinc chloride,Azathioprine,Zinc chloride,Minor
DDInter470,Dalteparin,DDInter156,Azilsartan medoxomil,Azilsartan medoxomil,Dalteparin,Moderate
DDInter645,Enoxaparin,DDInter156,Azilsartan medoxomil,Azilsartan medoxomil,Enoxaparin,Moderate
DDInter657,Epoprostenol,DDInter156,Azilsartan medoxomil,Azilsartan medoxomil,Epoprostenol,Moderate
DDInter856,Heparin,DDInter156,Azilsartan medoxomil,Azilsartan medoxomil,Heparin,Moderate
DDInter908,Iloprost,DDInter156,Azilsartan medoxomil,Azilsartan medoxomil,Iloprost,Moderate
DDInter156,Azilsartan medoxomil,DDInter1495,Potassium acetate,Azilsartan medoxomil,Potassium acetate,Major
DDInter1497,Potassium chloride,DDInter156,Azilsartan medoxomil,Azilsartan medoxomil,Potassium chloride,Major
DDInter156,Azilsartan medoxomil,DDInter1656,Selexipag,Azilsartan medoxomil,Selexipag,Moderate
DDInter1812,Tinzaparin,DDInter156,Azilsartan medoxomil,Azilsartan medoxomil,Tinzaparin,Moderate
DDInter1852,Treprostinil,DDInter156,Azilsartan medoxomil,Azilsartan medoxomil,Treprostinil,Moderate
DDInter157,Azithromycin,DDInter200,Betrixaban,Azithromycin,Betrixaban,Major
DDInter157,Azithromycin,DDInter379,Cilostazol,Azithromycin,Cilostazol,Moderate
DDInter157,Azithromycin,DDInter542,Dicoumarol,Azithromycin,Dicoumarol,Moderate
DDInter157,Azithromycin,DDInter621,Edoxaban,Azithromycin,Edoxaban,Major
DDInter157,Azithromycin,DDInter1106,Lusutrombopag,Azithromycin,Lusutrombopag,Moderate
DDInter157,Azithromycin,DDInter1115,Magnesium citrate,Azithromycin,Magnesium citrate,Moderate
DDInter157,Azithromycin,DDInter1609,Rivaroxaban,Azithromycin,Rivaroxaban,Moderate
DDInter157,Azithromycin,DDInter1951,Warfarin,Azithromycin,Warfarin,Moderate
DDInter542,Dicoumarol,DDInter158,Aztreonam,Aztreonam,Dicoumarol,Moderate
DDInter158,Aztreonam,DDInter1951,Warfarin,Aztreonam,Warfarin,Moderate
DDInter1723,Sulfamethizole,DDInter1169,Methenamine,Methenamine,Sulfamethizole,Major
DDInter1723,Sulfamethizole,DDInter184,Benzocaine (topical),Benzocaine (topical),Sulfamethizole,Moderate
DDInter161,Bacitracin,DDInter1277,Neomycin,Bacitracin,Neomycin,Major
DDInter67,Amikacin (liposome),DDInter1278,Neomycin (topical),Amikacin (liposome),Neomycin (topical),Moderate
DDInter1278,Neomycin (topical),DDInter135,Atracurium,Atracurium,Neomycin (topical),Moderate
DDInter386,Cisatracurium,DDInter1278,Neomycin (topical),Cisatracurium,Neomycin (topical),Moderate
DDInter1278,Neomycin (topical),DDInter590,Doxacurium,Doxacurium,Neomycin (topical),Moderate
DDInter815,Gentamicin,DDInter1278,Neomycin (topical),Gentamicin,Neomycin (topical),Moderate
DDInter1278,Neomycin (topical),DDInter1004,Kanamycin,Kanamycin,Neomycin (topical),Moderate
DDInter1278,Neomycin (topical),DDInter1198,Metocurine,Metocurine,Neomycin (topical),Moderate
DDInter1278,Neomycin (topical),DDInter1235,Mivacurium,Mivacurium,Neomycin (topical),Moderate
DDInter1283,Netilmicin,DDInter1278,Neomycin (topical),Neomycin (topical),Netilmicin,Moderate
DDInter1278,Neomycin (topical),DDInter1385,Pancuronium,Neomycin (topical),Pancuronium,Moderate
DDInter1278,Neomycin (topical),DDInter1473,Pipecuronium,Neomycin (topical),Pipecuronium,Moderate
DDInter1278,Neomycin (topical),DDInter1482,Plazomicin,Neomycin (topical),Plazomicin,Moderate
DDInter1278,Neomycin (topical),DDInter1571,Rapacuronium,Neomycin (topical),Rapacuronium,Moderate
DDInter1612,Rocuronium,DDInter1278,Neomycin (topical),Neomycin (topical),Rocuronium,Moderate
DDInter1278,Neomycin (topical),DDInter1713,Streptomycin,Neomycin (topical),Streptomycin,Moderate
DDInter1716,Succinylcholine,DDInter1278,Neomycin (topical),Neomycin (topical),Succinylcholine,Moderate
DDInter1822,Tobramycin,DDInter1278,Neomycin (topical),Neomycin (topical),Tobramycin,Moderate
DDInter1278,Neomycin (topical),DDInter1890,Tubocurarine,Neomycin (topical),Tubocurarine,Moderate
DDInter1278,Neomycin (topical),DDInter1922,Vecuronium,Neomycin (topical),Vecuronium,Moderate
DDInter975,Iron,DDInter163,Baloxavir marboxil,Baloxavir marboxil,Iron,Moderate
DDInter163,Baloxavir marboxil,DDInter725,Ferrous fumarate,Baloxavir marboxil,Ferrous fumarate,Moderate
DDInter163,Baloxavir marboxil,DDInter726,Ferrous gluconate,Baloxavir marboxil,Ferrous gluconate,Moderate
DDInter1114,Magnesium chloride,DDInter163,Baloxavir marboxil,Baloxavir marboxil,Magnesium chloride,Moderate
DDInter1115,Magnesium citrate,DDInter163,Baloxavir marboxil,Baloxavir marboxil,Magnesium citrate,Moderate
DDInter1120,Magnesium sulfate,DDInter163,Baloxavir marboxil,Baloxavir marboxil,Magnesium sulfate,Moderate
DDInter542,Dicoumarol,DDInter164,Balsalazide,Balsalazide,Dicoumarol,Moderate
DDInter1277,Neomycin,DDInter164,Balsalazide,Balsalazide,Neomycin,Moderate
DDInter1723,Sulfamethizole,DDInter164,Balsalazide,Balsalazide,Sulfamethizole,Moderate
DDInter1951,Warfarin,DDInter164,Balsalazide,Balsalazide,Warfarin,Moderate
DDInter165,Baricitinib,DDInter1964,Zinc chloride,Baricitinib,Zinc chloride,Minor
DDInter166,Basiliximab,DDInter1964,Zinc chloride,Basiliximab,Zinc chloride,Minor
DDInter513,Dexamethasone,DDInter505,Desirudin,Desirudin,Dexamethasone,Major
DDInter542,Dicoumarol,DDInter513,Dexamethasone,Dexamethasone,Dicoumarol,Moderate
DDInter513,Dexamethasone,DDInter785,Fostamatinib,Dexamethasone,Fostamatinib,Moderate
DDInter513,Dexamethasone,DDInter881,Hyaluronidase,Dexamethasone,Hyaluronidase,Minor
DDInter513,Dexamethasone,DDInter1115,Magnesium citrate,Dexamethasone,Magnesium citrate,Moderate
DDInter1120,Magnesium sulfate,DDInter513,Dexamethasone,Dexamethasone,Magnesium sulfate,Moderate
DDInter513,Dexamethasone,DDInter1609,Rivaroxaban,Dexamethasone,Rivaroxaban,Moderate
DDInter513,Dexamethasone,DDInter1683,Sodium bicarbonate,Dexamethasone,Sodium bicarbonate,Minor
DDInter513,Dexamethasone,DDInter1802,Ticagrelor,Dexamethasone,Ticagrelor,Moderate
DDInter1804,Ticlopidine,DDInter513,Dexamethasone,Dexamethasone,Ticlopidine,Minor
DDInter1951,Warfarin,DDInter513,Dexamethasone,Dexamethasone,Warfarin,Moderate
DDInter513,Dexamethasone,DDInter1964,Zinc chloride,Dexamethasone,Zinc chloride,Minor
DDInter439,Conjugated estrogens,DDInter869,Human C1-esterase inhibitor,Conjugated estrogens,Human C1-esterase inhibitor,Moderate
DDInter439,Conjugated estrogens,DDInter437,Conestat alfa,Conestat alfa,Conjugated estrogens,Moderate
DDInter542,Dicoumarol,DDInter439,Conjugated estrogens,Conjugated estrogens,Dicoumarol,Moderate
DDInter439,Conjugated estrogens,DDInter785,Fostamatinib,Conjugated estrogens,Fostamatinib,Moderate
DDInter439,Conjugated estrogens,DDInter855,Hemin,Conjugated estrogens,Hemin,Major
DDInter439,Conjugated estrogens,DDInter881,Hyaluronidase,Conjugated estrogens,Hyaluronidase,Minor
DDInter439,Conjugated estrogens,DDInter1844,Tranexamic acid,Conjugated estrogens,Tranexamic acid,Major
DDInter439,Conjugated estrogens,DDInter1951,Warfarin,Conjugated estrogens,Warfarin,Moderate
DDInter542,Dicoumarol,DDInter1442,Phenobarbital,Dicoumarol,Phenobarbital,Major
DDInter771,Folic acid,DDInter1442,Phenobarbital,Folic acid,Phenobarbital,Moderate
DDInter1442,Phenobarbital,DDInter785,Fostamatinib,Fostamatinib,Phenobarbital,Major
DDInter1442,Phenobarbital,DDInter855,Hemin,Hemin,Phenobarbital,Major
DDInter1442,Phenobarbital,DDInter1609,Rivaroxaban,Phenobarbital,Rivaroxaban,Major
DDInter1442,Phenobarbital,DDInter1802,Ticagrelor,Phenobarbital,Ticagrelor,Major
DDInter1442,Phenobarbital,DDInter1945,Vorapaxar,Phenobarbital,Vorapaxar,Major
DDInter1951,Warfarin,DDInter1442,Phenobarbital,Phenobarbital,Warfarin,Major
DDInter172,Belatacept,DDInter1964,Zinc chloride,Belatacept,Zinc chloride,Minor
DDInter173,Belimumab,DDInter1964,Zinc chloride,Belimumab,Zinc chloride,Minor
DDInter1656,Selexipag,DDInter176,Bempedoic acid,Bempedoic acid,Selexipag,Moderate
DDInter542,Dicoumarol,DDInter707,Ezetimibe,Dicoumarol,Ezetimibe,Minor
DDInter707,Ezetimibe,DDInter631,Eltrombopag,Eltrombopag,Ezetimibe,Moderate
DDInter1951,Warfarin,DDInter707,Ezetimibe,Ezetimibe,Warfarin,Minor
DDInter479,Darbepoetin alfa,DDInter177,Benazepril,Benazepril,Darbepoetin alfa,Minor
DDInter542,Dicoumarol,DDInter177,Benazepril,Benazepril,Dicoumarol,Minor
DDInter177,Benazepril,DDInter908,Iloprost,Benazepril,Iloprost,Moderate
DDInter177,Benazepril,DDInter1406,Peginesatide,Benazepril,Peginesatide,Minor
DDInter177,Benazepril,DDInter1951,Warfarin,Benazepril,Warfarin,Minor
DDInter1804,Ticlopidine,DDInter178,Bendamustine,Bendamustine,Ticlopidine,Moderate
DDInter413,Clopidogrel,DDInter182,Benzhydrocodone,Benzhydrocodone,Clopidogrel,Moderate
DDInter1508,Prasugrel,DDInter182,Benzhydrocodone,Benzhydrocodone,Prasugrel,Moderate
DDInter1802,Ticagrelor,DDInter182,Benzhydrocodone,Benzhydrocodone,Ticagrelor,Moderate
DDInter187,Benzphetamine,DDInter80,Ammonium chloride,Ammonium chloride,Benzphetamine,Moderate
DDInter187,Benzphetamine,DDInter1681,Sodium acetate,Benzphetamine,Sodium acetate,Moderate
DDInter187,Benzphetamine,DDInter1683,Sodium bicarbonate,Benzphetamine,Sodium bicarbonate,Moderate
DDInter187,Benzphetamine,DDInter1883,Tromethamine,Benzphetamine,Tromethamine,Moderate
DDInter181,Benzatropine,DDInter1497,Potassium chloride,Benzatropine,Potassium chloride,Major
DDInter195,Betamethasone,DDInter505,Desirudin,Betamethasone,Desirudin,Major
DDInter542,Dicoumarol,DDInter195,Betamethasone,Betamethasone,Dicoumarol,Moderate
DDInter195,Betamethasone,DDInter881,Hyaluronidase,Betamethasone,Hyaluronidase,Minor
DDInter195,Betamethasone,DDInter1115,Magnesium citrate,Betamethasone,Magnesium citrate,Moderate
DDInter195,Betamethasone,DDInter1120,Magnesium sulfate,Betamethasone,Magnesium sulfate,Moderate
DDInter195,Betamethasone,DDInter1683,Sodium bicarbonate,Betamethasone,Sodium bicarbonate,Minor
DDInter1804,Ticlopidine,DDInter195,Betamethasone,Betamethasone,Ticlopidine,Minor
DDInter195,Betamethasone,DDInter1951,Warfarin,Betamethasone,Warfarin,Moderate
DDInter195,Betamethasone,DDInter1964,Zinc chloride,Betamethasone,Zinc chloride,Minor
DDInter198,Betaxolol (ophthalmic),DDInter1802,Ticagrelor,Betaxolol (ophthalmic),Ticagrelor,Minor
DDInter197,Betaxolol,DDInter657,Epoprostenol,Betaxolol,Epoprostenol,Moderate
DDInter197,Betaxolol,DDInter908,Iloprost,Betaxolol,Iloprost,Moderate
DDInter197,Betaxolol,DDInter1656,Selexipag,Betaxolol,Selexipag,Moderate
DDInter197,Betaxolol,DDInter1802,Ticagrelor,Betaxolol,Ticagrelor,Minor
DDInter197,Betaxolol,DDInter1852,Treprostinil,Betaxolol,Treprostinil,Moderate
DDInter90,Amprenavir,DDInter200,Betrixaban,Amprenavir,Betrixaban,Moderate
DDInter98,Anisindione,DDInter200,Betrixaban,Anisindione,Betrixaban,Major
DDInter99,Anistreplase,DDInter200,Betrixaban,Anistreplase,Betrixaban,Major
DDInter115,Ardeparin,DDInter200,Betrixaban,Ardeparin,Betrixaban,Major
DDInter117,Argatroban,DDInter200,Betrixaban,Argatroban,Betrixaban,Major
DDInter192,Bepridil,DDInter200,Betrixaban,Bepridil,Betrixaban,Major
DDInter200,Betrixaban,DDInter193,Berotralstat,Berotralstat,Betrixaban,Moderate
DDInter215,Bismuth subsalicylate,DDInter200,Betrixaban,Betrixaban,Bismuth subsalicylate,Moderate
DDInter217,Bivalirudin,DDInter200,Betrixaban,Betrixaban,Bivalirudin,Major
DDInter221,Boceprevir,DDInter200,Betrixaban,Betrixaban,Boceprevir,Moderate
DDInter233,Brigatinib,DDInter200,Betrixaban,Betrixaban,Brigatinib,Moderate
DDInter241,Bromfenac,DDInter200,Betrixaban,Betrixaban,Bromfenac,Major
DDInter242,Bromfenac (ophthalmic),DDInter200,Betrixaban,Betrixaban,Bromfenac (ophthalmic),Moderate
DDInter262,Cabozantinib,DDInter200,Betrixaban,Betrixaban,Cabozantinib,Major
DDInter200,Betrixaban,DDInter264,Calaspargase pegol,Betrixaban,Calaspargase pegol,Moderate
DDInter283,Cangrelor,DDInter200,Betrixaban,Betrixaban,Cangrelor,Major
DDInter286,Caplacizumab,DDInter200,Betrixaban,Betrixaban,Caplacizumab,Major
DDInter287,Capmatinib,DDInter200,Betrixaban,Betrixaban,Capmatinib,Moderate
DDInter291,Capsicum,DDInter200,Betrixaban,Betrixaban,Capsicum,Minor
DDInter292,Captopril,DDInter200,Betrixaban,Betrixaban,Captopril,Moderate
DDInter293,Carbamazepine,DDInter200,Betrixaban,Betrixaban,Carbamazepine,Moderate
DDInter305,Carvedilol,DDInter200,Betrixaban,Betrixaban,Carvedilol,Major
DDInter340,Ceritinib,DDInter200,Betrixaban,Betrixaban,Ceritinib,Moderate
DDInter200,Betrixaban,DDInter347,Chamomile,Betrixaban,Chamomile,Minor
DDInter200,Betrixaban,DDInter370,Choline salicylate,Betrixaban,Choline salicylate,Moderate
DDInter379,Cilostazol,DDInter200,Betrixaban,Betrixaban,Cilostazol,Major
DDInter388,Citalopram,DDInter200,Betrixaban,Betrixaban,Citalopram,Moderate
DDInter393,Clarithromycin,DDInter200,Betrixaban,Betrixaban,Clarithromycin,Major
DDInter410,Clomipramine,DDInter200,Betrixaban,Betrixaban,Clomipramine,Moderate
DDInter413,Clopidogrel,DDInter200,Betrixaban,Betrixaban,Clopidogrel,Major
DDInter417,Clove,DDInter200,Betrixaban,Betrixaban,Clove,Minor
DDInter200,Betrixaban,DDInter422,Coagulation factor X human,Betrixaban,Coagulation factor X human,Moderate
DDInter424,Cobicistat,DDInter200,Betrixaban,Betrixaban,Cobicistat,Moderate
DDInter435,Collagenase clostridium histolyticum,DDInter200,Betrixaban,Betrixaban,Collagenase clostridium histolyticum,Moderate
DDInter438,Conivaptan,DDInter200,Betrixaban,Betrixaban,Conivaptan,Major
DDInter448,Crizotinib,DDInter200,Betrixaban,Betrixaban,Crizotinib,Moderate
DDInter458,Cyclosporine,DDInter200,Betrixaban,Betrixaban,Cyclosporine,Major
DDInter464,Daclatasvir,DDInter200,Betrixaban,Betrixaban,Daclatasvir,Moderate
DDInter470,Dalteparin,DDInter200,Betrixaban,Betrixaban,Dalteparin,Major
DDInter471,Danaparoid,DDInter200,Betrixaban,Betrixaban,Danaparoid,Major
DDInter484,Dasatinib,DDInter200,Betrixaban,Betrixaban,Dasatinib,Major
DDInter488,Deferasirox,DDInter200,Betrixaban,Betrixaban,Deferasirox,Major
DDInter491,Defibrotide,DDInter200,Betrixaban,Betrixaban,Defibrotide,Major
DDInter501,Deoxycholic acid,DDInter200,Betrixaban,Betrixaban,Deoxycholic acid,Moderate
DDInter505,Desirudin,DDInter200,Betrixaban,Betrixaban,Desirudin,Major
DDInter511,Desvenlafaxine,DDInter200,Betrixaban,Betrixaban,Desvenlafaxine,Moderate
DDInter518,Dexfenfluramine,DDInter200,Betrixaban,Betrixaban,Dexfenfluramine,Moderate
DDInter523,Dextran (-1),DDInter200,Betrixaban,Betrixaban,Dextran (-1),Major
DDInter524,Dextran (high molecular weight),DDInter200,Betrixaban,Betrixaban,Dextran (high molecular weight),Major
DDInter525,Dextran (low molecular weight),DDInter200,Betrixaban,Betrixaban,Dextran (low molecular weight),Major
DDInter537,Diclofenac,DDInter200,Betrixaban,Betrixaban,Diclofenac,Major
DDInter538,Diclofenac (ophthalmic),DDInter200,Betrixaban,Betrixaban,Diclofenac (ophthalmic),Moderate
DDInter542,Dicoumarol,DDInter200,Betrixaban,Betrixaban,Dicoumarol,Major
DDInter551,Diflunisal,DDInter200,Betrixaban,Betrixaban,Diflunisal,Major
DDInter561,Diltiazem,DDInter200,Betrixaban,Betrixaban,Diltiazem,Major
DDInter573,Dipyridamole,DDInter200,Betrixaban,Betrixaban,Dipyridamole,Major
DDInter602,Dronedarone,DDInter200,Betrixaban,Betrixaban,Dronedarone,Major
DDInter605,Drotrecogin alfa,DDInter200,Betrixaban,Betrixaban,Drotrecogin alfa,Major
DDInter608,Duloxetine,DDInter200,Betrixaban,Betrixaban,Duloxetine,Moderate
DDInter621,Edoxaban,DDInter200,Betrixaban,Betrixaban,Edoxaban,Major
DDInter625,Elagolix,DDInter200,Betrixaban,Betrixaban,Elagolix,Moderate
DDInter629,Eliglustat,DDInter200,Betrixaban,Betrixaban,Eliglustat,Moderate
DDInter640,Encorafenib,DDInter200,Betrixaban,Betrixaban,Encorafenib,Moderate
DDInter645,Enoxaparin,DDInter200,Betrixaban,Betrixaban,Enoxaparin,Major
DDInter649,Enzalutamide,DDInter200,Betrixaban,Betrixaban,Enzalutamide,Moderate
DDInter657,Epoprostenol,DDInter200,Betrixaban,Betrixaban,Epoprostenol,Major
DDInter659,Eptifibatide,DDInter200,Betrixaban,Betrixaban,Eptifibatide,Major
DDInter661,Erdafitinib,DDInter200,Betrixaban,Betrixaban,Erdafitinib,Moderate
DDInter670,Erythromycin,DDInter200,Betrixaban,Betrixaban,Erythromycin,Major
DDInter672,Escitalopram,DDInter200,Betrixaban,Betrixaban,Escitalopram,Moderate
DDInter699,Etodolac,DDInter200,Betrixaban,Betrixaban,Etodolac,Major
DDInter708,Ezogabine,DDInter200,Betrixaban,Betrixaban,Ezogabine,Moderate
DDInter200,Betrixaban,DDInter714,Fedratinib,Betrixaban,Fedratinib,Major
DDInter716,Felodipine,DDInter200,Betrixaban,Betrixaban,Felodipine,Major
DDInter717,Fenfluramine,DDInter200,Betrixaban,Betrixaban,Fenfluramine,Moderate
DDInter721,Fenoprofen,DDInter200,Betrixaban,Betrixaban,Fenoprofen,Major
DDInter741,Flibanserin,DDInter200,Betrixaban,Betrixaban,Flibanserin,Major
DDInter758,Fluoxetine,DDInter200,Betrixaban,Betrixaban,Fluoxetine,Moderate
DDInter763,Flurbiprofen,DDInter200,Betrixaban,Betrixaban,Flurbiprofen,Major
DDInter764,Flurbiprofen (ophthalmic),DDInter200,Betrixaban,Betrixaban,Flurbiprofen (ophthalmic),Moderate
DDInter808,Garlic,DDInter200,Betrixaban,Betrixaban,Garlic,Moderate
DDInter818,Ginger,DDInter200,Betrixaban,Betrixaban,Ginger,Moderate
DDInter819,Ginkgo biloba,DDInter200,Betrixaban,Betrixaban,Ginkgo biloba,Moderate
DDInter820,Ginseng,DDInter200,Betrixaban,Betrixaban,Ginseng,Moderate
DDInter822,Glasdegib,DDInter200,Betrixaban,Betrixaban,Glasdegib,Moderate
DDInter855,Hemin,DDInter200,Betrixaban,Betrixaban,Hemin,Moderate
DDInter856,Heparin,DDInter200,Betrixaban,Betrixaban,Heparin,Major
DDInter898,Ibritumomab tiuxetan,DDInter200,Betrixaban,Betrixaban,Ibritumomab tiuxetan,Major
DDInter899,Ibrutinib,DDInter200,Betrixaban,Betrixaban,Ibrutinib,Major
DDInter903,Icosapent,DDInter200,Betrixaban,Betrixaban,Icosapent,Moderate
DDInter908,Iloprost,DDInter200,Betrixaban,Betrixaban,Iloprost,Major
DDInter921,Indomethacin,DDInter200,Betrixaban,Betrixaban,Indomethacin,Major
DDInter200,Betrixaban,DDInter926,Inotersen,Betrixaban,Inotersen,Major
DDInter1839,Tositumomab (I-131),DDInter200,Betrixaban,Betrixaban,Tositumomab (I-131),Major
DDInter969,Ipilimumab,DDInter200,Betrixaban,Betrixaban,Ipilimumab,Major
DDInter980,Isavuconazonium,DDInter200,Betrixaban,Betrixaban,Isavuconazonium,Moderate
DDInter994,Istradefylline,DDInter200,Betrixaban,Betrixaban,Istradefylline,Moderate
DDInter995,Itraconazole,DDInter200,Betrixaban,Betrixaban,Itraconazole,Major
DDInter997,Ivacaftor,DDInter200,Betrixaban,Betrixaban,Ivacaftor,Moderate
DDInter1008,Ketoconazole,DDInter200,Betrixaban,Betrixaban,Ketoconazole,Major
DDInter1009,Ketoprofen,DDInter200,Betrixaban,Betrixaban,Ketoprofen,Major
DDInter1024,Lapatinib,DDInter200,Betrixaban,Betrixaban,Lapatinib,Major
DDInter1027,Lasmiditan,DDInter200,Betrixaban,Betrixaban,Lasmiditan,Moderate
DDInter1037,Lepirudin,DDInter200,Betrixaban,Betrixaban,Lepirudin,Major
DDInter1039,Letermovir,DDInter200,Betrixaban,Betrixaban,Letermovir,Moderate
DDInter1059,Levomilnacipran,DDInter200,Betrixaban,Betrixaban,Levomilnacipran,Moderate
DDInter1085,Lomitapide,DDInter200,Betrixaban,Betrixaban,Lomitapide,Moderate
DDInter1094,Lorlatinib,DDInter200,Betrixaban,Betrixaban,Lorlatinib,Moderate
DDInter1135,Meclofenamic acid,DDInter200,Betrixaban,Betrixaban,Meclofenamic acid,Major
DDInter1139,Mefenamic acid,DDInter200,Betrixaban,Betrixaban,Mefenamic acid,Major
DDInter1143,Meloxicam,DDInter200,Betrixaban,Betrixaban,Meloxicam,Major
DDInter1214,Midostaurin,DDInter200,Betrixaban,Betrixaban,Midostaurin,Moderate
DDInter1215,Mifepristone,DDInter200,Betrixaban,Betrixaban,Mifepristone,Major
DDInter1220,Milnacipran,DDInter200,Betrixaban,Betrixaban,Milnacipran,Moderate
DDInter1236,Modafinil,DDInter200,Betrixaban,Betrixaban,Modafinil,Moderate
DDInter1254,Nabumetone,DDInter200,Betrixaban,Betrixaban,Nabumetone,Major
DDInter1266,Naproxen,DDInter200,Betrixaban,Betrixaban,Naproxen,Major
DDInter1276,Nelfinavir,DDInter200,Betrixaban,Betrixaban,Nelfinavir,Major
DDInter1280,Nepafenac (ophthalmic),DDInter200,Betrixaban,Betrixaban,Nepafenac (ophthalmic),Moderate
DDInter1281,Neratinib,DDInter200,Betrixaban,Betrixaban,Neratinib,Moderate
DDInter1293,Nilotinib,DDInter200,Betrixaban,Betrixaban,Nilotinib,Moderate
DDInter1296,Nintedanib,DDInter200,Betrixaban,Betrixaban,Nintedanib,Moderate
DDInter1297,Niraparib,DDInter200,Betrixaban,Betrixaban,Niraparib,Moderate
DDInter1335,Omacetaxine mepesuccinate,DDInter200,Betrixaban,Betrixaban,Omacetaxine mepesuccinate,Major
DDInter1358,Oxaprozin,DDInter200,Betrixaban,Betrixaban,Oxaprozin,Major
DDInter1360,Oxcarbazepine,DDInter200,Betrixaban,Betrixaban,Oxcarbazepine,Moderate
DDInter1387,Panobinostat,DDInter200,Betrixaban,Betrixaban,Panobinostat,Major
DDInter1397,Paroxetine,DDInter200,Betrixaban,Betrixaban,Paroxetine,Moderate
DDInter1404,Pegaspargase,DDInter200,Betrixaban,Betrixaban,Pegaspargase,Moderate
DDInter1424,Pentosan polysulfate,DDInter200,Betrixaban,Betrixaban,Pentosan polysulfate,Moderate
DDInter1426,Pentoxifylline,DDInter200,Betrixaban,Betrixaban,Pentoxifylline,Moderate
DDInter1442,Phenobarbital,DDInter200,Betrixaban,Betrixaban,Phenobarbital,Moderate
DDInter1451,Phenylbutazone,DDInter200,Betrixaban,Betrixaban,Phenylbutazone,Major
DDInter1460,Phenytoin,DDInter200,Betrixaban,Betrixaban,Phenytoin,Moderate
DDInter1478,Piroxicam,DDInter200,Betrixaban,Betrixaban,Piroxicam,Major
DDInter1480,Pitolisant,DDInter200,Betrixaban,Betrixaban,Pitolisant,Moderate
DDInter1484,Plicamycin,DDInter200,Betrixaban,Betrixaban,Plicamycin,Major
DDInter1492,Ponatinib,DDInter200,Betrixaban,Betrixaban,Ponatinib,Major
DDInter1494,Posaconazole,DDInter200,Betrixaban,Betrixaban,Posaconazole,Moderate
DDInter1508,Prasugrel,DDInter200,Betrixaban,Betrixaban,Prasugrel,Major
DDInter1521,Primidone,DDInter200,Betrixaban,Betrixaban,Primidone,Moderate
DDInter1534,Propafenone,DDInter200,Betrixaban,Betrixaban,Propafenone,Major
DDInter1542,Protein C,DDInter200,Betrixaban,Betrixaban,Protein C,Moderate
DDInter1556,Quinidine,DDInter200,Betrixaban,Betrixaban,Quinidine,Major
DDInter1557,Quinine,DDInter200,Betrixaban,Betrixaban,Quinine,Major
DDInter1566,Ramucirumab,DDInter200,Betrixaban,Betrixaban,Ramucirumab,Major
DDInter1570,Ranolazine,DDInter200,Betrixaban,Betrixaban,Ranolazine,Major
DDInter1576,Regorafenib,DDInter200,Betrixaban,Betrixaban,Regorafenib,Major
DDInter1582,Reserpine,DDInter200,Betrixaban,Betrixaban,Reserpine,Moderate
DDInter1585,Reteplase,DDInter200,Betrixaban,Betrixaban,Reteplase,Major
DDInter1589,Rifabutin,DDInter200,Betrixaban,Betrixaban,Rifabutin,Moderate
DDInter1590,Rifampicin,DDInter200,Betrixaban,Betrixaban,Rifampicin,Moderate
DDInter1592,Rifapentine,DDInter200,Betrixaban,Betrixaban,Rifapentine,Moderate
DDInter1607,Ritonavir,DDInter200,Betrixaban,Betrixaban,Ritonavir,Major
DDInter1609,Rivaroxaban,DDInter200,Betrixaban,Betrixaban,Rivaroxaban,Major
DDInter1613,Rofecoxib,DDInter200,Betrixaban,Betrixaban,Rofecoxib,Moderate
DDInter1615,Rolapitant,DDInter200,Betrixaban,Betrixaban,Rolapitant,Major
DDInter1628,Ruxolitinib,DDInter200,Betrixaban,Betrixaban,Ruxolitinib,Major
DDInter1637,Salsalate,DDInter200,Betrixaban,Betrixaban,Salsalate,Moderate
DDInter1640,Saquinavir,DDInter200,Betrixaban,Betrixaban,Saquinavir,Major
DDInter1641,Sarecycline,DDInter200,Betrixaban,Betrixaban,Sarecycline,Moderate
DDInter1659,Selumetinib,DDInter200,Betrixaban,Betrixaban,Selumetinib,Moderate
DDInter1662,Sertraline,DDInter200,Betrixaban,Betrixaban,Sertraline,Moderate
DDInter1665,Sibutramine,DDInter200,Betrixaban,Betrixaban,Sibutramine,Moderate
DDInter1673,Simeprevir,DDInter200,Betrixaban,Betrixaban,Simeprevir,Moderate
DDInter953,Iodide I-123,DDInter200,Betrixaban,Betrixaban,Iodide I-123,Moderate
DDInter954,Iodide I-131,DDInter200,Betrixaban,Betrixaban,Iodide I-131,Moderate
DDInter1633,Salicylic acid (sodium),DDInter200,Betrixaban,Betrixaban,Salicylic acid (sodium),Moderate
DDInter1702,Sorafenib,DDInter200,Betrixaban,Betrixaban,Sorafenib,Moderate
DDInter1707,Spironolactone,DDInter200,Betrixaban,Betrixaban,Spironolactone,Major
DDInter1708,St. John's Wort,DDInter200,Betrixaban,Betrixaban,St. John's Wort,Moderate
DDInter1712,Streptokinase,DDInter200,Betrixaban,Betrixaban,Streptokinase,Major
DDInter1719,Sugammadex,DDInter200,Betrixaban,Betrixaban,Sugammadex,Moderate
DDInter1726,Sulfinpyrazone,DDInter200,Betrixaban,Betrixaban,Sulfinpyrazone,Major
DDInter1729,Sulindac,DDInter200,Betrixaban,Betrixaban,Sulindac,Major
DDInter1731,Sunitinib,DDInter200,Betrixaban,Betrixaban,Sunitinib,Moderate
DDInter1732,Suprofen (ophthalmic),DDInter200,Betrixaban,Betrixaban,Suprofen (ophthalmic),Moderate
DDInter1733,Suvorexant,DDInter200,Betrixaban,Betrixaban,Suvorexant,Moderate
DDInter1735,Tacrolimus,DDInter200,Betrixaban,Betrixaban,Tacrolimus,Major
DDInter1744,Tamoxifen,DDInter200,Betrixaban,Betrixaban,Tamoxifen,Moderate
DDInter200,Betrixaban,DDInter1750,Tazemetostat,Betrixaban,Tazemetostat,Major
DDInter1755,Telaprevir,DDInter200,Betrixaban,Betrixaban,Telaprevir,Moderate
DDInter1758,Telithromycin,DDInter200,Betrixaban,Betrixaban,Telithromycin,Major
DDInter1763,Temsirolimus,DDInter200,Betrixaban,Betrixaban,Temsirolimus,Major
DDInter1764,Tenecteplase,DDInter200,Betrixaban,Betrixaban,Tenecteplase,Major
DDInter1802,Ticagrelor,DDInter200,Betrixaban,Betrixaban,Ticagrelor,Major
DDInter1804,Ticlopidine,DDInter200,Betrixaban,Betrixaban,Ticlopidine,Major
DDInter1812,Tinzaparin,DDInter200,Betrixaban,Betrixaban,Tinzaparin,Major
DDInter1817,Tipranavir,DDInter200,Betrixaban,Betrixaban,Tipranavir,Major
DDInter1818,Tirofiban,DDInter200,Betrixaban,Betrixaban,Tirofiban,Major
DDInter1831,Tolmetin,DDInter200,Betrixaban,Betrixaban,Tolmetin,Major
DDInter1833,Tolvaptan,DDInter200,Betrixaban,Betrixaban,Tolvaptan,Moderate
DDInter1838,Tositumomab,DDInter200,Betrixaban,Betrixaban,Tositumomab,Major
DDInter1852,Treprostinil,DDInter200,Betrixaban,Betrixaban,Treprostinil,Major
DDInter1891,Tucatinib,DDInter200,Betrixaban,Betrixaban,Tucatinib,Moderate
DDInter200,Betrixaban,DDInter1892,Turmeric,Betrixaban,Turmeric,Minor
DDInter1897,Ulipristal,DDInter200,Betrixaban,Betrixaban,Ulipristal,Moderate
DDInter1905,Urokinase,DDInter200,Betrixaban,Betrixaban,Urokinase,Major
DDInter1909,Valbenazine,DDInter200,Betrixaban,Betrixaban,Valbenazine,Moderate
DDInter1910,Valdecoxib,DDInter200,Betrixaban,Betrixaban,Valdecoxib,Moderate
DDInter1925,Vemurafenib,DDInter200,Betrixaban,Betrixaban,Vemurafenib,Major
DDInter1926,Venetoclax,DDInter200,Betrixaban,Betrixaban,Venetoclax,Moderate
DDInter1927,Venlafaxine,DDInter200,Betrixaban,Betrixaban,Venlafaxine,Moderate
DDInter1928,Verapamil,DDInter200,Betrixaban,Betrixaban,Verapamil,Major
DDInter1929,Verteporfin,DDInter200,Betrixaban,Betrixaban,Verteporfin,Moderate
DDInter1935,Vilazodone,DDInter200,Betrixaban,Betrixaban,Vilazodone,Moderate
DDInter1943,Vitamin E,DDInter200,Betrixaban,Betrixaban,Vitamin E,Moderate
DDInter1945,Vorapaxar,DDInter200,Betrixaban,Betrixaban,Vorapaxar,Major
DDInter1948,Vortioxetine,DDInter200,Betrixaban,Betrixaban,Vortioxetine,Moderate
DDInter1951,Warfarin,DDInter200,Betrixaban,Betrixaban,Warfarin,Major
DDInter200,Betrixaban,DDInter1959,Zanubrutinib,Betrixaban,Zanubrutinib,Major
DDInter202,Bexarotene,DDInter1609,Rivaroxaban,Bexarotene,Rivaroxaban,Moderate
DDInter202,Bexarotene,DDInter1802,Ticagrelor,Bexarotene,Ticagrelor,Moderate
DDInter204,Bicalutamide,DDInter379,Cilostazol,Bicalutamide,Cilostazol,Moderate
DDInter542,Dicoumarol,DDInter204,Bicalutamide,Bicalutamide,Dicoumarol,Minor
DDInter204,Bicalutamide,DDInter1115,Magnesium citrate,Bicalutamide,Magnesium citrate,Moderate
DDInter1951,Warfarin,DDInter204,Bicalutamide,Bicalutamide,Warfarin,Minor
DDInter975,Iron,DDInter205,Bictegravir,Bictegravir,Iron,Major
DDInter631,Eltrombopag,DDInter205,Bictegravir,Bictegravir,Eltrombopag,Moderate
DDInter205,Bictegravir,DDInter725,Ferrous fumarate,Bictegravir,Ferrous fumarate,Major
DDInter205,Bictegravir,DDInter726,Ferrous gluconate,Bictegravir,Ferrous gluconate,Major
DDInter1114,Magnesium chloride,DDInter205,Bictegravir,Bictegravir,Magnesium chloride,Major
DDInter1115,Magnesium citrate,DDInter205,Bictegravir,Bictegravir,Magnesium citrate,Major
DDInter1120,Magnesium sulfate,DDInter205,Bictegravir,Bictegravir,Magnesium sulfate,Major
DDInter1802,Ticagrelor,DDInter205,Bictegravir,Bictegravir,Ticagrelor,Moderate
DDInter605,Drotrecogin alfa,DDInter210,Binimetinib,Binimetinib,Drotrecogin alfa,Major
DDInter631,Eltrombopag,DDInter210,Binimetinib,Binimetinib,Eltrombopag,Moderate
DDInter1802,Ticagrelor,DDInter210,Binimetinib,Binimetinib,Ticagrelor,Moderate
DDInter1804,Ticlopidine,DDInter527,Dextromethorphan,Dextromethorphan,Ticlopidine,Moderate
DDInter1497,Potassium chloride,DDInter211,Biperiden,Biperiden,Potassium chloride,Major
DDInter379,Cilostazol,DDInter212,Bisacodyl,Bisacodyl,Cilostazol,Moderate
DDInter1123,Mannitol,DDInter212,Bisacodyl,Bisacodyl,Mannitol,Moderate
DDInter1683,Sodium bicarbonate,DDInter212,Bisacodyl,Bisacodyl,Sodium bicarbonate,Moderate
DDInter1903,Urea,DDInter212,Bisacodyl,Bisacodyl,Urea,Moderate
DDInter1783,Tetracycline,DDInter272,Calcium chloride,Calcium chloride,Tetracycline,Moderate
DDInter1783,Tetracycline,DDInter975,Iron,Iron,Tetracycline,Moderate
DDInter542,Dicoumarol,DDInter1202,Metronidazole,Dicoumarol,Metronidazole,Major
DDInter1783,Tetracycline,DDInter725,Ferrous fumarate,Ferrous fumarate,Tetracycline,Moderate
DDInter1783,Tetracycline,DDInter726,Ferrous gluconate,Ferrous gluconate,Tetracycline,Moderate
DDInter1783,Tetracycline,DDInter1114,Magnesium chloride,Magnesium chloride,Tetracycline,Moderate
DDInter1783,Tetracycline,DDInter1115,Magnesium citrate,Magnesium citrate,Tetracycline,Moderate
DDInter1120,Magnesium sulfate,DDInter1783,Tetracycline,Magnesium sulfate,Tetracycline,Moderate
DDInter1783,Tetracycline,DDInter1681,Sodium acetate,Sodium acetate,Tetracycline,Moderate
DDInter1783,Tetracycline,DDInter1683,Sodium bicarbonate,Sodium bicarbonate,Tetracycline,Moderate
DDInter1783,Tetracycline,DDInter1883,Tromethamine,Tetracycline,Tromethamine,Moderate
DDInter1951,Warfarin,DDInter1202,Metronidazole,Metronidazole,Warfarin,Major
DDInter1783,Tetracycline,DDInter1964,Zinc chloride,Tetracycline,Zinc chloride,Moderate
DDInter216,Bisoprolol,DDInter657,Epoprostenol,Bisoprolol,Epoprostenol,Moderate
DDInter216,Bisoprolol,DDInter908,Iloprost,Bisoprolol,Iloprost,Moderate
DDInter216,Bisoprolol,DDInter1656,Selexipag,Bisoprolol,Selexipag,Moderate
DDInter216,Bisoprolol,DDInter1802,Ticagrelor,Bisoprolol,Ticagrelor,Minor
DDInter1852,Treprostinil,DDInter216,Bisoprolol,Bisoprolol,Treprostinil,Moderate
DDInter217,Bivalirudin,DDInter98,Anisindione,Anisindione,Bivalirudin,Major
DDInter217,Bivalirudin,DDInter99,Anistreplase,Anistreplase,Bivalirudin,Major
DDInter217,Bivalirudin,DDInter115,Ardeparin,Ardeparin,Bivalirudin,Major
DDInter217,Bivalirudin,DDInter117,Argatroban,Argatroban,Bivalirudin,Major
DDInter217,Bivalirudin,DDInter215,Bismuth subsalicylate,Bismuth subsalicylate,Bivalirudin,Moderate
DDInter217,Bivalirudin,DDInter241,Bromfenac,Bivalirudin,Bromfenac,Moderate
DDInter217,Bivalirudin,DDInter242,Bromfenac (ophthalmic),Bivalirudin,Bromfenac (ophthalmic),Moderate
DDInter217,Bivalirudin,DDInter262,Cabozantinib,Bivalirudin,Cabozantinib,Major
DDInter217,Bivalirudin,DDInter286,Caplacizumab,Bivalirudin,Caplacizumab,Major
DDInter217,Bivalirudin,DDInter291,Capsicum,Bivalirudin,Capsicum,Minor
DDInter217,Bivalirudin,DDInter347,Chamomile,Bivalirudin,Chamomile,Minor
DDInter217,Bivalirudin,DDInter370,Choline salicylate,Bivalirudin,Choline salicylate,Moderate
DDInter217,Bivalirudin,DDInter379,Cilostazol,Bivalirudin,Cilostazol,Major
DDInter217,Bivalirudin,DDInter388,Citalopram,Bivalirudin,Citalopram,Moderate
DDInter217,Bivalirudin,DDInter410,Clomipramine,Bivalirudin,Clomipramine,Moderate
DDInter217,Bivalirudin,DDInter413,Clopidogrel,Bivalirudin,Clopidogrel,Moderate
DDInter217,Bivalirudin,DDInter417,Clove,Bivalirudin,Clove,Minor
DDInter217,Bivalirudin,DDInter435,Collagenase clostridium histolyticum,Bivalirudin,Collagenase clostridium histolyticum,Moderate
DDInter217,Bivalirudin,DDInter470,Dalteparin,Bivalirudin,Dalteparin,Major
DDInter217,Bivalirudin,DDInter471,Danaparoid,Bivalirudin,Danaparoid,Major
DDInter217,Bivalirudin,DDInter484,Dasatinib,Bivalirudin,Dasatinib,Major
DDInter217,Bivalirudin,DDInter488,Deferasirox,Bivalirudin,Deferasirox,Major
DDInter217,Bivalirudin,DDInter491,Defibrotide,Bivalirudin,Defibrotide,Major
DDInter217,Bivalirudin,DDInter501,Deoxycholic acid,Bivalirudin,Deoxycholic acid,Moderate
DDInter217,Bivalirudin,DDInter505,Desirudin,Bivalirudin,Desirudin,Major
DDInter217,Bivalirudin,DDInter511,Desvenlafaxine,Bivalirudin,Desvenlafaxine,Moderate
DDInter217,Bivalirudin,DDInter518,Dexfenfluramine,Bivalirudin,Dexfenfluramine,Moderate
DDInter217,Bivalirudin,DDInter537,Diclofenac,Bivalirudin,Diclofenac,Moderate
DDInter217,Bivalirudin,DDInter538,Diclofenac (ophthalmic),Bivalirudin,Diclofenac (ophthalmic),Moderate
DDInter217,Bivalirudin,DDInter542,Dicoumarol,Bivalirudin,Dicoumarol,Major
DDInter217,Bivalirudin,DDInter551,Diflunisal,Bivalirudin,Diflunisal,Moderate
DDInter217,Bivalirudin,DDInter605,Drotrecogin alfa,Bivalirudin,Drotrecogin alfa,Major
DDInter217,Bivalirudin,DDInter608,Duloxetine,Bivalirudin,Duloxetine,Moderate
DDInter217,Bivalirudin,DDInter621,Edoxaban,Bivalirudin,Edoxaban,Major
DDInter217,Bivalirudin,DDInter645,Enoxaparin,Bivalirudin,Enoxaparin,Major
DDInter217,Bivalirudin,DDInter657,Epoprostenol,Bivalirudin,Epoprostenol,Moderate
DDInter217,Bivalirudin,DDInter659,Eptifibatide,Bivalirudin,Eptifibatide,Moderate
DDInter217,Bivalirudin,DDInter672,Escitalopram,Bivalirudin,Escitalopram,Moderate
DDInter217,Bivalirudin,DDInter699,Etodolac,Bivalirudin,Etodolac,Moderate
DDInter217,Bivalirudin,DDInter714,Fedratinib,Bivalirudin,Fedratinib,Major
DDInter217,Bivalirudin,DDInter717,Fenfluramine,Bivalirudin,Fenfluramine,Moderate
DDInter217,Bivalirudin,DDInter721,Fenoprofen,Bivalirudin,Fenoprofen,Moderate
DDInter217,Bivalirudin,DDInter758,Fluoxetine,Bivalirudin,Fluoxetine,Moderate
DDInter217,Bivalirudin,DDInter763,Flurbiprofen,Bivalirudin,Flurbiprofen,Moderate
DDInter217,Bivalirudin,DDInter764,Flurbiprofen (ophthalmic),Bivalirudin,Flurbiprofen (ophthalmic),Moderate
DDInter217,Bivalirudin,DDInter808,Garlic,Bivalirudin,Garlic,Moderate
DDInter217,Bivalirudin,DDInter818,Ginger,Bivalirudin,Ginger,Moderate
DDInter217,Bivalirudin,DDInter819,Ginkgo biloba,Bivalirudin,Ginkgo biloba,Moderate
DDInter217,Bivalirudin,DDInter820,Ginseng,Bivalirudin,Ginseng,Moderate
DDInter217,Bivalirudin,DDInter855,Hemin,Bivalirudin,Hemin,Moderate
DDInter217,Bivalirudin,DDInter856,Heparin,Bivalirudin,Heparin,Major
DDInter217,Bivalirudin,DDInter898,Ibritumomab tiuxetan,Bivalirudin,Ibritumomab tiuxetan,Major
DDInter217,Bivalirudin,DDInter899,Ibrutinib,Bivalirudin,Ibrutinib,Major
DDInter217,Bivalirudin,DDInter903,Icosapent,Bivalirudin,Icosapent,Moderate
DDInter217,Bivalirudin,DDInter908,Iloprost,Bivalirudin,Iloprost,Moderate
DDInter217,Bivalirudin,DDInter921,Indomethacin,Bivalirudin,Indomethacin,Moderate
DDInter217,Bivalirudin,DDInter926,Inotersen,Bivalirudin,Inotersen,Major
DDInter217,Bivalirudin,DDInter1839,Tositumomab (I-131),Bivalirudin,Tositumomab (I-131),Major
DDInter217,Bivalirudin,DDInter969,Ipilimumab,Bivalirudin,Ipilimumab,Major
DDInter217,Bivalirudin,DDInter1009,Ketoprofen,Bivalirudin,Ketoprofen,Moderate
DDInter1037,Lepirudin,DDInter217,Bivalirudin,Bivalirudin,Lepirudin,Major
DDInter217,Bivalirudin,DDInter1059,Levomilnacipran,Bivalirudin,Levomilnacipran,Moderate
DDInter217,Bivalirudin,DDInter1135,Meclofenamic acid,Bivalirudin,Meclofenamic acid,Moderate
DDInter217,Bivalirudin,DDInter1139,Mefenamic acid,Bivalirudin,Mefenamic acid,Moderate
DDInter217,Bivalirudin,DDInter1143,Meloxicam,Bivalirudin,Meloxicam,Moderate
DDInter217,Bivalirudin,DDInter1215,Mifepristone,Bivalirudin,Mifepristone,Major
DDInter217,Bivalirudin,DDInter1220,Milnacipran,Bivalirudin,Milnacipran,Moderate
DDInter217,Bivalirudin,DDInter1254,Nabumetone,Bivalirudin,Nabumetone,Moderate
DDInter217,Bivalirudin,DDInter1266,Naproxen,Bivalirudin,Naproxen,Moderate
DDInter217,Bivalirudin,DDInter1280,Nepafenac (ophthalmic),Bivalirudin,Nepafenac (ophthalmic),Moderate
DDInter217,Bivalirudin,DDInter1296,Nintedanib,Bivalirudin,Nintedanib,Moderate
DDInter217,Bivalirudin,DDInter1297,Niraparib,Bivalirudin,Niraparib,Moderate
DDInter217,Bivalirudin,DDInter1335,Omacetaxine mepesuccinate,Bivalirudin,Omacetaxine mepesuccinate,Major
DDInter217,Bivalirudin,DDInter1358,Oxaprozin,Bivalirudin,Oxaprozin,Moderate
DDInter217,Bivalirudin,DDInter1387,Panobinostat,Bivalirudin,Panobinostat,Major
DDInter217,Bivalirudin,DDInter1397,Paroxetine,Bivalirudin,Paroxetine,Moderate
DDInter217,Bivalirudin,DDInter1424,Pentosan polysulfate,Bivalirudin,Pentosan polysulfate,Moderate
DDInter217,Bivalirudin,DDInter1426,Pentoxifylline,Bivalirudin,Pentoxifylline,Moderate
DDInter217,Bivalirudin,DDInter1451,Phenylbutazone,Bivalirudin,Phenylbutazone,Moderate
DDInter217,Bivalirudin,DDInter1478,Piroxicam,Bivalirudin,Piroxicam,Moderate
DDInter217,Bivalirudin,DDInter1492,Ponatinib,Bivalirudin,Ponatinib,Major
DDInter217,Bivalirudin,DDInter1508,Prasugrel,Bivalirudin,Prasugrel,Major
DDInter217,Bivalirudin,DDInter1542,Protein C,Bivalirudin,Protein C,Moderate
DDInter217,Bivalirudin,DDInter1566,Ramucirumab,Bivalirudin,Ramucirumab,Major
DDInter217,Bivalirudin,DDInter1576,Regorafenib,Bivalirudin,Regorafenib,Major
DDInter217,Bivalirudin,DDInter1585,Reteplase,Bivalirudin,Reteplase,Major
DDInter217,Bivalirudin,DDInter1609,Rivaroxaban,Bivalirudin,Rivaroxaban,Major
DDInter217,Bivalirudin,DDInter1613,Rofecoxib,Bivalirudin,Rofecoxib,Moderate
DDInter217,Bivalirudin,DDInter1637,Salsalate,Bivalirudin,Salsalate,Moderate
DDInter217,Bivalirudin,DDInter1659,Selumetinib,Bivalirudin,Selumetinib,Moderate
DDInter217,Bivalirudin,DDInter1662,Sertraline,Bivalirudin,Sertraline,Moderate
DDInter217,Bivalirudin,DDInter1665,Sibutramine,Bivalirudin,Sibutramine,Moderate
DDInter217,Bivalirudin,DDInter953,Iodide I-123,Bivalirudin,Iodide I-123,Moderate
DDInter217,Bivalirudin,DDInter954,Iodide I-131,Bivalirudin,Iodide I-131,Moderate
DDInter217,Bivalirudin,DDInter1633,Salicylic acid (sodium),Bivalirudin,Salicylic acid (sodium),Moderate
DDInter217,Bivalirudin,DDInter1712,Streptokinase,Bivalirudin,Streptokinase,Major
DDInter217,Bivalirudin,DDInter1719,Sugammadex,Bivalirudin,Sugammadex,Moderate
DDInter217,Bivalirudin,DDInter1726,Sulfinpyrazone,Bivalirudin,Sulfinpyrazone,Moderate
DDInter217,Bivalirudin,DDInter1729,Sulindac,Bivalirudin,Sulindac,Moderate
DDInter217,Bivalirudin,DDInter1731,Sunitinib,Bivalirudin,Sunitinib,Moderate
DDInter217,Bivalirudin,DDInter1732,Suprofen (ophthalmic),Bivalirudin,Suprofen (ophthalmic),Moderate
DDInter217,Bivalirudin,DDInter1763,Temsirolimus,Bivalirudin,Temsirolimus,Major
DDInter217,Bivalirudin,DDInter1764,Tenecteplase,Bivalirudin,Tenecteplase,Major
DDInter217,Bivalirudin,DDInter1802,Ticagrelor,Bivalirudin,Ticagrelor,Moderate
DDInter217,Bivalirudin,DDInter1804,Ticlopidine,Bivalirudin,Ticlopidine,Moderate
DDInter217,Bivalirudin,DDInter1812,Tinzaparin,Bivalirudin,Tinzaparin,Major
DDInter217,Bivalirudin,DDInter1817,Tipranavir,Bivalirudin,Tipranavir,Major
DDInter217,Bivalirudin,DDInter1818,Tirofiban,Bivalirudin,Tirofiban,Moderate
DDInter217,Bivalirudin,DDInter1831,Tolmetin,Bivalirudin,Tolmetin,Moderate
DDInter217,Bivalirudin,DDInter1838,Tositumomab,Bivalirudin,Tositumomab,Major
DDInter217,Bivalirudin,DDInter1852,Treprostinil,Bivalirudin,Treprostinil,Moderate
DDInter217,Bivalirudin,DDInter1892,Turmeric,Bivalirudin,Turmeric,Minor
DDInter217,Bivalirudin,DDInter1905,Urokinase,Bivalirudin,Urokinase,Major
DDInter217,Bivalirudin,DDInter1910,Valdecoxib,Bivalirudin,Valdecoxib,Moderate
DDInter217,Bivalirudin,DDInter1927,Venlafaxine,Bivalirudin,Venlafaxine,Moderate
DDInter217,Bivalirudin,DDInter1929,Verteporfin,Bivalirudin,Verteporfin,Moderate
DDInter217,Bivalirudin,DDInter1935,Vilazodone,Bivalirudin,Vilazodone,Moderate
DDInter217,Bivalirudin,DDInter1943,Vitamin E,Bivalirudin,Vitamin E,Moderate
DDInter217,Bivalirudin,DDInter1945,Vorapaxar,Bivalirudin,Vorapaxar,Major
DDInter217,Bivalirudin,DDInter1948,Vortioxetine,Bivalirudin,Vortioxetine,Moderate
DDInter217,Bivalirudin,DDInter1951,Warfarin,Bivalirudin,Warfarin,Major
DDInter217,Bivalirudin,DDInter1959,Zanubrutinib,Bivalirudin,Zanubrutinib,Major
DDInter542,Dicoumarol,DDInter220,Blinatumomab,Blinatumomab,Dicoumarol,Moderate
DDInter1951,Warfarin,DDInter220,Blinatumomab,Blinatumomab,Warfarin,Moderate
DDInter99,Anistreplase,DDInter818,Ginger,Anistreplase,Ginger,Moderate
DDInter117,Argatroban,DDInter818,Ginger,Argatroban,Ginger,Moderate
DDInter283,Cangrelor,DDInter818,Ginger,Cangrelor,Ginger,Moderate
DDInter286,Caplacizumab,DDInter818,Ginger,Caplacizumab,Ginger,Moderate
DDInter413,Clopidogrel,DDInter818,Ginger,Clopidogrel,Ginger,Moderate
DDInter470,Dalteparin,DDInter818,Ginger,Dalteparin,Ginger,Moderate
DDInter471,Danaparoid,DDInter818,Ginger,Danaparoid,Ginger,Moderate
DDInter491,Defibrotide,DDInter818,Ginger,Defibrotide,Ginger,Moderate
DDInter542,Dicoumarol,DDInter818,Ginger,Dicoumarol,Ginger,Moderate
DDInter621,Edoxaban,DDInter818,Ginger,Edoxaban,Ginger,Moderate
DDInter631,Eltrombopag,DDInter279,Calcium Phosphate,Calcium Phosphate,Eltrombopag,Moderate
DDInter645,Enoxaparin,DDInter818,Ginger,Enoxaparin,Ginger,Moderate
DDInter659,Eptifibatide,DDInter818,Ginger,Eptifibatide,Ginger,Moderate
DDInter771,Folic acid,DDInter674,Eslicarbazepine,Eslicarbazepine,Folic acid,Moderate
DDInter771,Folic acid,DDInter695,Ethosuximide,Ethosuximide,Folic acid,Moderate
DDInter771,Folic acid,DDInter696,Ethotoin,Ethotoin,Folic acid,Moderate
DDInter771,Folic acid,DDInter715,Felbamate,Felbamate,Folic acid,Moderate
DDInter771,Folic acid,DDInter757,Fluorouracil,Fluorouracil,Folic acid,Major
DDInter775,Fondaparinux,DDInter818,Ginger,Fondaparinux,Ginger,Moderate
DDInter771,Folic acid,DDInter783,Fosphenytoin,Folic acid,Fosphenytoin,Moderate
DDInter856,Heparin,DDInter818,Ginger,Ginger,Heparin,Moderate
DDInter771,Folic acid,DDInter1020,Lamotrigine,Folic acid,Lamotrigine,Moderate
DDInter1037,Lepirudin,DDInter818,Ginger,Ginger,Lepirudin,Moderate
DDInter818,Ginger,DDInter1106,Lusutrombopag,Ginger,Lusutrombopag,Moderate
DDInter771,Folic acid,DDInter1152,Mephenytoin,Folic acid,Mephenytoin,Moderate
DDInter771,Folic acid,DDInter1190,Methylphenobarbital,Folic acid,Methylphenobarbital,Moderate
DDInter771,Folic acid,DDInter1174,Methotrexate,Folic acid,Methotrexate,Moderate
DDInter771,Folic acid,DDInter1181,Methsuximide,Folic acid,Methsuximide,Moderate
DDInter771,Folic acid,DDInter1360,Oxcarbazepine,Folic acid,Oxcarbazepine,Moderate
DDInter1384,Pancrelipase,DDInter771,Folic acid,Folic acid,Pancrelipase,Moderate
DDInter771,Folic acid,DDInter1446,Phensuximide,Folic acid,Phensuximide,Moderate
DDInter771,Folic acid,DDInter1460,Phenytoin,Folic acid,Phenytoin,Moderate
DDInter1508,Prasugrel,DDInter818,Ginger,Ginger,Prasugrel,Moderate
DDInter771,Folic acid,DDInter1521,Primidone,Folic acid,Primidone,Moderate
DDInter771,Folic acid,DDInter1550,Pyrimethamine,Folic acid,Pyrimethamine,Moderate
DDInter1585,Reteplase,DDInter818,Ginger,Ginger,Reteplase,Moderate
DDInter1609,Rivaroxaban,DDInter818,Ginger,Ginger,Rivaroxaban,Moderate
DDInter771,Folic acid,DDInter1627,Rufinamide,Folic acid,Rufinamide,Moderate
DDInter1712,Streptokinase,DDInter818,Ginger,Ginger,Streptokinase,Moderate
DDInter771,Folic acid,DDInter1721,Sulfadiazine,Folic acid,Sulfadiazine,Moderate
DDInter771,Folic acid,DDInter1722,Sulfadoxine,Folic acid,Sulfadoxine,Moderate
DDInter771,Folic acid,DDInter1723,Sulfamethizole,Folic acid,Sulfamethizole,Moderate
DDInter771,Folic acid,DDInter1724,Sulfamethoxazole,Folic acid,Sulfamethoxazole,Moderate
DDInter771,Folic acid,DDInter1725,Sulfasalazine,Folic acid,Sulfasalazine,Minor
DDInter771,Folic acid,DDInter1727,Sulfisoxazole,Folic acid,Sulfisoxazole,Moderate
DDInter1764,Tenecteplase,DDInter818,Ginger,Ginger,Tenecteplase,Moderate
DDInter1802,Ticagrelor,DDInter818,Ginger,Ginger,Ticagrelor,Moderate
DDInter1804,Ticlopidine,DDInter818,Ginger,Ginger,Ticlopidine,Moderate
DDInter1812,Tinzaparin,DDInter818,Ginger,Ginger,Tinzaparin,Moderate
DDInter1818,Tirofiban,DDInter818,Ginger,Ginger,Tirofiban,Moderate
DDInter771,Folic acid,DDInter1859,Triamterene,Folic acid,Triamterene,Moderate
DDInter771,Folic acid,DDInter1874,Trimethoprim,Folic acid,Trimethoprim,Moderate
DDInter1905,Urokinase,DDInter818,Ginger,Ginger,Urokinase,Moderate
DDInter1945,Vorapaxar,DDInter818,Ginger,Ginger,Vorapaxar,Moderate
DDInter1951,Warfarin,DDInter818,Ginger,Ginger,Warfarin,Moderate
DDInter897,Ibandronate,DDInter975,Iron,Ibandronate,Iron,Moderate
DDInter897,Ibandronate,DDInter725,Ferrous fumarate,Ferrous fumarate,Ibandronate,Moderate
DDInter897,Ibandronate,DDInter726,Ferrous gluconate,Ferrous gluconate,Ibandronate,Moderate
DDInter897,Ibandronate,DDInter1114,Magnesium chloride,Ibandronate,Magnesium chloride,Moderate
DDInter897,Ibandronate,DDInter1115,Magnesium citrate,Ibandronate,Magnesium citrate,Moderate
DDInter1120,Magnesium sulfate,DDInter897,Ibandronate,Ibandronate,Magnesium sulfate,Moderate
DDInter897,Ibandronate,DDInter1277,Neomycin,Ibandronate,Neomycin,Moderate
DDInter897,Ibandronate,DDInter978,Iron sucrose,Ibandronate,Iron sucrose,Moderate
DDInter222,Bortezomib,DDInter379,Cilostazol,Bortezomib,Cilostazol,Moderate
DDInter222,Bortezomib,DDInter413,Clopidogrel,Bortezomib,Clopidogrel,Moderate
DDInter222,Bortezomib,DDInter1951,Warfarin,Bortezomib,Warfarin,Minor
DDInter223,Bosentan,DDInter379,Cilostazol,Bosentan,Cilostazol,Moderate
DDInter223,Bosentan,DDInter413,Clopidogrel,Bosentan,Clopidogrel,Moderate
DDInter542,Dicoumarol,DDInter223,Bosentan,Bosentan,Dicoumarol,Moderate
DDInter223,Bosentan,DDInter631,Eltrombopag,Bosentan,Eltrombopag,Moderate
DDInter223,Bosentan,DDInter1609,Rivaroxaban,Bosentan,Rivaroxaban,Moderate
DDInter223,Bosentan,DDInter1802,Ticagrelor,Bosentan,Ticagrelor,Moderate
DDInter223,Bosentan,DDInter1951,Warfarin,Bosentan,Warfarin,Moderate
DDInter379,Cilostazol,DDInter224,Bosutinib,Bosutinib,Cilostazol,Moderate
DDInter224,Bosutinib,DDInter1115,Magnesium citrate,Bosutinib,Magnesium citrate,Moderate
DDInter1683,Sodium bicarbonate,DDInter224,Bosutinib,Bosutinib,Sodium bicarbonate,Moderate
DDInter1277,Neomycin,DDInter868,Human botulinum neurotoxin A/B immune globulin,Human botulinum neurotoxin A/B immune globulin,Neomycin,Major
DDInter1497,Potassium chloride,DDInter245,Brompheniramine,Brompheniramine,Potassium chloride,Major
DDInter631,Eltrombopag,DDInter228,Brentuximab vedotin,Brentuximab vedotin,Eltrombopag,Moderate
DDInter1723,Sulfamethizole,DDInter228,Brentuximab vedotin,Brentuximab vedotin,Sulfamethizole,Moderate
DDInter621,Edoxaban,DDInter233,Brigatinib,Brigatinib,Edoxaban,Moderate
DDInter631,Eltrombopag,DDInter233,Brigatinib,Brigatinib,Eltrombopag,Moderate
DDInter1609,Rivaroxaban,DDInter233,Brigatinib,Brigatinib,Rivaroxaban,Moderate
DDInter1656,Selexipag,DDInter233,Brigatinib,Brigatinib,Selexipag,Moderate
DDInter1802,Ticagrelor,DDInter233,Brigatinib,Brigatinib,Ticagrelor,Moderate
DDInter235,Brimonidine (ophthalmic),DDInter657,Epoprostenol,Brimonidine (ophthalmic),Epoprostenol,Moderate
DDInter235,Brimonidine (ophthalmic),DDInter908,Iloprost,Brimonidine (ophthalmic),Iloprost,Moderate
DDInter235,Brimonidine (ophthalmic),DDInter1656,Selexipag,Brimonidine (ophthalmic),Selexipag,Moderate
DDInter1852,Treprostinil,DDInter235,Brimonidine (ophthalmic),Brimonidine (ophthalmic),Treprostinil,Moderate
DDInter1810,Timolol (ophthalmic),DDInter654,Epinephrine (topical),Epinephrine (topical),Timolol (ophthalmic),Moderate
DDInter1804,Ticlopidine,DDInter1810,Timolol (ophthalmic),Ticlopidine,Timolol (ophthalmic),Moderate
DDInter236,Brimonidine (topical),DDInter657,Epoprostenol,Brimonidine (topical),Epoprostenol,Moderate
DDInter236,Brimonidine (topical),DDInter908,Iloprost,Brimonidine (topical),Iloprost,Moderate
DDInter236,Brimonidine (topical),DDInter1656,Selexipag,Brimonidine (topical),Selexipag,Moderate
DDInter1852,Treprostinil,DDInter236,Brimonidine (topical),Brimonidine (topical),Treprostinil,Moderate
DDInter379,Cilostazol,DDInter239,Brivaracetam,Brivaracetam,Cilostazol,Minor
DDInter413,Clopidogrel,DDInter239,Brivaracetam,Brivaracetam,Clopidogrel,Moderate
DDInter1804,Ticlopidine,DDInter239,Brivaracetam,Brivaracetam,Ticlopidine,Minor
DDInter1951,Warfarin,DDInter239,Brivaracetam,Brivaracetam,Warfarin,Minor
DDInter240,Brodalumab,DDInter1964,Zinc chloride,Brodalumab,Zinc chloride,Minor
DDInter99,Anistreplase,DDInter242,Bromfenac (ophthalmic),Anistreplase,Bromfenac (ophthalmic),Moderate
DDInter117,Argatroban,DDInter242,Bromfenac (ophthalmic),Argatroban,Bromfenac (ophthalmic),Moderate
DDInter242,Bromfenac (ophthalmic),DDInter283,Cangrelor,Bromfenac (ophthalmic),Cangrelor,Moderate
DDInter242,Bromfenac (ophthalmic),DDInter286,Caplacizumab,Bromfenac (ophthalmic),Caplacizumab,Moderate
DDInter242,Bromfenac (ophthalmic),DDInter379,Cilostazol,Bromfenac (ophthalmic),Cilostazol,Moderate
DDInter413,Clopidogrel,DDInter242,Bromfenac (ophthalmic),Bromfenac (ophthalmic),Clopidogrel,Moderate
DDInter242,Bromfenac (ophthalmic),DDInter470,Dalteparin,Bromfenac (ophthalmic),Dalteparin,Moderate
DDInter242,Bromfenac (ophthalmic),DDInter471,Danaparoid,Bromfenac (ophthalmic),Danaparoid,Moderate
DDInter242,Bromfenac (ophthalmic),DDInter491,Defibrotide,Bromfenac (ophthalmic),Defibrotide,Moderate
DDInter242,Bromfenac (ophthalmic),DDInter505,Desirudin,Bromfenac (ophthalmic),Desirudin,Moderate
DDInter542,Dicoumarol,DDInter242,Bromfenac (ophthalmic),Bromfenac (ophthalmic),Dicoumarol,Moderate
DDInter242,Bromfenac (ophthalmic),DDInter573,Dipyridamole,Bromfenac (ophthalmic),Dipyridamole,Moderate
DDInter605,Drotrecogin alfa,DDInter242,Bromfenac (ophthalmic),Bromfenac (ophthalmic),Drotrecogin alfa,Moderate
DDInter242,Bromfenac (ophthalmic),DDInter621,Edoxaban,Bromfenac (ophthalmic),Edoxaban,Moderate
DDInter242,Bromfenac (ophthalmic),DDInter645,Enoxaparin,Bromfenac (ophthalmic),Enoxaparin,Moderate
DDInter242,Bromfenac (ophthalmic),DDInter657,Epoprostenol,Bromfenac (ophthalmic),Epoprostenol,Moderate
DDInter659,Eptifibatide,DDInter242,Bromfenac (ophthalmic),Bromfenac (ophthalmic),Eptifibatide,Moderate
DDInter242,Bromfenac (ophthalmic),DDInter856,Heparin,Bromfenac (ophthalmic),Heparin,Moderate
DDInter242,Bromfenac (ophthalmic),DDInter908,Iloprost,Bromfenac (ophthalmic),Iloprost,Moderate
DDInter1037,Lepirudin,DDInter242,Bromfenac (ophthalmic),Bromfenac (ophthalmic),Lepirudin,Moderate
DDInter242,Bromfenac (ophthalmic),DDInter1508,Prasugrel,Bromfenac (ophthalmic),Prasugrel,Moderate
DDInter1585,Reteplase,DDInter242,Bromfenac (ophthalmic),Bromfenac (ophthalmic),Reteplase,Moderate
DDInter242,Bromfenac (ophthalmic),DDInter1609,Rivaroxaban,Bromfenac (ophthalmic),Rivaroxaban,Moderate
DDInter1712,Streptokinase,DDInter242,Bromfenac (ophthalmic),Bromfenac (ophthalmic),Streptokinase,Moderate
DDInter1764,Tenecteplase,DDInter242,Bromfenac (ophthalmic),Bromfenac (ophthalmic),Tenecteplase,Moderate
DDInter242,Bromfenac (ophthalmic),DDInter1802,Ticagrelor,Bromfenac (ophthalmic),Ticagrelor,Moderate
DDInter1804,Ticlopidine,DDInter242,Bromfenac (ophthalmic),Bromfenac (ophthalmic),Ticlopidine,Moderate
DDInter242,Bromfenac (ophthalmic),DDInter1812,Tinzaparin,Bromfenac (ophthalmic),Tinzaparin,Moderate
DDInter1818,Tirofiban,DDInter242,Bromfenac (ophthalmic),Bromfenac (ophthalmic),Tirofiban,Moderate
DDInter1852,Treprostinil,DDInter242,Bromfenac (ophthalmic),Bromfenac (ophthalmic),Treprostinil,Moderate
DDInter1905,Urokinase,DDInter242,Bromfenac (ophthalmic),Bromfenac (ophthalmic),Urokinase,Moderate
DDInter242,Bromfenac (ophthalmic),DDInter1945,Vorapaxar,Bromfenac (ophthalmic),Vorapaxar,Moderate
DDInter1951,Warfarin,DDInter242,Bromfenac (ophthalmic),Bromfenac (ophthalmic),Warfarin,Moderate
DDInter245,Brompheniramine,DDInter881,Hyaluronidase,Brompheniramine,Hyaluronidase,Minor
DDInter451,Cyanocobalamin,DDInter351,Chloramphenicol,Chloramphenicol,Cyanocobalamin,Moderate
DDInter451,Cyanocobalamin,DDInter380,Cimetidine,Cimetidine,Cyanocobalamin,Minor
DDInter451,Cyanocobalamin,DDInter519,Dexlansoprazole,Cyanocobalamin,Dexlansoprazole,Minor
DDInter451,Cyanocobalamin,DDInter676,Esomeprazole,Cyanocobalamin,Esomeprazole,Minor
DDInter451,Cyanocobalamin,DDInter1022,Lansoprazole,Cyanocobalamin,Lansoprazole,Minor
DDInter451,Cyanocobalamin,DDInter1309,Nizatidine,Cyanocobalamin,Nizatidine,Minor
DDInter451,Cyanocobalamin,DDInter1340,Omeprazole,Cyanocobalamin,Omeprazole,Minor
DDInter451,Cyanocobalamin,DDInter1388,Pantoprazole,Cyanocobalamin,Pantoprazole,Minor
DDInter451,Cyanocobalamin,DDInter1497,Potassium chloride,Cyanocobalamin,Potassium chloride,Minor
DDInter451,Cyanocobalamin,DDInter1569,Ranitidine (bismuth citrate),Cyanocobalamin,Ranitidine (bismuth citrate),Minor
DDInter542,Dicoumarol,DDInter246,Budesonide,Budesonide,Dicoumarol,Moderate
DDInter246,Budesonide,DDInter881,Hyaluronidase,Budesonide,Hyaluronidase,Minor
DDInter246,Budesonide,DDInter1802,Ticagrelor,Budesonide,Ticagrelor,Moderate
DDInter1951,Warfarin,DDInter246,Budesonide,Budesonide,Warfarin,Moderate
DDInter246,Budesonide,DDInter1964,Zinc chloride,Budesonide,Zinc chloride,Minor
DDInter247,Budesonide (nasal),DDInter1802,Ticagrelor,Budesonide (nasal),Ticagrelor,Moderate
DDInter776,Formoterol,DDInter379,Cilostazol,Cilostazol,Formoterol,Moderate
DDInter1497,Potassium chloride,DDInter834,Glycopyrronium,Glycopyrronium,Potassium chloride,Major
DDInter248,Bumetanide,DDInter657,Epoprostenol,Bumetanide,Epoprostenol,Moderate
DDInter248,Bumetanide,DDInter908,Iloprost,Bumetanide,Iloprost,Moderate
DDInter248,Bumetanide,DDInter1115,Magnesium citrate,Bumetanide,Magnesium citrate,Moderate
DDInter248,Bumetanide,DDInter1277,Neomycin,Bumetanide,Neomycin,Major
DDInter248,Bumetanide,DDInter1656,Selexipag,Bumetanide,Selexipag,Moderate
DDInter1852,Treprostinil,DDInter248,Bumetanide,Bumetanide,Treprostinil,Moderate
DDInter249,Bupivacaine,DDInter881,Hyaluronidase,Bupivacaine,Hyaluronidase,Minor
DDInter251,Buprenorphine,DDInter379,Cilostazol,Buprenorphine,Cilostazol,Moderate
DDInter413,Clopidogrel,DDInter251,Buprenorphine,Buprenorphine,Clopidogrel,Moderate
DDInter251,Buprenorphine,DDInter1115,Magnesium citrate,Buprenorphine,Magnesium citrate,Moderate
DDInter251,Buprenorphine,DDInter1508,Prasugrel,Buprenorphine,Prasugrel,Moderate
DDInter251,Buprenorphine,DDInter1802,Ticagrelor,Buprenorphine,Ticagrelor,Moderate
DDInter20,Acetylsalicylic acid,DDInter379,Cilostazol,Acetylsalicylic acid,Cilostazol,Moderate
DDInter20,Acetylsalicylic acid,DDInter484,Dasatinib,Acetylsalicylic acid,Dasatinib,Major
DDInter257,Butalbital,DDInter785,Fostamatinib,Butalbital,Fostamatinib,Moderate
DDInter258,Butorphanol,DDInter413,Clopidogrel,Butorphanol,Clopidogrel,Moderate
DDInter258,Butorphanol,DDInter1508,Prasugrel,Butorphanol,Prasugrel,Moderate
DDInter258,Butorphanol,DDInter1802,Ticagrelor,Butorphanol,Ticagrelor,Moderate
DDInter259,Cabazitaxel,DDInter1802,Ticagrelor,Cabazitaxel,Ticagrelor,Moderate
DDInter99,Anistreplase,DDInter262,Cabozantinib,Anistreplase,Cabozantinib,Major
DDInter117,Argatroban,DDInter262,Cabozantinib,Argatroban,Cabozantinib,Major
DDInter283,Cangrelor,DDInter262,Cabozantinib,Cabozantinib,Cangrelor,Major
DDInter286,Caplacizumab,DDInter262,Cabozantinib,Cabozantinib,Caplacizumab,Major
DDInter379,Cilostazol,DDInter262,Cabozantinib,Cabozantinib,Cilostazol,Major
DDInter413,Clopidogrel,DDInter262,Cabozantinib,Cabozantinib,Clopidogrel,Major
DDInter470,Dalteparin,DDInter262,Cabozantinib,Cabozantinib,Dalteparin,Major
DDInter471,Danaparoid,DDInter262,Cabozantinib,Cabozantinib,Danaparoid,Major
DDInter491,Defibrotide,DDInter262,Cabozantinib,Cabozantinib,Defibrotide,Major
DDInter262,Cabozantinib,DDInter505,Desirudin,Cabozantinib,Desirudin,Major
DDInter542,Dicoumarol,DDInter262,Cabozantinib,Cabozantinib,Dicoumarol,Major
DDInter605,Drotrecogin alfa,DDInter262,Cabozantinib,Cabozantinib,Drotrecogin alfa,Major
DDInter262,Cabozantinib,DDInter621,Edoxaban,Cabozantinib,Edoxaban,Major
DDInter645,Enoxaparin,DDInter262,Cabozantinib,Cabozantinib,Enoxaparin,Major
DDInter657,Epoprostenol,DDInter262,Cabozantinib,Cabozantinib,Epoprostenol,Major
DDInter659,Eptifibatide,DDInter262,Cabozantinib,Cabozantinib,Eptifibatide,Major
DDInter855,Hemin,DDInter262,Cabozantinib,Cabozantinib,Hemin,Moderate
DDInter856,Heparin,DDInter262,Cabozantinib,Cabozantinib,Heparin,Major
DDInter908,Iloprost,DDInter262,Cabozantinib,Cabozantinib,Iloprost,Major
DDInter1037,Lepirudin,DDInter262,Cabozantinib,Cabozantinib,Lepirudin,Major
DDInter262,Cabozantinib,DDInter1106,Lusutrombopag,Cabozantinib,Lusutrombopag,Moderate
DDInter262,Cabozantinib,DDInter1115,Magnesium citrate,Cabozantinib,Magnesium citrate,Moderate
DDInter1508,Prasugrel,DDInter262,Cabozantinib,Cabozantinib,Prasugrel,Major
DDInter1585,Reteplase,DDInter262,Cabozantinib,Cabozantinib,Reteplase,Major
DDInter1609,Rivaroxaban,DDInter262,Cabozantinib,Cabozantinib,Rivaroxaban,Major
DDInter1712,Streptokinase,DDInter262,Cabozantinib,Cabozantinib,Streptokinase,Major
DDInter1764,Tenecteplase,DDInter262,Cabozantinib,Cabozantinib,Tenecteplase,Major
DDInter1802,Ticagrelor,DDInter262,Cabozantinib,Cabozantinib,Ticagrelor,Major
DDInter1804,Ticlopidine,DDInter262,Cabozantinib,Cabozantinib,Ticlopidine,Major
DDInter1812,Tinzaparin,DDInter262,Cabozantinib,Cabozantinib,Tinzaparin,Major
DDInter1818,Tirofiban,DDInter262,Cabozantinib,Cabozantinib,Tirofiban,Major
DDInter1852,Treprostinil,DDInter262,Cabozantinib,Cabozantinib,Treprostinil,Major
DDInter1905,Urokinase,DDInter262,Cabozantinib,Cabozantinib,Urokinase,Major
DDInter262,Cabozantinib,DDInter1945,Vorapaxar,Cabozantinib,Vorapaxar,Major
DDInter1951,Warfarin,DDInter262,Cabozantinib,Cabozantinib,Warfarin,Major
DDInter283,Cangrelor,DDInter264,Calaspargase pegol,Calaspargase pegol,Cangrelor,Moderate
DDInter286,Caplacizumab,DDInter264,Calaspargase pegol,Calaspargase pegol,Caplacizumab,Moderate
DDInter379,Cilostazol,DDInter264,Calaspargase pegol,Calaspargase pegol,Cilostazol,Moderate
DDInter413,Clopidogrel,DDInter264,Calaspargase pegol,Calaspargase pegol,Clopidogrel,Moderate
DDInter470,Dalteparin,DDInter264,Calaspargase pegol,Calaspargase pegol,Dalteparin,Moderate
DDInter471,Danaparoid,DDInter264,Calaspargase pegol,Calaspargase pegol,Danaparoid,Moderate
DDInter542,Dicoumarol,DDInter264,Calaspargase pegol,Calaspargase pegol,Dicoumarol,Moderate
DDInter621,Edoxaban,DDInter264,Calaspargase pegol,Calaspargase pegol,Edoxaban,Moderate
DDInter631,Eltrombopag,DDInter264,Calaspargase pegol,Calaspargase pegol,Eltrombopag,Moderate
DDInter645,Enoxaparin,DDInter264,Calaspargase pegol,Calaspargase pegol,Enoxaparin,Moderate
DDInter856,Heparin,DDInter264,Calaspargase pegol,Calaspargase pegol,Heparin,Moderate
DDInter857,Heparin (flush),DDInter264,Calaspargase pegol,Calaspargase pegol,Heparin (flush),Moderate
DDInter1508,Prasugrel,DDInter264,Calaspargase pegol,Calaspargase pegol,Prasugrel,Moderate
DDInter1609,Rivaroxaban,DDInter264,Calaspargase pegol,Calaspargase pegol,Rivaroxaban,Moderate
DDInter1723,Sulfamethizole,DDInter264,Calaspargase pegol,Calaspargase pegol,Sulfamethizole,Moderate
DDInter1802,Ticagrelor,DDInter264,Calaspargase pegol,Calaspargase pegol,Ticagrelor,Moderate
DDInter1804,Ticlopidine,DDInter264,Calaspargase pegol,Calaspargase pegol,Ticlopidine,Moderate
DDInter1812,Tinzaparin,DDInter264,Calaspargase pegol,Calaspargase pegol,Tinzaparin,Moderate
DDInter1951,Warfarin,DDInter264,Calaspargase pegol,Calaspargase pegol,Warfarin,Moderate
DDInter265,Calcifediol,DDInter1114,Magnesium chloride,Calcifediol,Magnesium chloride,Moderate
DDInter265,Calcifediol,DDInter1115,Magnesium citrate,Calcifediol,Magnesium citrate,Moderate
DDInter265,Calcifediol,DDInter1120,Magnesium sulfate,Calcifediol,Magnesium sulfate,Moderate
DDInter265,Calcifediol,DDInter978,Iron sucrose,Calcifediol,Iron sucrose,Moderate
DDInter272,Calcium chloride,DDInter267,Calcipotriol (topical),Calcipotriol (topical),Calcium chloride,Moderate
DDInter268,Calcitriol,DDInter1114,Magnesium chloride,Calcitriol,Magnesium chloride,Moderate
DDInter268,Calcitriol,DDInter1115,Magnesium citrate,Calcitriol,Magnesium citrate,Moderate
DDInter268,Calcitriol,DDInter1120,Magnesium sulfate,Calcitriol,Magnesium sulfate,Moderate
DDInter269,Calcitriol (topical),DDInter272,Calcium chloride,Calcitriol (topical),Calcium chloride,Moderate
DDInter270,Calcium acetate,DDInter631,Eltrombopag,Calcium acetate,Eltrombopag,Moderate
DDInter99,Anistreplase,DDInter537,Diclofenac,Anistreplase,Diclofenac,Moderate
DDInter117,Argatroban,DDInter537,Diclofenac,Argatroban,Diclofenac,Moderate
DDInter537,Diclofenac,DDInter283,Cangrelor,Cangrelor,Diclofenac,Moderate
DDInter537,Diclofenac,DDInter286,Caplacizumab,Caplacizumab,Diclofenac,Moderate
DDInter537,Diclofenac,DDInter379,Cilostazol,Cilostazol,Diclofenac,Moderate
DDInter537,Diclofenac,DDInter413,Clopidogrel,Clopidogrel,Diclofenac,Moderate
DDInter537,Diclofenac,DDInter470,Dalteparin,Dalteparin,Diclofenac,Major
DDInter537,Diclofenac,DDInter471,Danaparoid,Danaparoid,Diclofenac,Major
DDInter537,Diclofenac,DDInter491,Defibrotide,Defibrotide,Diclofenac,Moderate
DDInter537,Diclofenac,DDInter505,Desirudin,Desirudin,Diclofenac,Major
DDInter542,Dicoumarol,DDInter537,Diclofenac,Diclofenac,Dicoumarol,Major
DDInter605,Drotrecogin alfa,DDInter537,Diclofenac,Diclofenac,Drotrecogin alfa,Major
DDInter537,Diclofenac,DDInter621,Edoxaban,Diclofenac,Edoxaban,Major
DDInter537,Diclofenac,DDInter645,Enoxaparin,Diclofenac,Enoxaparin,Major
DDInter537,Diclofenac,DDInter657,Epoprostenol,Diclofenac,Epoprostenol,Moderate
DDInter659,Eptifibatide,DDInter537,Diclofenac,Diclofenac,Eptifibatide,Moderate
DDInter775,Fondaparinux,DDInter537,Diclofenac,Diclofenac,Fondaparinux,Major
DDInter537,Diclofenac,DDInter785,Fostamatinib,Diclofenac,Fostamatinib,Moderate
DDInter537,Diclofenac,DDInter856,Heparin,Diclofenac,Heparin,Moderate
DDInter537,Diclofenac,DDInter908,Iloprost,Diclofenac,Iloprost,Moderate
DDInter1037,Lepirudin,DDInter537,Diclofenac,Diclofenac,Lepirudin,Moderate
DDInter537,Diclofenac,DDInter1497,Potassium chloride,Diclofenac,Potassium chloride,Moderate
DDInter537,Diclofenac,DDInter1508,Prasugrel,Diclofenac,Prasugrel,Major
DDInter1585,Reteplase,DDInter537,Diclofenac,Diclofenac,Reteplase,Moderate
DDInter537,Diclofenac,DDInter1609,Rivaroxaban,Diclofenac,Rivaroxaban,Major
DDInter1712,Streptokinase,DDInter537,Diclofenac,Diclofenac,Streptokinase,Moderate
DDInter1764,Tenecteplase,DDInter537,Diclofenac,Diclofenac,Tenecteplase,Moderate
DDInter537,Diclofenac,DDInter1802,Ticagrelor,Diclofenac,Ticagrelor,Moderate
DDInter1804,Ticlopidine,DDInter537,Diclofenac,Diclofenac,Ticlopidine,Moderate
DDInter537,Diclofenac,DDInter1812,Tinzaparin,Diclofenac,Tinzaparin,Major
DDInter537,Diclofenac,DDInter1818,Tirofiban,Diclofenac,Tirofiban,Moderate
DDInter1852,Treprostinil,DDInter537,Diclofenac,Diclofenac,Treprostinil,Moderate
DDInter1905,Urokinase,DDInter537,Diclofenac,Diclofenac,Urokinase,Moderate
DDInter537,Diclofenac,DDInter1945,Vorapaxar,Diclofenac,Vorapaxar,Major
DDInter537,Diclofenac,DDInter1951,Warfarin,Diclofenac,Warfarin,Major
DDInter657,Epoprostenol,DDInter280,Canagliflozin,Canagliflozin,Epoprostenol,Moderate
DDInter908,Iloprost,DDInter280,Canagliflozin,Canagliflozin,Iloprost,Moderate
DDInter1123,Mannitol,DDInter280,Canagliflozin,Canagliflozin,Mannitol,Moderate
DDInter280,Canagliflozin,DDInter1656,Selexipag,Canagliflozin,Selexipag,Moderate
DDInter1852,Treprostinil,DDInter280,Canagliflozin,Canagliflozin,Treprostinil,Moderate
DDInter1903,Urea,DDInter280,Canagliflozin,Canagliflozin,Urea,Moderate
DDInter542,Dicoumarol,DDInter281,Canakinumab,Canakinumab,Dicoumarol,Moderate
DDInter281,Canakinumab,DDInter1609,Rivaroxaban,Canakinumab,Rivaroxaban,Moderate
DDInter1951,Warfarin,DDInter281,Canakinumab,Canakinumab,Warfarin,Moderate
DDInter281,Canakinumab,DDInter1964,Zinc chloride,Canakinumab,Zinc chloride,Minor
DDInter98,Anisindione,DDInter283,Cangrelor,Anisindione,Cangrelor,Major
DDInter99,Anistreplase,DDInter283,Cangrelor,Anistreplase,Cangrelor,Major
DDInter115,Ardeparin,DDInter283,Cangrelor,Ardeparin,Cangrelor,Major
DDInter117,Argatroban,DDInter283,Cangrelor,Argatroban,Cangrelor,Major
DDInter241,Bromfenac,DDInter283,Cangrelor,Bromfenac,Cangrelor,Moderate
DDInter286,Caplacizumab,DDInter283,Cangrelor,Cangrelor,Caplacizumab,Major
DDInter283,Cangrelor,DDInter291,Capsicum,Cangrelor,Capsicum,Minor
DDInter283,Cangrelor,DDInter347,Chamomile,Cangrelor,Chamomile,Minor
DDInter379,Cilostazol,DDInter283,Cangrelor,Cangrelor,Cilostazol,Moderate
DDInter388,Citalopram,DDInter283,Cangrelor,Cangrelor,Citalopram,Moderate
DDInter410,Clomipramine,DDInter283,Cangrelor,Cangrelor,Clomipramine,Moderate
DDInter413,Clopidogrel,DDInter283,Cangrelor,Cangrelor,Clopidogrel,Major
DDInter283,Cangrelor,DDInter417,Clove,Cangrelor,Clove,Minor
DDInter435,Collagenase clostridium histolyticum,DDInter283,Cangrelor,Cangrelor,Collagenase clostridium histolyticum,Moderate
DDInter283,Cangrelor,DDInter470,Dalteparin,Cangrelor,Dalteparin,Major
DDInter283,Cangrelor,DDInter471,Danaparoid,Cangrelor,Danaparoid,Major
DDInter484,Dasatinib,DDInter283,Cangrelor,Cangrelor,Dasatinib,Major
DDInter488,Deferasirox,DDInter283,Cangrelor,Cangrelor,Deferasirox,Major
DDInter491,Defibrotide,DDInter283,Cangrelor,Cangrelor,Defibrotide,Major
DDInter501,Deoxycholic acid,DDInter283,Cangrelor,Cangrelor,Deoxycholic acid,Moderate
DDInter283,Cangrelor,DDInter505,Desirudin,Cangrelor,Desirudin,Major
DDInter283,Cangrelor,DDInter511,Desvenlafaxine,Cangrelor,Desvenlafaxine,Moderate
DDInter518,Dexfenfluramine,DDInter283,Cangrelor,Cangrelor,Dexfenfluramine,Moderate
DDInter538,Diclofenac (ophthalmic),DDInter283,Cangrelor,Cangrelor,Diclofenac (ophthalmic),Moderate
DDInter542,Dicoumarol,DDInter283,Cangrelor,Cangrelor,Dicoumarol,Major
DDInter551,Diflunisal,DDInter283,Cangrelor,Cangrelor,Diflunisal,Moderate
DDInter605,Drotrecogin alfa,DDInter283,Cangrelor,Cangrelor,Drotrecogin alfa,Major
DDInter608,Duloxetine,DDInter283,Cangrelor,Cangrelor,Duloxetine,Moderate
DDInter283,Cangrelor,DDInter621,Edoxaban,Cangrelor,Edoxaban,Major
DDInter645,Enoxaparin,DDInter283,Cangrelor,Cangrelor,Enoxaparin,Major
DDInter657,Epoprostenol,DDInter283,Cangrelor,Cangrelor,Epoprostenol,Moderate
DDInter659,Eptifibatide,DDInter283,Cangrelor,Cangrelor,Eptifibatide,Major
DDInter672,Escitalopram,DDInter283,Cangrelor,Cangrelor,Escitalopram,Moderate
DDInter699,Etodolac,DDInter283,Cangrelor,Cangrelor,Etodolac,Moderate
DDInter717,Fenfluramine,DDInter283,Cangrelor,Cangrelor,Fenfluramine,Moderate
DDInter721,Fenoprofen,DDInter283,Cangrelor,Cangrelor,Fenoprofen,Moderate
DDInter758,Fluoxetine,DDInter283,Cangrelor,Cangrelor,Fluoxetine,Moderate
DDInter763,Flurbiprofen,DDInter283,Cangrelor,Cangrelor,Flurbiprofen,Moderate
DDInter764,Flurbiprofen (ophthalmic),DDInter283,Cangrelor,Cangrelor,Flurbiprofen (ophthalmic),Moderate
DDInter283,Cangrelor,DDInter808,Garlic,Cangrelor,Garlic,Moderate
DDInter819,Ginkgo biloba,DDInter283,Cangrelor,Cangrelor,Ginkgo biloba,Moderate
DDInter820,Ginseng,DDInter283,Cangrelor,Cangrelor,Ginseng,Moderate
DDInter855,Hemin,DDInter283,Cangrelor,Cangrelor,Hemin,Moderate
DDInter856,Heparin,DDInter283,Cangrelor,Cangrelor,Heparin,Major
DDInter898,Ibritumomab tiuxetan,DDInter283,Cangrelor,Cangrelor,Ibritumomab tiuxetan,Major
DDInter283,Cangrelor,DDInter899,Ibrutinib,Cangrelor,Ibrutinib,Major
DDInter903,Icosapent,DDInter283,Cangrelor,Cangrelor,Icosapent,Moderate
DDInter908,Iloprost,DDInter283,Cangrelor,Cangrelor,Iloprost,Moderate
DDInter921,Indomethacin,DDInter283,Cangrelor,Cangrelor,Indomethacin,Moderate
DDInter283,Cangrelor,DDInter926,Inotersen,Cangrelor,Inotersen,Major
DDInter1839,Tositumomab (I-131),DDInter283,Cangrelor,Cangrelor,Tositumomab (I-131),Major
DDInter1009,Ketoprofen,DDInter283,Cangrelor,Cangrelor,Ketoprofen,Moderate
DDInter1037,Lepirudin,DDInter283,Cangrelor,Cangrelor,Lepirudin,Major
DDInter283,Cangrelor,DDInter1059,Levomilnacipran,Cangrelor,Levomilnacipran,Moderate
DDInter1135,Meclofenamic acid,DDInter283,Cangrelor,Cangrelor,Meclofenamic acid,Moderate
DDInter1139,Mefenamic acid,DDInter283,Cangrelor,Cangrelor,Mefenamic acid,Moderate
DDInter1143,Meloxicam,DDInter283,Cangrelor,Cangrelor,Meloxicam,Moderate
DDInter1215,Mifepristone,DDInter283,Cangrelor,Cangrelor,Mifepristone,Major
DDInter1220,Milnacipran,DDInter283,Cangrelor,Cangrelor,Milnacipran,Moderate
DDInter1254,Nabumetone,DDInter283,Cangrelor,Cangrelor,Nabumetone,Moderate
DDInter1266,Naproxen,DDInter283,Cangrelor,Cangrelor,Naproxen,Moderate
DDInter283,Cangrelor,DDInter1280,Nepafenac (ophthalmic),Cangrelor,Nepafenac (ophthalmic),Moderate
DDInter283,Cangrelor,DDInter1296,Nintedanib,Cangrelor,Nintedanib,Moderate
DDInter283,Cangrelor,DDInter1297,Niraparib,Cangrelor,Niraparib,Moderate
DDInter1335,Omacetaxine mepesuccinate,DDInter283,Cangrelor,Cangrelor,Omacetaxine mepesuccinate,Major
DDInter1358,Oxaprozin,DDInter283,Cangrelor,Cangrelor,Oxaprozin,Moderate
DDInter283,Cangrelor,DDInter1387,Panobinostat,Cangrelor,Panobinostat,Major
DDInter1397,Paroxetine,DDInter283,Cangrelor,Cangrelor,Paroxetine,Moderate
DDInter1404,Pegaspargase,DDInter283,Cangrelor,Cangrelor,Pegaspargase,Moderate
DDInter1424,Pentosan polysulfate,DDInter283,Cangrelor,Cangrelor,Pentosan polysulfate,Moderate
DDInter1426,Pentoxifylline,DDInter283,Cangrelor,Cangrelor,Pentoxifylline,Moderate
DDInter1451,Phenylbutazone,DDInter283,Cangrelor,Cangrelor,Phenylbutazone,Moderate
DDInter1478,Piroxicam,DDInter283,Cangrelor,Cangrelor,Piroxicam,Moderate
DDInter283,Cangrelor,DDInter1492,Ponatinib,Cangrelor,Ponatinib,Major
DDInter1508,Prasugrel,DDInter283,Cangrelor,Cangrelor,Prasugrel,Major
DDInter1566,Ramucirumab,DDInter283,Cangrelor,Cangrelor,Ramucirumab,Major
DDInter283,Cangrelor,DDInter1576,Regorafenib,Cangrelor,Regorafenib,Major
DDInter1585,Reteplase,DDInter283,Cangrelor,Cangrelor,Reteplase,Major
DDInter1609,Rivaroxaban,DDInter283,Cangrelor,Cangrelor,Rivaroxaban,Major
DDInter1613,Rofecoxib,DDInter283,Cangrelor,Cangrelor,Rofecoxib,Moderate
DDInter283,Cangrelor,DDInter1659,Selumetinib,Cangrelor,Selumetinib,Moderate
DDInter1662,Sertraline,DDInter283,Cangrelor,Cangrelor,Sertraline,Moderate
DDInter1665,Sibutramine,DDInter283,Cangrelor,Cangrelor,Sibutramine,Moderate
DDInter1712,Streptokinase,DDInter283,Cangrelor,Cangrelor,Streptokinase,Major
DDInter1726,Sulfinpyrazone,DDInter283,Cangrelor,Cangrelor,Sulfinpyrazone,Major
DDInter1729,Sulindac,DDInter283,Cangrelor,Cangrelor,Sulindac,Moderate
DDInter1732,Suprofen (ophthalmic),DDInter283,Cangrelor,Cangrelor,Suprofen (ophthalmic),Moderate
DDInter1764,Tenecteplase,DDInter283,Cangrelor,Cangrelor,Tenecteplase,Major
DDInter1804,Ticlopidine,DDInter283,Cangrelor,Cangrelor,Ticlopidine,Major
DDInter283,Cangrelor,DDInter1812,Tinzaparin,Cangrelor,Tinzaparin,Major
DDInter1817,Tipranavir,DDInter283,Cangrelor,Cangrelor,Tipranavir,Major
DDInter1818,Tirofiban,DDInter283,Cangrelor,Cangrelor,Tirofiban,Major
DDInter1831,Tolmetin,DDInter283,Cangrelor,Cangrelor,Tolmetin,Moderate
DDInter1838,Tositumomab,DDInter283,Cangrelor,Cangrelor,Tositumomab,Major
DDInter1852,Treprostinil,DDInter283,Cangrelor,Cangrelor,Treprostinil,Moderate
DDInter283,Cangrelor,DDInter1892,Turmeric,Cangrelor,Turmeric,Minor
DDInter1905,Urokinase,DDInter283,Cangrelor,Cangrelor,Urokinase,Major
DDInter1910,Valdecoxib,DDInter283,Cangrelor,Cangrelor,Valdecoxib,Moderate
DDInter1927,Venlafaxine,DDInter283,Cangrelor,Cangrelor,Venlafaxine,Moderate
DDInter1929,Verteporfin,DDInter283,Cangrelor,Cangrelor,Verteporfin,Moderate
DDInter283,Cangrelor,DDInter1935,Vilazodone,Cangrelor,Vilazodone,Moderate
DDInter1943,Vitamin E,DDInter283,Cangrelor,Cangrelor,Vitamin E,Moderate
DDInter283,Cangrelor,DDInter1945,Vorapaxar,Cangrelor,Vorapaxar,Major
DDInter283,Cangrelor,DDInter1948,Vortioxetine,Cangrelor,Vortioxetine,Moderate
DDInter1951,Warfarin,DDInter283,Cangrelor,Cangrelor,Warfarin,Major
DDInter283,Cangrelor,DDInter1959,Zanubrutinib,Cangrelor,Zanubrutinib,Major
DDInter631,Eltrombopag,DDInter284,Cannabidiol,Cannabidiol,Eltrombopag,Moderate
DDInter1723,Sulfamethizole,DDInter284,Cannabidiol,Cannabidiol,Sulfamethizole,Moderate
DDInter1804,Ticlopidine,DDInter284,Cannabidiol,Cannabidiol,Ticlopidine,Minor
DDInter1951,Warfarin,DDInter284,Cannabidiol,Cannabidiol,Warfarin,Moderate
DDInter542,Dicoumarol,DDInter285,Capecitabine,Capecitabine,Dicoumarol,Major
DDInter1951,Warfarin,DDInter285,Capecitabine,Capecitabine,Warfarin,Major
DDInter98,Anisindione,DDInter286,Caplacizumab,Anisindione,Caplacizumab,Major
DDInter99,Anistreplase,DDInter286,Caplacizumab,Anistreplase,Caplacizumab,Major
DDInter115,Ardeparin,DDInter286,Caplacizumab,Ardeparin,Caplacizumab,Major
DDInter117,Argatroban,DDInter286,Caplacizumab,Argatroban,Caplacizumab,Major
DDInter241,Bromfenac,DDInter286,Caplacizumab,Bromfenac,Caplacizumab,Moderate
DDInter286,Caplacizumab,DDInter291,Capsicum,Caplacizumab,Capsicum,Minor
DDInter286,Caplacizumab,DDInter347,Chamomile,Caplacizumab,Chamomile,Minor
DDInter379,Cilostazol,DDInter286,Caplacizumab,Caplacizumab,Cilostazol,Moderate
DDInter388,Citalopram,DDInter286,Caplacizumab,Caplacizumab,Citalopram,Moderate
DDInter410,Clomipramine,DDInter286,Caplacizumab,Caplacizumab,Clomipramine,Moderate
DDInter413,Clopidogrel,DDInter286,Caplacizumab,Caplacizumab,Clopidogrel,Major
DDInter286,Caplacizumab,DDInter417,Clove,Caplacizumab,Clove,Minor
DDInter435,Collagenase clostridium histolyticum,DDInter286,Caplacizumab,Caplacizumab,Collagenase clostridium histolyticum,Moderate
DDInter286,Caplacizumab,DDInter470,Dalteparin,Caplacizumab,Dalteparin,Major
DDInter286,Caplacizumab,DDInter471,Danaparoid,Caplacizumab,Danaparoid,Major
DDInter484,Dasatinib,DDInter286,Caplacizumab,Caplacizumab,Dasatinib,Major
DDInter488,Deferasirox,DDInter286,Caplacizumab,Caplacizumab,Deferasirox,Major
DDInter491,Defibrotide,DDInter286,Caplacizumab,Caplacizumab,Defibrotide,Major
DDInter501,Deoxycholic acid,DDInter286,Caplacizumab,Caplacizumab,Deoxycholic acid,Moderate
DDInter286,Caplacizumab,DDInter505,Desirudin,Caplacizumab,Desirudin,Major
DDInter286,Caplacizumab,DDInter511,Desvenlafaxine,Caplacizumab,Desvenlafaxine,Moderate
DDInter518,Dexfenfluramine,DDInter286,Caplacizumab,Caplacizumab,Dexfenfluramine,Moderate
DDInter286,Caplacizumab,DDInter523,Dextran (-1),Caplacizumab,Dextran (-1),Major
DDInter286,Caplacizumab,DDInter524,Dextran (high molecular weight),Caplacizumab,Dextran (high molecular weight),Major
DDInter286,Caplacizumab,DDInter525,Dextran (low molecular weight),Caplacizumab,Dextran (low molecular weight),Major
DDInter538,Diclofenac (ophthalmic),DDInter286,Caplacizumab,Caplacizumab,Diclofenac (ophthalmic),Moderate
DDInter542,Dicoumarol,DDInter286,Caplacizumab,Caplacizumab,Dicoumarol,Major
DDInter551,Diflunisal,DDInter286,Caplacizumab,Caplacizumab,Diflunisal,Moderate
DDInter605,Drotrecogin alfa,DDInter286,Caplacizumab,Caplacizumab,Drotrecogin alfa,Major
DDInter608,Duloxetine,DDInter286,Caplacizumab,Caplacizumab,Duloxetine,Moderate
DDInter286,Caplacizumab,DDInter621,Edoxaban,Caplacizumab,Edoxaban,Major
DDInter645,Enoxaparin,DDInter286,Caplacizumab,Caplacizumab,Enoxaparin,Major
DDInter657,Epoprostenol,DDInter286,Caplacizumab,Caplacizumab,Epoprostenol,Moderate
DDInter659,Eptifibatide,DDInter286,Caplacizumab,Caplacizumab,Eptifibatide,Major
DDInter672,Escitalopram,DDInter286,Caplacizumab,Caplacizumab,Escitalopram,Moderate
DDInter699,Etodolac,DDInter286,Caplacizumab,Caplacizumab,Etodolac,Moderate
DDInter286,Caplacizumab,DDInter714,Fedratinib,Caplacizumab,Fedratinib,Major
DDInter717,Fenfluramine,DDInter286,Caplacizumab,Caplacizumab,Fenfluramine,Moderate
DDInter721,Fenoprofen,DDInter286,Caplacizumab,Caplacizumab,Fenoprofen,Moderate
DDInter758,Fluoxetine,DDInter286,Caplacizumab,Caplacizumab,Fluoxetine,Moderate
DDInter763,Flurbiprofen,DDInter286,Caplacizumab,Caplacizumab,Flurbiprofen,Moderate
DDInter764,Flurbiprofen (ophthalmic),DDInter286,Caplacizumab,Caplacizumab,Flurbiprofen (ophthalmic),Moderate
DDInter286,Caplacizumab,DDInter808,Garlic,Caplacizumab,Garlic,Moderate
DDInter819,Ginkgo biloba,DDInter286,Caplacizumab,Caplacizumab,Ginkgo biloba,Moderate
DDInter820,Ginseng,DDInter286,Caplacizumab,Caplacizumab,Ginseng,Moderate
DDInter855,Hemin,DDInter286,Caplacizumab,Caplacizumab,Hemin,Moderate
DDInter856,Heparin,DDInter286,Caplacizumab,Caplacizumab,Heparin,Major
DDInter898,Ibritumomab tiuxetan,DDInter286,Caplacizumab,Caplacizumab,Ibritumomab tiuxetan,Major
DDInter286,Caplacizumab,DDInter899,Ibrutinib,Caplacizumab,Ibrutinib,Major
DDInter903,Icosapent,DDInter286,Caplacizumab,Caplacizumab,Icosapent,Moderate
DDInter908,Iloprost,DDInter286,Caplacizumab,Caplacizumab,Iloprost,Moderate
DDInter921,Indomethacin,DDInter286,Caplacizumab,Caplacizumab,Indomethacin,Moderate
DDInter286,Caplacizumab,DDInter926,Inotersen,Caplacizumab,Inotersen,Major
DDInter1839,Tositumomab (I-131),DDInter286,Caplacizumab,Caplacizumab,Tositumomab (I-131),Major
DDInter1009,Ketoprofen,DDInter286,Caplacizumab,Caplacizumab,Ketoprofen,Moderate
DDInter1037,Lepirudin,DDInter286,Caplacizumab,Caplacizumab,Lepirudin,Major
DDInter286,Caplacizumab,DDInter1059,Levomilnacipran,Caplacizumab,Levomilnacipran,Moderate
DDInter1135,Meclofenamic acid,DDInter286,Caplacizumab,Caplacizumab,Meclofenamic acid,Moderate
DDInter1139,Mefenamic acid,DDInter286,Caplacizumab,Caplacizumab,Mefenamic acid,Moderate
DDInter1143,Meloxicam,DDInter286,Caplacizumab,Caplacizumab,Meloxicam,Moderate
DDInter1220,Milnacipran,DDInter286,Caplacizumab,Caplacizumab,Milnacipran,Moderate
DDInter1254,Nabumetone,DDInter286,Caplacizumab,Caplacizumab,Nabumetone,Moderate
DDInter1266,Naproxen,DDInter286,Caplacizumab,Caplacizumab,Naproxen,Moderate
DDInter286,Caplacizumab,DDInter1280,Nepafenac (ophthalmic),Caplacizumab,Nepafenac (ophthalmic),Moderate
DDInter286,Caplacizumab,DDInter1296,Nintedanib,Caplacizumab,Nintedanib,Moderate
DDInter286,Caplacizumab,DDInter1297,Niraparib,Caplacizumab,Niraparib,Moderate
DDInter1335,Omacetaxine mepesuccinate,DDInter286,Caplacizumab,Caplacizumab,Omacetaxine mepesuccinate,Major
DDInter1358,Oxaprozin,DDInter286,Caplacizumab,Caplacizumab,Oxaprozin,Moderate
DDInter286,Caplacizumab,DDInter1387,Panobinostat,Caplacizumab,Panobinostat,Major
DDInter1397,Paroxetine,DDInter286,Caplacizumab,Caplacizumab,Paroxetine,Moderate
DDInter1404,Pegaspargase,DDInter286,Caplacizumab,Caplacizumab,Pegaspargase,Moderate
DDInter1424,Pentosan polysulfate,DDInter286,Caplacizumab,Caplacizumab,Pentosan polysulfate,Moderate
DDInter1426,Pentoxifylline,DDInter286,Caplacizumab,Caplacizumab,Pentoxifylline,Moderate
DDInter1451,Phenylbutazone,DDInter286,Caplacizumab,Caplacizumab,Phenylbutazone,Moderate
DDInter1478,Piroxicam,DDInter286,Caplacizumab,Caplacizumab,Piroxicam,Moderate
DDInter286,Caplacizumab,DDInter1492,Ponatinib,Caplacizumab,Ponatinib,Major
DDInter286,Caplacizumab,DDInter1508,Prasugrel,Caplacizumab,Prasugrel,Major
DDInter286,Caplacizumab,DDInter1542,Protein C,Caplacizumab,Protein C,Major
DDInter1566,Ramucirumab,DDInter286,Caplacizumab,Caplacizumab,Ramucirumab,Major
DDInter286,Caplacizumab,DDInter1576,Regorafenib,Caplacizumab,Regorafenib,Major
DDInter1585,Reteplase,DDInter286,Caplacizumab,Caplacizumab,Reteplase,Major
DDInter286,Caplacizumab,DDInter1609,Rivaroxaban,Caplacizumab,Rivaroxaban,Major
DDInter1613,Rofecoxib,DDInter286,Caplacizumab,Caplacizumab,Rofecoxib,Moderate
DDInter286,Caplacizumab,DDInter1659,Selumetinib,Caplacizumab,Selumetinib,Moderate
DDInter1662,Sertraline,DDInter286,Caplacizumab,Caplacizumab,Sertraline,Moderate
DDInter1665,Sibutramine,DDInter286,Caplacizumab,Caplacizumab,Sibutramine,Moderate
DDInter1712,Streptokinase,DDInter286,Caplacizumab,Caplacizumab,Streptokinase,Major
DDInter1729,Sulindac,DDInter286,Caplacizumab,Caplacizumab,Sulindac,Moderate
DDInter1732,Suprofen (ophthalmic),DDInter286,Caplacizumab,Caplacizumab,Suprofen (ophthalmic),Moderate
DDInter286,Caplacizumab,DDInter1750,Tazemetostat,Caplacizumab,Tazemetostat,Major
DDInter1764,Tenecteplase,DDInter286,Caplacizumab,Caplacizumab,Tenecteplase,Major
DDInter286,Caplacizumab,DDInter1802,Ticagrelor,Caplacizumab,Ticagrelor,Major
DDInter1804,Ticlopidine,DDInter286,Caplacizumab,Caplacizumab,Ticlopidine,Major
DDInter286,Caplacizumab,DDInter1812,Tinzaparin,Caplacizumab,Tinzaparin,Major
DDInter1817,Tipranavir,DDInter286,Caplacizumab,Caplacizumab,Tipranavir,Major
DDInter1818,Tirofiban,DDInter286,Caplacizumab,Caplacizumab,Tirofiban,Major
DDInter1831,Tolmetin,DDInter286,Caplacizumab,Caplacizumab,Tolmetin,Moderate
DDInter1838,Tositumomab,DDInter286,Caplacizumab,Caplacizumab,Tositumomab,Major
DDInter1852,Treprostinil,DDInter286,Caplacizumab,Caplacizumab,Treprostinil,Moderate
DDInter286,Caplacizumab,DDInter1892,Turmeric,Caplacizumab,Turmeric,Minor
DDInter1905,Urokinase,DDInter286,Caplacizumab,Caplacizumab,Urokinase,Major
DDInter1910,Valdecoxib,DDInter286,Caplacizumab,Caplacizumab,Valdecoxib,Moderate
DDInter1927,Venlafaxine,DDInter286,Caplacizumab,Caplacizumab,Venlafaxine,Moderate
DDInter1929,Verteporfin,DDInter286,Caplacizumab,Caplacizumab,Verteporfin,Moderate
DDInter286,Caplacizumab,DDInter1935,Vilazodone,Caplacizumab,Vilazodone,Moderate
DDInter1943,Vitamin E,DDInter286,Caplacizumab,Caplacizumab,Vitamin E,Moderate
DDInter286,Caplacizumab,DDInter1945,Vorapaxar,Caplacizumab,Vorapaxar,Major
DDInter286,Caplacizumab,DDInter1948,Vortioxetine,Caplacizumab,Vortioxetine,Moderate
DDInter1951,Warfarin,DDInter286,Caplacizumab,Caplacizumab,Warfarin,Major
DDInter286,Caplacizumab,DDInter1959,Zanubrutinib,Caplacizumab,Zanubrutinib,Major
DDInter621,Edoxaban,DDInter287,Capmatinib,Capmatinib,Edoxaban,Major
DDInter631,Eltrombopag,DDInter287,Capmatinib,Capmatinib,Eltrombopag,Moderate
DDInter287,Capmatinib,DDInter1106,Lusutrombopag,Capmatinib,Lusutrombopag,Moderate
DDInter1609,Rivaroxaban,DDInter287,Capmatinib,Capmatinib,Rivaroxaban,Moderate
DDInter1656,Selexipag,DDInter287,Capmatinib,Capmatinib,Selexipag,Moderate
DDInter1802,Ticagrelor,DDInter287,Capmatinib,Capmatinib,Ticagrelor,Moderate
DDInter1951,Warfarin,DDInter287,Capmatinib,Capmatinib,Warfarin,Moderate
DDInter288,Capreomycin,DDInter1277,Neomycin,Capreomycin,Neomycin,Major
DDInter99,Anistreplase,DDInter292,Captopril,Anistreplase,Captopril,Moderate
DDInter292,Captopril,DDInter470,Dalteparin,Captopril,Dalteparin,Moderate
DDInter479,Darbepoetin alfa,DDInter292,Captopril,Captopril,Darbepoetin alfa,Minor
DDInter292,Captopril,DDInter645,Enoxaparin,Captopril,Enoxaparin,Moderate
DDInter671,Erythropoietin,DDInter292,Captopril,Captopril,Erythropoietin,Minor
DDInter292,Captopril,DDInter657,Epoprostenol,Captopril,Epoprostenol,Moderate
DDInter856,Heparin,DDInter292,Captopril,Captopril,Heparin,Moderate
DDInter292,Captopril,DDInter902,Icatibant,Captopril,Icatibant,Moderate
DDInter908,Iloprost,DDInter292,Captopril,Captopril,Iloprost,Moderate
DDInter292,Captopril,DDInter978,Iron sucrose,Captopril,Iron sucrose,Moderate
DDInter1123,Mannitol,DDInter292,Captopril,Captopril,Mannitol,Moderate
DDInter292,Captopril,DDInter1406,Peginesatide,Captopril,Peginesatide,Minor
DDInter292,Captopril,DDInter1495,Potassium acetate,Captopril,Potassium acetate,Major
DDInter1497,Potassium chloride,DDInter292,Captopril,Captopril,Potassium chloride,Major
DDInter1585,Reteplase,DDInter292,Captopril,Captopril,Reteplase,Moderate
DDInter292,Captopril,DDInter1656,Selexipag,Captopril,Selexipag,Moderate
DDInter292,Captopril,DDInter1683,Sodium bicarbonate,Captopril,Sodium bicarbonate,Minor
DDInter1712,Streptokinase,DDInter292,Captopril,Captopril,Streptokinase,Moderate
DDInter1764,Tenecteplase,DDInter292,Captopril,Captopril,Tenecteplase,Moderate
DDInter292,Captopril,DDInter1812,Tinzaparin,Captopril,Tinzaparin,Moderate
DDInter1852,Treprostinil,DDInter292,Captopril,Captopril,Treprostinil,Moderate
DDInter1905,Urokinase,DDInter292,Captopril,Captopril,Urokinase,Moderate
DDInter542,Dicoumarol,DDInter293,Carbamazepine,Carbamazepine,Dicoumarol,Moderate
DDInter293,Carbamazepine,DDInter621,Edoxaban,Carbamazepine,Edoxaban,Moderate
DDInter293,Carbamazepine,DDInter1123,Mannitol,Carbamazepine,Mannitol,Moderate
DDInter293,Carbamazepine,DDInter1609,Rivaroxaban,Carbamazepine,Rivaroxaban,Major
DDInter293,Carbamazepine,DDInter1802,Ticagrelor,Carbamazepine,Ticagrelor,Major
DDInter1804,Ticlopidine,DDInter293,Carbamazepine,Carbamazepine,Ticlopidine,Moderate
DDInter1852,Treprostinil,DDInter293,Carbamazepine,Carbamazepine,Treprostinil,Moderate
DDInter293,Carbamazepine,DDInter1945,Vorapaxar,Carbamazepine,Vorapaxar,Major
DDInter293,Carbamazepine,DDInter1951,Warfarin,Carbamazepine,Warfarin,Moderate
DDInter1054,Levodopa,DDInter975,Iron,Iron,Levodopa,Moderate
DDInter1054,Levodopa,DDInter725,Ferrous fumarate,Ferrous fumarate,Levodopa,Moderate
DDInter1054,Levodopa,DDInter726,Ferrous gluconate,Ferrous gluconate,Levodopa,Moderate
DDInter1054,Levodopa,DDInter1683,Sodium bicarbonate,Levodopa,Sodium bicarbonate,Minor
DDInter297,Carbinoxamine,DDInter881,Hyaluronidase,Carbinoxamine,Hyaluronidase,Minor
DDInter297,Carbinoxamine,DDInter1497,Potassium chloride,Carbinoxamine,Potassium chloride,Major
DDInter1153,Mepivacaine,DDInter881,Hyaluronidase,Hyaluronidase,Mepivacaine,Minor
DDInter542,Dicoumarol,DDInter298,Carboplatin,Carboplatin,Dicoumarol,Moderate
DDInter298,Carboplatin,DDInter1277,Neomycin,Carboplatin,Neomycin,Moderate
DDInter1951,Warfarin,DDInter298,Carboplatin,Carboplatin,Warfarin,Moderate
DDInter561,Diltiazem,DDInter272,Calcium chloride,Calcium chloride,Diltiazem,Moderate
DDInter561,Diltiazem,DDInter379,Cilostazol,Cilostazol,Diltiazem,Major
DDInter561,Diltiazem,DDInter621,Edoxaban,Diltiazem,Edoxaban,Major
DDInter561,Diltiazem,DDInter657,Epoprostenol,Diltiazem,Epoprostenol,Moderate
DDInter561,Diltiazem,DDInter785,Fostamatinib,Diltiazem,Fostamatinib,Moderate
DDInter561,Diltiazem,DDInter908,Iloprost,Diltiazem,Iloprost,Moderate
DDInter561,Diltiazem,DDInter1106,Lusutrombopag,Diltiazem,Lusutrombopag,Moderate
DDInter561,Diltiazem,DDInter1609,Rivaroxaban,Diltiazem,Rivaroxaban,Moderate
DDInter561,Diltiazem,DDInter1656,Selexipag,Diltiazem,Selexipag,Moderate
DDInter561,Diltiazem,DDInter1802,Ticagrelor,Diltiazem,Ticagrelor,Moderate
DDInter561,Diltiazem,DDInter1852,Treprostinil,Diltiazem,Treprostinil,Moderate
DDInter869,Human C1-esterase inhibitor,DDInter299,Carfilzomib,Carfilzomib,Human C1-esterase inhibitor,Major
DDInter421,Coagulation factor VIIa Recombinant Human,DDInter299,Carfilzomib,Carfilzomib,Coagulation factor VIIa Recombinant Human,Major
DDInter299,Carfilzomib,DDInter422,Coagulation factor X human,Carfilzomib,Coagulation factor X human,Major
DDInter299,Carfilzomib,DDInter437,Conestat alfa,Carfilzomib,Conestat alfa,Major
DDInter479,Darbepoetin alfa,DDInter299,Carfilzomib,Carfilzomib,Darbepoetin alfa,Major
DDInter631,Eltrombopag,DDInter299,Carfilzomib,Carfilzomib,Eltrombopag,Major
DDInter671,Erythropoietin,DDInter299,Carfilzomib,Carfilzomib,Erythropoietin,Major
DDInter299,Carfilzomib,DDInter733,Fibrinogen human,Carfilzomib,Fibrinogen human,Major
DDInter299,Carfilzomib,DDInter1106,Lusutrombopag,Carfilzomib,Lusutrombopag,Major
DDInter299,Carfilzomib,DDInter1406,Peginesatide,Carfilzomib,Peginesatide,Major
DDInter1617,Romiplostim,DDInter299,Carfilzomib,Carfilzomib,Romiplostim,Major
DDInter1844,Tranexamic acid,DDInter299,Carfilzomib,Carfilzomib,Tranexamic acid,Major
DDInter300,Cariprazine,DDInter1802,Ticagrelor,Cariprazine,Ticagrelor,Moderate
DDInter1707,Spironolactone,DDInter470,Dalteparin,Dalteparin,Spironolactone,Moderate
DDInter1707,Spironolactone,DDInter471,Danaparoid,Danaparoid,Spironolactone,Moderate
DDInter542,Dicoumarol,DDInter1707,Spironolactone,Dicoumarol,Spironolactone,Minor
DDInter1707,Spironolactone,DDInter621,Edoxaban,Edoxaban,Spironolactone,Major
DDInter1707,Spironolactone,DDInter645,Enoxaparin,Enoxaparin,Spironolactone,Moderate
DDInter1707,Spironolactone,DDInter657,Epoprostenol,Epoprostenol,Spironolactone,Moderate
DDInter1707,Spironolactone,DDInter856,Heparin,Heparin,Spironolactone,Moderate
DDInter1707,Spironolactone,DDInter908,Iloprost,Iloprost,Spironolactone,Moderate
DDInter1707,Spironolactone,DDInter1106,Lusutrombopag,Lusutrombopag,Spironolactone,Moderate
DDInter1707,Spironolactone,DDInter1115,Magnesium citrate,Magnesium citrate,Spironolactone,Moderate
DDInter1707,Spironolactone,DDInter1495,Potassium acetate,Potassium acetate,Spironolactone,Major
DDInter1707,Spironolactone,DDInter1497,Potassium chloride,Potassium chloride,Spironolactone,Major
DDInter1707,Spironolactone,DDInter1656,Selexipag,Selexipag,Spironolactone,Moderate
DDInter1707,Spironolactone,DDInter1802,Ticagrelor,Spironolactone,Ticagrelor,Moderate
DDInter1707,Spironolactone,DDInter1812,Tinzaparin,Spironolactone,Tinzaparin,Moderate
DDInter1852,Treprostinil,DDInter1707,Spironolactone,Spironolactone,Treprostinil,Moderate
DDInter1707,Spironolactone,DDInter1951,Warfarin,Spironolactone,Warfarin,Minor
DDInter304,Carteolol (ophthalmic),DDInter654,Epinephrine (topical),Carteolol (ophthalmic),Epinephrine (topical),Moderate
DDInter304,Carteolol (ophthalmic),DDInter1802,Ticagrelor,Carteolol (ophthalmic),Ticagrelor,Minor
DDInter305,Carvedilol,DDInter621,Edoxaban,Carvedilol,Edoxaban,Major
DDInter654,Epinephrine (topical),DDInter305,Carvedilol,Carvedilol,Epinephrine (topical),Moderate
DDInter305,Carvedilol,DDInter657,Epoprostenol,Carvedilol,Epoprostenol,Moderate
DDInter908,Iloprost,DDInter305,Carvedilol,Carvedilol,Iloprost,Moderate
DDInter305,Carvedilol,DDInter1106,Lusutrombopag,Carvedilol,Lusutrombopag,Moderate
DDInter305,Carvedilol,DDInter1656,Selexipag,Carvedilol,Selexipag,Moderate
DDInter305,Carvedilol,DDInter1802,Ticagrelor,Carvedilol,Ticagrelor,Minor
DDInter1852,Treprostinil,DDInter305,Carvedilol,Carvedilol,Treprostinil,Moderate
DDInter542,Dicoumarol,DDInter310,Cefadroxil,Cefadroxil,Dicoumarol,Moderate
DDInter1951,Warfarin,DDInter310,Cefadroxil,Cefadroxil,Warfarin,Moderate
DDInter542,Dicoumarol,DDInter314,Cefazolin,Cefazolin,Dicoumarol,Moderate
DDInter856,Heparin,DDInter314,Cefazolin,Cefazolin,Heparin,Minor
DDInter1277,Neomycin,DDInter314,Cefazolin,Cefazolin,Neomycin,Moderate
DDInter1951,Warfarin,DDInter314,Cefazolin,Cefazolin,Warfarin,Moderate
DDInter315,Cefdinir,DDInter975,Iron,Cefdinir,Iron,Moderate
DDInter542,Dicoumarol,DDInter315,Cefdinir,Cefdinir,Dicoumarol,Moderate
DDInter315,Cefdinir,DDInter725,Ferrous fumarate,Cefdinir,Ferrous fumarate,Moderate
DDInter315,Cefdinir,DDInter726,Ferrous gluconate,Cefdinir,Ferrous gluconate,Moderate
DDInter315,Cefdinir,DDInter1951,Warfarin,Cefdinir,Warfarin,Moderate
DDInter542,Dicoumarol,DDInter316,Cefditoren,Cefditoren,Dicoumarol,Moderate
DDInter316,Cefditoren,DDInter1683,Sodium bicarbonate,Cefditoren,Sodium bicarbonate,Moderate
DDInter1951,Warfarin,DDInter316,Cefditoren,Cefditoren,Warfarin,Moderate
DDInter542,Dicoumarol,DDInter317,Cefepime,Cefepime,Dicoumarol,Moderate
DDInter1277,Neomycin,DDInter317,Cefepime,Cefepime,Neomycin,Moderate
DDInter1951,Warfarin,DDInter317,Cefepime,Cefepime,Warfarin,Moderate
DDInter542,Dicoumarol,DDInter318,Cefiderocol,Cefiderocol,Dicoumarol,Moderate
DDInter1951,Warfarin,DDInter318,Cefiderocol,Cefiderocol,Warfarin,Moderate
DDInter542,Dicoumarol,DDInter319,Cefixime,Cefixime,Dicoumarol,Moderate
DDInter319,Cefixime,DDInter1277,Neomycin,Cefixime,Neomycin,Moderate
DDInter319,Cefixime,DDInter1951,Warfarin,Cefixime,Warfarin,Moderate
DDInter542,Dicoumarol,DDInter323,Cefotaxime,Cefotaxime,Dicoumarol,Moderate
DDInter323,Cefotaxime,DDInter1277,Neomycin,Cefotaxime,Neomycin,Moderate
DDInter323,Cefotaxime,DDInter1951,Warfarin,Cefotaxime,Warfarin,Moderate
DDInter542,Dicoumarol,DDInter324,Cefotetan,Cefotetan,Dicoumarol,Moderate
DDInter856,Heparin,DDInter324,Cefotetan,Cefotetan,Heparin,Moderate
DDInter1277,Neomycin,DDInter324,Cefotetan,Cefotetan,Neomycin,Moderate
DDInter1951,Warfarin,DDInter324,Cefotetan,Cefotetan,Warfarin,Moderate
DDInter542,Dicoumarol,DDInter325,Cefoxitin,Cefoxitin,Dicoumarol,Moderate
DDInter856,Heparin,DDInter325,Cefoxitin,Cefoxitin,Heparin,Minor
DDInter1277,Neomycin,DDInter325,Cefoxitin,Cefoxitin,Neomycin,Moderate
DDInter1951,Warfarin,DDInter325,Cefoxitin,Cefoxitin,Warfarin,Moderate
DDInter542,Dicoumarol,DDInter326,Cefpodoxime,Cefpodoxime,Dicoumarol,Moderate
DDInter1277,Neomycin,DDInter326,Cefpodoxime,Cefpodoxime,Neomycin,Moderate
DDInter1683,Sodium bicarbonate,DDInter326,Cefpodoxime,Cefpodoxime,Sodium bicarbonate,Moderate
DDInter1951,Warfarin,DDInter326,Cefpodoxime,Cefpodoxime,Warfarin,Moderate
DDInter542,Dicoumarol,DDInter327,Cefprozil,Cefprozil,Dicoumarol,Moderate
DDInter1277,Neomycin,DDInter327,Cefprozil,Cefprozil,Neomycin,Moderate
DDInter1951,Warfarin,DDInter327,Cefprozil,Cefprozil,Warfarin,Moderate
DDInter542,Dicoumarol,DDInter329,Ceftaroline fosamil,Ceftaroline fosamil,Dicoumarol,Moderate
DDInter1277,Neomycin,DDInter329,Ceftaroline fosamil,Ceftaroline fosamil,Neomycin,Moderate
DDInter1951,Warfarin,DDInter329,Ceftaroline fosamil,Ceftaroline fosamil,Warfarin,Moderate
DDInter542,Dicoumarol,DDInter330,Ceftazidime,Ceftazidime,Dicoumarol,Moderate
DDInter330,Ceftazidime,DDInter1277,Neomycin,Ceftazidime,Neomycin,Moderate
DDInter330,Ceftazidime,DDInter1951,Warfarin,Ceftazidime,Warfarin,Moderate
DDInter542,Dicoumarol,DDInter331,Ceftibuten,Ceftibuten,Dicoumarol,Moderate
DDInter1951,Warfarin,DDInter331,Ceftibuten,Ceftibuten,Warfarin,Moderate
DDInter542,Dicoumarol,DDInter333,Ceftolozane,Ceftolozane,Dicoumarol,Moderate
DDInter1277,Neomycin,DDInter333,Ceftolozane,Ceftolozane,Neomycin,Moderate
DDInter1951,Warfarin,DDInter333,Ceftolozane,Ceftolozane,Warfarin,Moderate
DDInter272,Calcium chloride,DDInter334,Ceftriaxone,Calcium chloride,Ceftriaxone,Major
DDInter542,Dicoumarol,DDInter334,Ceftriaxone,Ceftriaxone,Dicoumarol,Moderate
DDInter856,Heparin,DDInter334,Ceftriaxone,Ceftriaxone,Heparin,Minor
DDInter1277,Neomycin,DDInter334,Ceftriaxone,Ceftriaxone,Neomycin,Moderate
DDInter1951,Warfarin,DDInter334,Ceftriaxone,Ceftriaxone,Warfarin,Moderate
DDInter542,Dicoumarol,DDInter335,Cefuroxime,Cefuroxime,Dicoumarol,Moderate
DDInter1277,Neomycin,DDInter335,Cefuroxime,Cefuroxime,Neomycin,Moderate
DDInter335,Cefuroxime,DDInter1683,Sodium bicarbonate,Cefuroxime,Sodium bicarbonate,Moderate
DDInter1951,Warfarin,DDInter335,Cefuroxime,Cefuroxime,Warfarin,Moderate
DDInter336,Celecoxib,DDInter657,Epoprostenol,Celecoxib,Epoprostenol,Moderate
DDInter336,Celecoxib,DDInter908,Iloprost,Celecoxib,Iloprost,Moderate
DDInter1852,Treprostinil,DDInter336,Celecoxib,Celecoxib,Treprostinil,Moderate
DDInter379,Cilostazol,DDInter338,Cenobamate,Cenobamate,Cilostazol,Moderate
DDInter413,Clopidogrel,DDInter338,Cenobamate,Cenobamate,Clopidogrel,Moderate
DDInter338,Cenobamate,DDInter1609,Rivaroxaban,Cenobamate,Rivaroxaban,Moderate
DDInter338,Cenobamate,DDInter1802,Ticagrelor,Cenobamate,Ticagrelor,Moderate
DDInter542,Dicoumarol,DDInter339,Cephalexin,Cephalexin,Dicoumarol,Moderate
DDInter339,Cephalexin,DDInter1951,Warfarin,Cephalexin,Warfarin,Moderate
DDInter379,Cilostazol,DDInter340,Ceritinib,Ceritinib,Cilostazol,Major
DDInter340,Ceritinib,DDInter1106,Lusutrombopag,Ceritinib,Lusutrombopag,Moderate
DDInter340,Ceritinib,DDInter1115,Magnesium citrate,Ceritinib,Magnesium citrate,Moderate
DDInter1609,Rivaroxaban,DDInter340,Ceritinib,Ceritinib,Rivaroxaban,Moderate
DDInter1683,Sodium bicarbonate,DDInter340,Ceritinib,Ceritinib,Sodium bicarbonate,Moderate
DDInter1802,Ticagrelor,DDInter340,Ceritinib,Ceritinib,Ticagrelor,Major
DDInter1945,Vorapaxar,DDInter340,Ceritinib,Ceritinib,Vorapaxar,Major
DDInter1951,Warfarin,DDInter340,Ceritinib,Ceritinib,Warfarin,Moderate
DDInter542,Dicoumarol,DDInter342,Certolizumab pegol,Certolizumab pegol,Dicoumarol,Moderate
DDInter1609,Rivaroxaban,DDInter342,Certolizumab pegol,Certolizumab pegol,Rivaroxaban,Moderate
DDInter1951,Warfarin,DDInter342,Certolizumab pegol,Certolizumab pegol,Warfarin,Moderate
DDInter342,Certolizumab pegol,DDInter1964,Zinc chloride,Certolizumab pegol,Zinc chloride,Minor
DDInter346,Cevimeline,DDInter1804,Ticlopidine,Cevimeline,Ticlopidine,Moderate
DDInter542,Dicoumarol,DDInter348,Chenodeoxycholic acid,Chenodeoxycholic acid,Dicoumarol,Moderate
DDInter1951,Warfarin,DDInter348,Chenodeoxycholic acid,Chenodeoxycholic acid,Warfarin,Moderate
DDInter351,Chloramphenicol,DDInter975,Iron,Chloramphenicol,Iron,Moderate
DDInter351,Chloramphenicol,DDInter379,Cilostazol,Chloramphenicol,Cilostazol,Moderate
DDInter351,Chloramphenicol,DDInter413,Clopidogrel,Chloramphenicol,Clopidogrel,Moderate
DDInter542,Dicoumarol,DDInter351,Chloramphenicol,Chloramphenicol,Dicoumarol,Moderate
DDInter351,Chloramphenicol,DDInter725,Ferrous fumarate,Chloramphenicol,Ferrous fumarate,Moderate
DDInter351,Chloramphenicol,DDInter726,Ferrous gluconate,Chloramphenicol,Ferrous gluconate,Moderate
DDInter891,Hydroxocobalamin,DDInter351,Chloramphenicol,Chloramphenicol,Hydroxocobalamin,Moderate
DDInter351,Chloramphenicol,DDInter978,Iron sucrose,Chloramphenicol,Iron sucrose,Moderate
DDInter351,Chloramphenicol,DDInter1136,Mecobalamin,Chloramphenicol,Mecobalamin,Moderate
DDInter351,Chloramphenicol,DDInter1609,Rivaroxaban,Chloramphenicol,Rivaroxaban,Moderate
DDInter351,Chloramphenicol,DDInter1951,Warfarin,Chloramphenicol,Warfarin,Moderate
DDInter542,Dicoumarol,DDInter355,Chlordiazepoxide,Chlordiazepoxide,Dicoumarol,Minor
DDInter355,Chlordiazepoxide,DDInter1683,Sodium bicarbonate,Chlordiazepoxide,Sodium bicarbonate,Minor
DDInter355,Chlordiazepoxide,DDInter1951,Warfarin,Chlordiazepoxide,Warfarin,Minor
DDInter1497,Potassium chloride,DDInter397,Clidinium,Clidinium,Potassium chloride,Major
DDInter358,Chloroprocaine,DDInter881,Hyaluronidase,Chloroprocaine,Hyaluronidase,Minor
DDInter359,Chloroquine,DDInter379,Cilostazol,Chloroquine,Cilostazol,Major
DDInter359,Chloroquine,DDInter413,Clopidogrel,Chloroquine,Clopidogrel,Moderate
DDInter360,Chlorothiazide,DDInter272,Calcium chloride,Calcium chloride,Chlorothiazide,Moderate
DDInter542,Dicoumarol,DDInter360,Chlorothiazide,Chlorothiazide,Dicoumarol,Minor
DDInter360,Chlorothiazide,DDInter657,Epoprostenol,Chlorothiazide,Epoprostenol,Moderate
DDInter360,Chlorothiazide,DDInter908,Iloprost,Chlorothiazide,Iloprost,Moderate
DDInter360,Chlorothiazide,DDInter1115,Magnesium citrate,Chlorothiazide,Magnesium citrate,Moderate
DDInter360,Chlorothiazide,DDInter1656,Selexipag,Chlorothiazide,Selexipag,Moderate
DDInter1852,Treprostinil,DDInter360,Chlorothiazide,Chlorothiazide,Treprostinil,Moderate
DDInter1951,Warfarin,DDInter360,Chlorothiazide,Chlorothiazide,Warfarin,Minor
DDInter542,Dicoumarol,DDInter364,Chlorpropamide,Chlorpropamide,Dicoumarol,Moderate
DDInter364,Chlorpropamide,DDInter856,Heparin,Chlorpropamide,Heparin,Moderate
DDInter364,Chlorpropamide,DDInter1681,Sodium acetate,Chlorpropamide,Sodium acetate,Minor
DDInter364,Chlorpropamide,DDInter1683,Sodium bicarbonate,Chlorpropamide,Sodium bicarbonate,Moderate
DDInter1723,Sulfamethizole,DDInter364,Chlorpropamide,Chlorpropamide,Sulfamethizole,Moderate
DDInter364,Chlorpropamide,DDInter1883,Tromethamine,Chlorpropamide,Tromethamine,Minor
DDInter364,Chlorpropamide,DDInter1951,Warfarin,Chlorpropamide,Warfarin,Moderate
DDInter365,Chlorthalidone,DDInter272,Calcium chloride,Calcium chloride,Chlorthalidone,Moderate
DDInter542,Dicoumarol,DDInter365,Chlorthalidone,Chlorthalidone,Dicoumarol,Minor
DDInter365,Chlorthalidone,DDInter657,Epoprostenol,Chlorthalidone,Epoprostenol,Moderate
DDInter365,Chlorthalidone,DDInter908,Iloprost,Chlorthalidone,Iloprost,Moderate
DDInter365,Chlorthalidone,DDInter1115,Magnesium citrate,Chlorthalidone,Magnesium citrate,Moderate
DDInter365,Chlorthalidone,DDInter1656,Selexipag,Chlorthalidone,Selexipag,Moderate
DDInter365,Chlorthalidone,DDInter1852,Treprostinil,Chlorthalidone,Treprostinil,Moderate
DDInter365,Chlorthalidone,DDInter1951,Warfarin,Chlorthalidone,Warfarin,Minor
DDInter1277,Neomycin,DDInter1932,Vibrio cholerae CVD 103-HgR strain live antigen (live),Neomycin,Vibrio cholerae CVD 103-HgR strain live antigen (live),Major
DDInter1723,Sulfamethizole,DDInter1932,Vibrio cholerae CVD 103-HgR strain live antigen (live),Sulfamethizole,Vibrio cholerae CVD 103-HgR strain live antigen (live),Major
DDInter542,Dicoumarol,DDInter368,Cholestyramine,Cholestyramine,Dicoumarol,Moderate
DDInter1461,Phylloquinone,DDInter368,Cholestyramine,Cholestyramine,Phylloquinone,Moderate
DDInter1951,Warfarin,DDInter368,Cholestyramine,Cholestyramine,Warfarin,Moderate
DDInter99,Anistreplase,DDInter370,Choline salicylate,Anistreplase,Choline salicylate,Moderate
DDInter413,Clopidogrel,DDInter370,Choline salicylate,Choline salicylate,Clopidogrel,Moderate
DDInter470,Dalteparin,DDInter370,Choline salicylate,Choline salicylate,Dalteparin,Moderate
DDInter505,Desirudin,DDInter370,Choline salicylate,Choline salicylate,Desirudin,Moderate
DDInter605,Drotrecogin alfa,DDInter370,Choline salicylate,Choline salicylate,Drotrecogin alfa,Moderate
DDInter621,Edoxaban,DDInter370,Choline salicylate,Choline salicylate,Edoxaban,Moderate
DDInter645,Enoxaparin,DDInter370,Choline salicylate,Choline salicylate,Enoxaparin,Moderate
DDInter856,Heparin,DDInter370,Choline salicylate,Choline salicylate,Heparin,Moderate
DDInter370,Choline salicylate,DDInter881,Hyaluronidase,Choline salicylate,Hyaluronidase,Minor
DDInter908,Iloprost,DDInter370,Choline salicylate,Choline salicylate,Iloprost,Moderate
DDInter1037,Lepirudin,DDInter370,Choline salicylate,Choline salicylate,Lepirudin,Moderate
DDInter1508,Prasugrel,DDInter370,Choline salicylate,Choline salicylate,Prasugrel,Moderate
DDInter1681,Sodium acetate,DDInter370,Choline salicylate,Choline salicylate,Sodium acetate,Moderate
DDInter1683,Sodium bicarbonate,DDInter370,Choline salicylate,Choline salicylate,Sodium bicarbonate,Moderate
DDInter1712,Streptokinase,DDInter370,Choline salicylate,Choline salicylate,Streptokinase,Moderate
DDInter1802,Ticagrelor,DDInter370,Choline salicylate,Choline salicylate,Ticagrelor,Moderate
DDInter1812,Tinzaparin,DDInter370,Choline salicylate,Choline salicylate,Tinzaparin,Moderate
DDInter1883,Tromethamine,DDInter370,Choline salicylate,Choline salicylate,Tromethamine,Moderate
DDInter1905,Urokinase,DDInter370,Choline salicylate,Choline salicylate,Urokinase,Moderate
DDInter1951,Warfarin,DDInter370,Choline salicylate,Choline salicylate,Warfarin,Moderate
DDInter378,Cidofovir,DDInter1277,Neomycin,Cidofovir,Neomycin,Major
DDInter367,Cholecalciferol,DDInter1115,Magnesium citrate,Cholecalciferol,Magnesium citrate,Moderate
DDInter4,Abarelix,DDInter379,Cilostazol,Abarelix,Cilostazol,Moderate
DDInter379,Cilostazol,DDInter8,Abiraterone,Abiraterone,Cilostazol,Moderate
DDInter31,Adenosine,DDInter379,Cilostazol,Adenosine,Cilostazol,Moderate
DDInter1632,Salbutamol,DDInter379,Cilostazol,Cilostazol,Salbutamol,Moderate
DDInter44,Alfuzosin,DDInter379,Cilostazol,Alfuzosin,Cilostazol,Moderate
DDInter379,Cilostazol,DDInter77,Amisulpride,Amisulpride,Cilostazol,Major
DDInter78,Amitriptyline,DDInter379,Cilostazol,Amitriptyline,Cilostazol,Moderate
DDInter82,Amoxapine,DDInter379,Cilostazol,Amoxapine,Cilostazol,Moderate
DDInter90,Amprenavir,DDInter379,Cilostazol,Amprenavir,Cilostazol,Major
DDInter99,Anistreplase,DDInter379,Cilostazol,Anistreplase,Cilostazol,Moderate
DDInter379,Cilostazol,DDInter107,Apalutamide,Apalutamide,Cilostazol,Moderate
DDInter109,Apomorphine,DDInter379,Cilostazol,Apomorphine,Cilostazol,Moderate
DDInter115,Ardeparin,DDInter379,Cilostazol,Ardeparin,Cilostazol,Major
DDInter379,Cilostazol,DDInter116,Arformoterol,Arformoterol,Cilostazol,Moderate
DDInter117,Argatroban,DDInter379,Cilostazol,Argatroban,Cilostazol,Major
DDInter379,Cilostazol,DDInter118,Aripiprazole,Aripiprazole,Cilostazol,Moderate
DDInter379,Cilostazol,DDInter120,Arsenic trioxide,Arsenic trioxide,Cilostazol,Major
DDInter379,Cilostazol,DDInter125,Asenapine,Asenapine,Cilostazol,Moderate
DDInter128,Astemizole,DDInter379,Cilostazol,Astemizole,Cilostazol,Moderate
DDInter379,Cilostazol,DDInter170,Bedaquiline,Bedaquiline,Cilostazol,Major
DDInter379,Cilostazol,DDInter192,Bepridil,Bepridil,Cilostazol,Major
DDInter379,Cilostazol,DDInter193,Berotralstat,Berotralstat,Cilostazol,Major
DDInter379,Cilostazol,DDInter221,Boceprevir,Boceprevir,Cilostazol,Major
DDInter241,Bromfenac,DDInter379,Cilostazol,Bromfenac,Cilostazol,Moderate
DDInter379,Cilostazol,DDInter291,Capsicum,Capsicum,Cilostazol,Minor
DDInter379,Cilostazol,DDInter787,Frangula purshiana bark,Cilostazol,Frangula purshiana bark,Moderate
DDInter379,Cilostazol,DDInter307,Castor oil,Castor oil,Cilostazol,Moderate
DDInter379,Cilostazol,DDInter347,Chamomile,Chamomile,Cilostazol,Minor
DDInter363,Chlorpromazine,DDInter379,Cilostazol,Chlorpromazine,Cilostazol,Moderate
DDInter380,Cimetidine,DDInter379,Cilostazol,Cilostazol,Cimetidine,Moderate
DDInter384,Ciprofloxacin,DDInter379,Cilostazol,Cilostazol,Ciprofloxacin,Moderate
DDInter385,Cisapride,DDInter379,Cilostazol,Cilostazol,Cisapride,Major
DDInter388,Citalopram,DDInter379,Cilostazol,Cilostazol,Citalopram,Moderate
DDInter392,Cladribine,DDInter379,Cilostazol,Cilostazol,Cladribine,Moderate
DDInter379,Cilostazol,DDInter393,Clarithromycin,Cilostazol,Clarithromycin,Major
DDInter406,Clofazimine,DDInter379,Cilostazol,Cilostazol,Clofazimine,Moderate
DDInter379,Cilostazol,DDInter410,Clomipramine,Cilostazol,Clomipramine,Moderate
DDInter413,Clopidogrel,DDInter379,Cilostazol,Cilostazol,Clopidogrel,Moderate
DDInter416,Clotrimazole,DDInter379,Cilostazol,Cilostazol,Clotrimazole,Moderate
DDInter379,Cilostazol,DDInter417,Clove,Cilostazol,Clove,Minor
DDInter419,Clozapine,DDInter379,Cilostazol,Cilostazol,Clozapine,Major
DDInter379,Cilostazol,DDInter424,Cobicistat,Cilostazol,Cobicistat,Major
DDInter435,Collagenase clostridium histolyticum,DDInter379,Cilostazol,Cilostazol,Collagenase clostridium histolyticum,Moderate
DDInter438,Conivaptan,DDInter379,Cilostazol,Cilostazol,Conivaptan,Major
DDInter379,Cilostazol,DDInter448,Crizotinib,Cilostazol,Crizotinib,Major
DDInter458,Cyclosporine,DDInter379,Cilostazol,Cilostazol,Cyclosporine,Moderate
DDInter379,Cilostazol,DDInter462,Dabrafenib,Cilostazol,Dabrafenib,Moderate
DDInter379,Cilostazol,DDInter470,Dalteparin,Cilostazol,Dalteparin,Major
DDInter379,Cilostazol,DDInter471,Danaparoid,Cilostazol,Danaparoid,Major
DDInter379,Cilostazol,DDInter472,Danazol,Cilostazol,Danazol,Moderate
DDInter379,Cilostazol,DDInter482,Darunavir,Cilostazol,Darunavir,Major
DDInter379,Cilostazol,DDInter484,Dasatinib,Cilostazol,Dasatinib,Major
DDInter485,Daunorubicin,DDInter379,Cilostazol,Cilostazol,Daunorubicin,Moderate
DDInter486,Daunorubicin (liposomal),DDInter379,Cilostazol,Cilostazol,Daunorubicin (liposomal),Moderate
DDInter379,Cilostazol,DDInter488,Deferasirox,Cilostazol,Deferasirox,Major
DDInter379,Cilostazol,DDInter491,Defibrotide,Cilostazol,Defibrotide,Major
DDInter379,Cilostazol,DDInter493,Degarelix,Cilostazol,Degarelix,Moderate
DDInter496,Delavirdine,DDInter379,Cilostazol,Cilostazol,Delavirdine,Major
DDInter379,Cilostazol,DDInter501,Deoxycholic acid,Cilostazol,Deoxycholic acid,Moderate
DDInter504,Desipramine,DDInter379,Cilostazol,Cilostazol,Desipramine,Moderate
DDInter379,Cilostazol,DDInter505,Desirudin,Cilostazol,Desirudin,Major
DDInter379,Cilostazol,DDInter511,Desvenlafaxine,Cilostazol,Desvenlafaxine,Moderate
DDInter379,Cilostazol,DDInter512,Deutetrabenazine,Cilostazol,Deutetrabenazine,Moderate
DDInter379,Cilostazol,DDInter518,Dexfenfluramine,Cilostazol,Dexfenfluramine,Moderate
DDInter538,Diclofenac (ophthalmic),DDInter379,Cilostazol,Cilostazol,Diclofenac (ophthalmic),Moderate
DDInter551,Diflunisal,DDInter379,Cilostazol,Cilostazol,Diflunisal,Moderate
DDInter575,Disopyramide,DDInter379,Cilostazol,Cilostazol,Disopyramide,Major
DDInter580,Dofetilide,DDInter379,Cilostazol,Cilostazol,Dofetilide,Major
DDInter581,Dolasetron,DDInter379,Cilostazol,Cilostazol,Dolasetron,Major
DDInter583,Donepezil,DDInter379,Cilostazol,Cilostazol,Donepezil,Moderate
DDInter593,Doxepin,DDInter379,Cilostazol,Cilostazol,Doxepin,Moderate
DDInter596,Doxorubicin,DDInter379,Cilostazol,Cilostazol,Doxorubicin,Moderate
DDInter597,Doxorubicin (liposomal),DDInter379,Cilostazol,Cilostazol,Doxorubicin (liposomal),Moderate
DDInter379,Cilostazol,DDInter602,Dronedarone,Cilostazol,Dronedarone,Major
DDInter603,Droperidol,DDInter379,Cilostazol,Cilostazol,Droperidol,Major
DDInter605,Drotrecogin alfa,DDInter379,Cilostazol,Cilostazol,Drotrecogin alfa,Major
DDInter608,Duloxetine,DDInter379,Cilostazol,Cilostazol,Duloxetine,Moderate
DDInter379,Cilostazol,DDInter612,Duvelisib,Cilostazol,Duvelisib,Major
DDInter379,Cilostazol,DDInter614,Echinacea,Cilostazol,Echinacea,Moderate
DDInter379,Cilostazol,DDInter621,Edoxaban,Cilostazol,Edoxaban,Major
DDInter624,Efavirenz,DDInter379,Cilostazol,Cilostazol,Efavirenz,Moderate
DDInter379,Cilostazol,DDInter629,Eliglustat,Cilostazol,Eliglustat,Moderate
DDInter379,Cilostazol,DDInter640,Encorafenib,Cilostazol,Encorafenib,Moderate
DDInter379,Cilostazol,DDInter645,Enoxaparin,Cilostazol,Enoxaparin,Major
DDInter379,Cilostazol,DDInter648,Entrectinib,Cilostazol,Entrectinib,Moderate
DDInter379,Cilostazol,DDInter649,Enzalutamide,Cilostazol,Enzalutamide,Moderate
DDInter655,Epirubicin,DDInter379,Cilostazol,Cilostazol,Epirubicin,Moderate
DDInter379,Cilostazol,DDInter657,Epoprostenol,Cilostazol,Epoprostenol,Moderate
DDInter659,Eptifibatide,DDInter379,Cilostazol,Cilostazol,Eptifibatide,Moderate
DDInter379,Cilostazol,DDInter666,Eribulin,Cilostazol,Eribulin,Moderate
DDInter670,Erythromycin,DDInter379,Cilostazol,Cilostazol,Erythromycin,Major
DDInter379,Cilostazol,DDInter672,Escitalopram,Cilostazol,Escitalopram,Moderate
DDInter379,Cilostazol,DDInter674,Eslicarbazepine,Cilostazol,Eslicarbazepine,Moderate
DDInter676,Esomeprazole,DDInter379,Cilostazol,Cilostazol,Esomeprazole,Moderate
DDInter699,Etodolac,DDInter379,Cilostazol,Cilostazol,Etodolac,Moderate
DDInter379,Cilostazol,DDInter703,Etravirine,Cilostazol,Etravirine,Moderate
DDInter379,Cilostazol,DDInter708,Ezogabine,Cilostazol,Ezogabine,Moderate
DDInter712,Famotidine,DDInter379,Cilostazol,Cilostazol,Famotidine,Moderate
DDInter379,Cilostazol,DDInter714,Fedratinib,Cilostazol,Fedratinib,Major
DDInter715,Felbamate,DDInter379,Cilostazol,Cilostazol,Felbamate,Moderate
DDInter717,Fenfluramine,DDInter379,Cilostazol,Cilostazol,Fenfluramine,Moderate
DDInter721,Fenoprofen,DDInter379,Cilostazol,Cilostazol,Fenoprofen,Moderate
DDInter379,Cilostazol,DDInter737,Fingolimod,Cilostazol,Fingolimod,Major
DDInter379,Cilostazol,DDInter740,Flecainide,Cilostazol,Flecainide,Moderate
DDInter743,Fluconazole,DDInter379,Cilostazol,Cilostazol,Fluconazole,Major
DDInter758,Fluoxetine,DDInter379,Cilostazol,Cilostazol,Fluoxetine,Moderate
DDInter760,Fluphenazine,DDInter379,Cilostazol,Cilostazol,Fluphenazine,Moderate
DDInter763,Flurbiprofen,DDInter379,Cilostazol,Cilostazol,Flurbiprofen,Moderate
DDInter764,Flurbiprofen (ophthalmic),DDInter379,Cilostazol,Cilostazol,Flurbiprofen (ophthalmic),Moderate
DDInter765,Flutamide,DDInter379,Cilostazol,Cilostazol,Flutamide,Moderate
DDInter779,Foscarnet,DDInter379,Cilostazol,Cilostazol,Foscarnet,Moderate
DDInter379,Cilostazol,DDInter786,Fostemsavir,Cilostazol,Fostemsavir,Moderate
DDInter802,Galantamine,DDInter379,Cilostazol,Cilostazol,Galantamine,Moderate
DDInter809,Gatifloxacin,DDInter379,Cilostazol,Cilostazol,Gatifloxacin,Major
DDInter813,Gemifloxacin,DDInter379,Cilostazol,Cilostazol,Gemifloxacin,Moderate
DDInter379,Cilostazol,DDInter817,Gilteritinib,Cilostazol,Gilteritinib,Moderate
DDInter379,Cilostazol,DDInter819,Ginkgo biloba,Cilostazol,Ginkgo biloba,Moderate
DDInter379,Cilostazol,DDInter822,Glasdegib,Cilostazol,Glasdegib,Moderate
DDInter379,Cilostazol,DDInter832,Glycerin,Cilostazol,Glycerin,Moderate
DDInter379,Cilostazol,DDInter836,Goldenseal,Cilostazol,Goldenseal,Moderate
DDInter839,Goserelin,DDInter379,Cilostazol,Cilostazol,Goserelin,Moderate
DDInter840,Granisetron,DDInter379,Cilostazol,Cilostazol,Granisetron,Moderate
DDInter842,Grepafloxacin,DDInter379,Cilostazol,Cilostazol,Grepafloxacin,Major
DDInter379,Cilostazol,DDInter852,Halofantrine,Cilostazol,Halofantrine,Major
DDInter853,Haloperidol,DDInter379,Cilostazol,Cilostazol,Haloperidol,Major
DDInter854,Halothane,DDInter379,Cilostazol,Cilostazol,Halothane,Moderate
DDInter379,Cilostazol,DDInter855,Hemin,Cilostazol,Hemin,Moderate
DDInter856,Heparin,DDInter379,Cilostazol,Cilostazol,Heparin,Minor
DDInter379,Cilostazol,DDInter864,Histrelin,Cilostazol,Histrelin,Moderate
DDInter379,Cilostazol,DDInter893,Hydroxychloroquine,Cilostazol,Hydroxychloroquine,Major
DDInter895,Hydroxyzine,DDInter379,Cilostazol,Cilostazol,Hydroxyzine,Moderate
DDInter898,Ibritumomab tiuxetan,DDInter379,Cilostazol,Cilostazol,Ibritumomab tiuxetan,Major
DDInter379,Cilostazol,DDInter899,Ibrutinib,Cilostazol,Ibrutinib,Major
DDInter901,Ibutilide,DDInter379,Cilostazol,Cilostazol,Ibutilide,Major
DDInter903,Icosapent,DDInter379,Cilostazol,Cilostazol,Icosapent,Moderate
DDInter379,Cilostazol,DDInter904,Idarubicin,Cilostazol,Idarubicin,Moderate
DDInter379,Cilostazol,DDInter905,Idelalisib,Cilostazol,Idelalisib,Major
DDInter379,Cilostazol,DDInter907,Iloperidone,Cilostazol,Iloperidone,Major
DDInter908,Iloprost,DDInter379,Cilostazol,Cilostazol,Iloprost,Moderate
DDInter909,Imatinib,DDInter379,Cilostazol,Cilostazol,Imatinib,Major
DDInter912,Imipramine,DDInter379,Cilostazol,Cilostazol,Imipramine,Moderate
DDInter379,Cilostazol,DDInter915,Indacaterol,Cilostazol,Indacaterol,Moderate
DDInter917,Indinavir,DDInter379,Cilostazol,Cilostazol,Indinavir,Major
DDInter921,Indomethacin,DDInter379,Cilostazol,Cilostazol,Indomethacin,Moderate
DDInter379,Cilostazol,DDInter926,Inotersen,Cilostazol,Inotersen,Major
DDInter379,Cilostazol,DDInter927,Inotuzumab ozogamicin,Cilostazol,Inotuzumab ozogamicin,Moderate
DDInter1839,Tositumomab (I-131),DDInter379,Cilostazol,Cilostazol,Tositumomab (I-131),Major
DDInter379,Cilostazol,DDInter980,Isavuconazonium,Cilostazol,Isavuconazonium,Major
DDInter982,Isoetharine,DDInter379,Cilostazol,Cilostazol,Isoetharine,Moderate
DDInter986,Isoniazid,DDInter379,Cilostazol,Cilostazol,Isoniazid,Moderate
DDInter987,Isoprenaline,DDInter379,Cilostazol,Cilostazol,Isoprenaline,Moderate
DDInter379,Cilostazol,DDInter995,Itraconazole,Cilostazol,Itraconazole,Major
DDInter379,Cilostazol,DDInter996,Ivabradine,Cilostazol,Ivabradine,Major
DDInter379,Cilostazol,DDInter997,Ivacaftor,Cilostazol,Ivacaftor,Moderate
DDInter379,Cilostazol,DDInter1000,Ivosidenib,Cilostazol,Ivosidenib,Major
DDInter1008,Ketoconazole,DDInter379,Cilostazol,Cilostazol,Ketoconazole,Major
DDInter1009,Ketoprofen,DDInter379,Cilostazol,Cilostazol,Ketoprofen,Moderate
DDInter379,Cilostazol,DDInter1016,Lactitol,Cilostazol,Lactitol,Moderate
DDInter1018,Lactulose,DDInter379,Cilostazol,Cilostazol,Lactulose,Moderate
DDInter1022,Lansoprazole,DDInter379,Cilostazol,Cilostazol,Lansoprazole,Major
DDInter379,Cilostazol,DDInter1024,Lapatinib,Cilostazol,Lapatinib,Moderate
DDInter379,Cilostazol,DDInter1026,Larotrectinib,Cilostazol,Larotrectinib,Moderate
DDInter379,Cilostazol,DDInter1032,Lefamulin,Cilostazol,Lefamulin,Moderate
DDInter379,Cilostazol,DDInter1034,Lemborexant,Cilostazol,Lemborexant,Moderate
DDInter379,Cilostazol,DDInter1036,Lenvatinib,Cilostazol,Lenvatinib,Moderate
DDInter1037,Lepirudin,DDInter379,Cilostazol,Cilostazol,Lepirudin,Major
DDInter379,Cilostazol,DDInter1039,Letermovir,Cilostazol,Letermovir,Major
DDInter1040,Letrozole,DDInter379,Cilostazol,Cilostazol,Letrozole,Moderate
DDInter1042,Leuprolide,DDInter379,Cilostazol,Cilostazol,Leuprolide,Moderate
DDInter379,Cilostazol,DDInter1063,Levosalbutamol,Cilostazol,Levosalbutamol,Moderate
DDInter379,Cilostazol,DDInter1045,Levamlodipine,Cilostazol,Levamlodipine,Moderate
DDInter1055,Levofloxacin,DDInter379,Cilostazol,Cilostazol,Levofloxacin,Moderate
DDInter379,Cilostazol,DDInter1043,Levacetylmethadol,Cilostazol,Levacetylmethadol,Major
DDInter379,Cilostazol,DDInter1059,Levomilnacipran,Cilostazol,Levomilnacipran,Moderate
DDInter379,Cilostazol,DDInter1078,Lisdexamfetamine,Cilostazol,Lisdexamfetamine,Moderate
DDInter379,Cilostazol,DDInter1081,Lithium carbonate,Cilostazol,Lithium carbonate,Moderate
DDInter379,Cilostazol,DDInter1083,Lofexidine,Cilostazol,Lofexidine,Moderate
DDInter1084,Lomefloxacin,DDInter379,Cilostazol,Cilostazol,Lomefloxacin,Moderate
DDInter379,Cilostazol,DDInter1085,Lomitapide,Cilostazol,Lomitapide,Moderate
DDInter379,Cilostazol,DDInter1087,Lonafarnib,Cilostazol,Lonafarnib,Major
DDInter1088,Loperamide,DDInter379,Cilostazol,Cilostazol,Loperamide,Moderate
DDInter379,Cilostazol,DDInter1094,Lorlatinib,Cilostazol,Lorlatinib,Moderate
DDInter379,Cilostazol,DDInter1110,Macimorelin,Cilostazol,Macimorelin,Major
DDInter379,Cilostazol,DDInter1115,Magnesium citrate,Cilostazol,Magnesium citrate,Moderate
DDInter379,Cilostazol,DDInter1118,Magnesium hydroxide,Cilostazol,Magnesium hydroxide,Moderate
DDInter1124,Maprotiline,DDInter379,Cilostazol,Cilostazol,Maprotiline,Moderate
DDInter1135,Meclofenamic acid,DDInter379,Cilostazol,Cilostazol,Meclofenamic acid,Moderate
DDInter1139,Mefenamic acid,DDInter379,Cilostazol,Cilostazol,Mefenamic acid,Moderate
DDInter1140,Mefloquine,DDInter379,Cilostazol,Cilostazol,Mefloquine,Moderate
DDInter1143,Meloxicam,DDInter379,Cilostazol,Cilostazol,Meloxicam,Moderate
DDInter1159,Mesoridazine,DDInter379,Cilostazol,Cilostazol,Mesoridazine,Major
DDInter1346,Orciprenaline,DDInter379,Cilostazol,Cilostazol,Orciprenaline,Moderate
DDInter1166,Methadone,DDInter379,Cilostazol,Cilostazol,Methadone,Major
DDInter379,Cilostazol,DDInter1175,Methotrimeprazine,Cilostazol,Methotrimeprazine,Moderate
DDInter1202,Metronidazole,DDInter379,Cilostazol,Cilostazol,Metronidazole,Minor
DDInter1209,Miconazole,DDInter379,Cilostazol,Cilostazol,Miconazole,Moderate
DDInter379,Cilostazol,DDInter1214,Midostaurin,Cilostazol,Midostaurin,Moderate
DDInter1215,Mifepristone,DDInter379,Cilostazol,Cilostazol,Mifepristone,Major
DDInter379,Cilostazol,DDInter1220,Milnacipran,Cilostazol,Milnacipran,Moderate
DDInter379,Cilostazol,DDInter1223,Mineral oil,Cilostazol,Mineral oil,Moderate
DDInter1230,Mirtazapine,DDInter379,Cilostazol,Cilostazol,Mirtazapine,Moderate
DDInter1236,Modafinil,DDInter379,Cilostazol,Cilostazol,Modafinil,Moderate
DDInter1247,Moxifloxacin,DDInter379,Cilostazol,Cilostazol,Moxifloxacin,Major
DDInter1254,Nabumetone,DDInter379,Cilostazol,Cilostazol,Nabumetone,Moderate
DDInter1266,Naproxen,DDInter379,Cilostazol,Cilostazol,Naproxen,Moderate
DDInter1274,Nefazodone,DDInter379,Cilostazol,Cilostazol,Nefazodone,Major
DDInter1276,Nelfinavir,DDInter379,Cilostazol,Cilostazol,Nelfinavir,Major
DDInter379,Cilostazol,DDInter1280,Nepafenac (ophthalmic),Cilostazol,Nepafenac (ophthalmic),Moderate
DDInter379,Cilostazol,DDInter1293,Nilotinib,Cilostazol,Nilotinib,Moderate
DDInter1294,Nilutamide,DDInter379,Cilostazol,Cilostazol,Nilutamide,Moderate
DDInter379,Cilostazol,DDInter1296,Nintedanib,Cilostazol,Nintedanib,Moderate
DDInter379,Cilostazol,DDInter1297,Niraparib,Cilostazol,Niraparib,Moderate
DDInter1313,Norfloxacin,DDInter379,Cilostazol,Cilostazol,Norfloxacin,Moderate
DDInter1316,Nortriptyline,DDInter379,Cilostazol,Cilostazol,Nortriptyline,Moderate
DDInter1325,Ofloxacin,DDInter379,Cilostazol,Cilostazol,Ofloxacin,Moderate
DDInter1326,Olanzapine,DDInter379,Cilostazol,Cilostazol,Olanzapine,Moderate
DDInter379,Cilostazol,DDInter1329,Oliceridine,Cilostazol,Oliceridine,Moderate
DDInter379,Cilostazol,DDInter1331,Olodaterol,Cilostazol,Olodaterol,Moderate
DDInter379,Cilostazol,DDInter1335,Omacetaxine mepesuccinate,Cilostazol,Omacetaxine mepesuccinate,Major
DDInter1342,Ondansetron,DDInter379,Cilostazol,Cilostazol,Ondansetron,Moderate
DDInter379,Cilostazol,DDInter1351,Osilodrostat,Cilostazol,Osilodrostat,Moderate
DDInter379,Cilostazol,DDInter1352,Osimertinib,Cilostazol,Osimertinib,Major
DDInter1355,Oxaliplatin,DDInter379,Cilostazol,Cilostazol,Oxaliplatin,Moderate
DDInter1358,Oxaprozin,DDInter379,Cilostazol,Cilostazol,Oxaprozin,Moderate
DDInter1360,Oxcarbazepine,DDInter379,Cilostazol,Cilostazol,Oxcarbazepine,Moderate
DDInter1375,Oxytocin,DDInter379,Cilostazol,Cilostazol,Oxytocin,Moderate
DDInter379,Cilostazol,DDInter1376,Ozanimod,Cilostazol,Ozanimod,Major
DDInter379,Cilostazol,DDInter1379,Palbociclib,Cilostazol,Palbociclib,Moderate
DDInter379,Cilostazol,DDInter1381,Paliperidone,Cilostazol,Paliperidone,Moderate
DDInter1382,Palonosetron,DDInter379,Cilostazol,Cilostazol,Palonosetron,Moderate
DDInter379,Cilostazol,DDInter1387,Panobinostat,Cilostazol,Panobinostat,Major
DDInter1389,Papaverine,DDInter379,Cilostazol,Cilostazol,Papaverine,Major
DDInter1397,Paroxetine,DDInter379,Cilostazol,Cilostazol,Paroxetine,Moderate
DDInter379,Cilostazol,DDInter1398,Pasireotide,Cilostazol,Pasireotide,Major
DDInter379,Cilostazol,DDInter1400,Pazopanib,Cilostazol,Pazopanib,Major
DDInter1404,Pegaspargase,DDInter379,Cilostazol,Cilostazol,Pegaspargase,Moderate
DDInter1420,Pentamidine,DDInter379,Cilostazol,Cilostazol,Pentamidine,Moderate
DDInter1424,Pentosan polysulfate,DDInter379,Cilostazol,Cilostazol,Pentosan polysulfate,Moderate
DDInter1426,Pentoxifylline,DDInter379,Cilostazol,Cilostazol,Pentoxifylline,Moderate
DDInter1429,Perflutren,DDInter379,Cilostazol,Cilostazol,Perflutren,Moderate
DDInter1432,Perphenazine,DDInter379,Cilostazol,Cilostazol,Perphenazine,Moderate
DDInter379,Cilostazol,DDInter1443,Phenolphthalein,Cilostazol,Phenolphthalein,Moderate
DDInter1451,Phenylbutazone,DDInter379,Cilostazol,Cilostazol,Phenylbutazone,Moderate
DDInter379,Cilostazol,DDInter1467,Pimavanserin,Cilostazol,Pimavanserin,Moderate
DDInter1470,Pimozide,DDInter379,Cilostazol,Cilostazol,Pimozide,Major
DDInter379,Cilostazol,DDInter1476,Pirbuterol,Cilostazol,Pirbuterol,Moderate
DDInter1478,Piroxicam,DDInter379,Cilostazol,Cilostazol,Piroxicam,Moderate
DDInter379,Cilostazol,DDInter1480,Pitolisant,Cilostazol,Pitolisant,Moderate
DDInter379,Cilostazol,DDInter1488,Polyethylene glycol (3350),Cilostazol,Polyethylene glycol (3350),Moderate
DDInter379,Cilostazol,DDInter1487,Polyethylene glycol (3350 with electrolytes),Cilostazol,Polyethylene glycol (3350 with electrolytes),Moderate
DDInter379,Cilostazol,DDInter1492,Ponatinib,Cilostazol,Ponatinib,Major
DDInter379,Cilostazol,DDInter1494,Posaconazole,Cilostazol,Posaconazole,Major
DDInter379,Cilostazol,DDInter1508,Prasugrel,Cilostazol,Prasugrel,Moderate
DDInter1520,Primaquine,DDInter379,Cilostazol,Cilostazol,Primaquine,Moderate
DDInter379,Cilostazol,DDInter1523,Probucol,Cilostazol,Probucol,Moderate
DDInter1524,Procainamide,DDInter379,Cilostazol,Cilostazol,Procainamide,Major
DDInter1527,Prochlorperazine,DDInter379,Cilostazol,Cilostazol,Prochlorperazine,Moderate
DDInter1532,Promazine,DDInter379,Cilostazol,Cilostazol,Promazine,Moderate
DDInter1533,Promethazine,DDInter379,Cilostazol,Cilostazol,Promethazine,Moderate
DDInter379,Cilostazol,DDInter1534,Propafenone,Cilostazol,Propafenone,Moderate
DDInter1538,Propofol,DDInter379,Cilostazol,Cilostazol,Propofol,Moderate
DDInter528,Dextropropoxyphene,DDInter379,Cilostazol,Cilostazol,Dextropropoxyphene,Moderate
DDInter1543,Protriptyline,DDInter379,Cilostazol,Cilostazol,Protriptyline,Moderate
DDInter379,Cilostazol,DDInter1553,Quetiapine,Cilostazol,Quetiapine,Moderate
DDInter1556,Quinidine,DDInter379,Cilostazol,Cilostazol,Quinidine,Major
DDInter1557,Quinine,DDInter379,Cilostazol,Cilostazol,Quinine,Moderate
DDInter379,Cilostazol,DDInter1566,Ramucirumab,Cilostazol,Ramucirumab,Major
DDInter1570,Ranolazine,DDInter379,Cilostazol,Cilostazol,Ranolazine,Moderate
DDInter379,Cilostazol,DDInter1576,Regorafenib,Cilostazol,Regorafenib,Major
DDInter379,Cilostazol,DDInter1577,Relugolix,Cilostazol,Relugolix,Moderate
DDInter1585,Reteplase,DDInter379,Cilostazol,Cilostazol,Reteplase,Moderate
DDInter379,Cilostazol,DDInter1588,Ribociclib,Cilostazol,Ribociclib,Major
DDInter1590,Rifampicin,DDInter379,Cilostazol,Cilostazol,Rifampicin,Moderate
DDInter379,Cilostazol,DDInter1592,Rifapentine,Cilostazol,Rifapentine,Moderate
DDInter379,Cilostazol,DDInter1595,Rilpivirine,Cilostazol,Rilpivirine,Moderate
DDInter1605,Risperidone,DDInter379,Cilostazol,Cilostazol,Risperidone,Moderate
DDInter1606,Ritodrine,DDInter379,Cilostazol,Cilostazol,Ritodrine,Moderate
DDInter1607,Ritonavir,DDInter379,Cilostazol,Cilostazol,Ritonavir,Major
DDInter379,Cilostazol,DDInter1609,Rivaroxaban,Cilostazol,Rivaroxaban,Major
DDInter1610,Rivastigmine,DDInter379,Cilostazol,Cilostazol,Rivastigmine,Moderate
DDInter1613,Rofecoxib,DDInter379,Cilostazol,Cilostazol,Rofecoxib,Moderate
DDInter379,Cilostazol,DDInter1616,Romidepsin,Cilostazol,Romidepsin,Moderate
DDInter379,Cilostazol,DDInter1626,Rucaparib,Cilostazol,Rucaparib,Moderate
DDInter1635,Salmeterol,DDInter379,Cilostazol,Cilostazol,Salmeterol,Moderate
DDInter379,Cilostazol,DDInter1640,Saquinavir,Cilostazol,Saquinavir,Major
DDInter379,Cilostazol,DDInter1658,Selpercatinib,Cilostazol,Selpercatinib,Moderate
DDInter379,Cilostazol,DDInter1659,Selumetinib,Cilostazol,Selumetinib,Moderate
DDInter1662,Sertraline,DDInter379,Cilostazol,Cilostazol,Sertraline,Moderate
DDInter379,Cilostazol,DDInter1664,Sevoflurane,Cilostazol,Sevoflurane,Moderate
DDInter1665,Sibutramine,DDInter379,Cilostazol,Cilostazol,Sibutramine,Moderate
DDInter379,Cilostazol,DDInter1676,Siponimod,Cilostazol,Siponimod,Major
DDInter1678,Sirolimus,DDInter379,Cilostazol,Cilostazol,Sirolimus,Moderate
DDInter379,Cilostazol,DDInter1696,Solifenacin,Cilostazol,Solifenacin,Moderate
DDInter1702,Sorafenib,DDInter379,Cilostazol,Cilostazol,Sorafenib,Moderate
DDInter1704,Sotalol,DDInter379,Cilostazol,Cilostazol,Sotalol,Major
DDInter379,Cilostazol,DDInter1705,Sparfloxacin,Cilostazol,Sparfloxacin,Major
DDInter379,Cilostazol,DDInter1708,St. John's Wort,Cilostazol,St. John's Wort,Moderate
DDInter379,Cilostazol,DDInter1711,Stiripentol,Cilostazol,Stiripentol,Major
DDInter1712,Streptokinase,DDInter379,Cilostazol,Cilostazol,Streptokinase,Moderate
DDInter1724,Sulfamethoxazole,DDInter379,Cilostazol,Cilostazol,Sulfamethoxazole,Minor
DDInter1729,Sulindac,DDInter379,Cilostazol,Cilostazol,Sulindac,Moderate
DDInter379,Cilostazol,DDInter1731,Sunitinib,Cilostazol,Sunitinib,Moderate
DDInter1732,Suprofen (ophthalmic),DDInter379,Cilostazol,Cilostazol,Suprofen (ophthalmic),Moderate
DDInter379,Cilostazol,DDInter1733,Suvorexant,Cilostazol,Suvorexant,Moderate
DDInter1734,Tacrine,DDInter379,Cilostazol,Cilostazol,Tacrine,Moderate
DDInter1735,Tacrolimus,DDInter379,Cilostazol,Cilostazol,Tacrolimus,Moderate
DDInter1744,Tamoxifen,DDInter379,Cilostazol,Cilostazol,Tamoxifen,Moderate
DDInter379,Cilostazol,DDInter1755,Telaprevir,Cilostazol,Telaprevir,Major
DDInter379,Cilostazol,DDInter1756,Telavancin,Cilostazol,Telavancin,Moderate
DDInter1758,Telithromycin,DDInter379,Cilostazol,Cilostazol,Telithromycin,Major
DDInter379,Cilostazol,DDInter1763,Temsirolimus,Cilostazol,Temsirolimus,Moderate
DDInter1764,Tenecteplase,DDInter379,Cilostazol,Cilostazol,Tenecteplase,Moderate
DDInter1769,Terbutaline,DDInter379,Cilostazol,Cilostazol,Terbutaline,Moderate
DDInter1770,Terfenadine,DDInter379,Cilostazol,Cilostazol,Terfenadine,Moderate
DDInter379,Cilostazol,DDInter1778,Tetrabenazine,Cilostazol,Tetrabenazine,Moderate
DDInter1789,Thalidomide,DDInter379,Cilostazol,Cilostazol,Thalidomide,Moderate
DDInter1796,Thioridazine,DDInter379,Cilostazol,Cilostazol,Thioridazine,Major
DDInter379,Cilostazol,DDInter1802,Ticagrelor,Cilostazol,Ticagrelor,Moderate
DDInter1804,Ticlopidine,DDInter379,Cilostazol,Cilostazol,Ticlopidine,Major
DDInter379,Cilostazol,DDInter1812,Tinzaparin,Cilostazol,Tinzaparin,Major
DDInter1817,Tipranavir,DDInter379,Cilostazol,Cilostazol,Tipranavir,Major
DDInter1818,Tirofiban,DDInter379,Cilostazol,Cilostazol,Tirofiban,Moderate
DDInter1821,Tizanidine,DDInter379,Cilostazol,Cilostazol,Tizanidine,Moderate
DDInter1831,Tolmetin,DDInter379,Cilostazol,Cilostazol,Tolmetin,Moderate
DDInter1837,Toremifene,DDInter379,Cilostazol,Cilostazol,Toremifene,Major
DDInter1838,Tositumomab,DDInter379,Cilostazol,Cilostazol,Tositumomab,Major
DDInter1841,Tramadol,DDInter379,Cilostazol,Cilostazol,Tramadol,Moderate
DDInter1851,Trazodone,DDInter379,Cilostazol,Cilostazol,Trazodone,Moderate
DDInter1852,Treprostinil,DDInter379,Cilostazol,Cilostazol,Treprostinil,Moderate
DDInter379,Cilostazol,DDInter1863,Triclabendazole,Cilostazol,Triclabendazole,Moderate
DDInter1866,Trifluoperazine,DDInter379,Cilostazol,Cilostazol,Trifluoperazine,Moderate
DDInter1867,Triflupromazine,DDInter379,Cilostazol,Cilostazol,Triflupromazine,Moderate
DDInter379,Cilostazol,DDInter45,Alimemazine,Alimemazine,Cilostazol,Moderate
DDInter1876,Trimipramine,DDInter379,Cilostazol,Cilostazol,Trimipramine,Moderate
DDInter379,Cilostazol,DDInter1880,Triptorelin,Cilostazol,Triptorelin,Moderate
DDInter379,Cilostazol,DDInter1882,Troleandomycin,Cilostazol,Troleandomycin,Major
DDInter379,Cilostazol,DDInter1891,Tucatinib,Cilostazol,Tucatinib,Major
DDInter1905,Urokinase,DDInter379,Cilostazol,Cilostazol,Urokinase,Moderate
DDInter379,Cilostazol,DDInter1909,Valbenazine,Cilostazol,Valbenazine,Moderate
DDInter1910,Valdecoxib,DDInter379,Cilostazol,Cilostazol,Valdecoxib,Moderate
DDInter379,Cilostazol,DDInter1917,Vandetanib,Cilostazol,Vandetanib,Major
DDInter1918,Vardenafil,DDInter379,Cilostazol,Cilostazol,Vardenafil,Moderate
DDInter1921,Vasopressin,DDInter379,Cilostazol,Cilostazol,Vasopressin,Moderate
DDInter379,Cilostazol,DDInter1925,Vemurafenib,Cilostazol,Vemurafenib,Major
DDInter1927,Venlafaxine,DDInter379,Cilostazol,Cilostazol,Venlafaxine,Moderate
DDInter1928,Verapamil,DDInter379,Cilostazol,Cilostazol,Verapamil,Major
DDInter379,Cilostazol,DDInter1935,Vilazodone,Cilostazol,Vilazodone,Moderate
DDInter1943,Vitamin E,DDInter379,Cilostazol,Cilostazol,Vitamin E,Moderate
DDInter379,Cilostazol,DDInter1945,Vorapaxar,Cilostazol,Vorapaxar,Moderate
DDInter1946,Voriconazole,DDInter379,Cilostazol,Cilostazol,Voriconazole,Major
DDInter379,Cilostazol,DDInter1948,Vortioxetine,Cilostazol,Vortioxetine,Moderate
DDInter379,Cilostazol,DDInter1949,Voxelotor,Cilostazol,Voxelotor,Moderate
DDInter1951,Warfarin,DDInter379,Cilostazol,Cilostazol,Warfarin,Minor
DDInter1955,Zafirlukast,DDInter379,Cilostazol,Cilostazol,Zafirlukast,Moderate
DDInter379,Cilostazol,DDInter1959,Zanubrutinib,Cilostazol,Zanubrutinib,Major
DDInter1967,Ziprasidone,DDInter379,Cilostazol,Cilostazol,Ziprasidone,Major
DDInter380,Cimetidine,DDInter975,Iron,Cimetidine,Iron,Minor
DDInter380,Cimetidine,DDInter413,Clopidogrel,Cimetidine,Clopidogrel,Moderate
DDInter542,Dicoumarol,DDInter380,Cimetidine,Cimetidine,Dicoumarol,Moderate
DDInter380,Cimetidine,DDInter725,Ferrous fumarate,Cimetidine,Ferrous fumarate,Minor
DDInter380,Cimetidine,DDInter726,Ferrous gluconate,Cimetidine,Ferrous gluconate,Minor
DDInter380,Cimetidine,DDInter1136,Mecobalamin,Cimetidine,Mecobalamin,Minor
DDInter380,Cimetidine,DDInter1508,Prasugrel,Cimetidine,Prasugrel,Minor
DDInter380,Cimetidine,DDInter1609,Rivaroxaban,Cimetidine,Rivaroxaban,Moderate
DDInter380,Cimetidine,DDInter1683,Sodium bicarbonate,Cimetidine,Sodium bicarbonate,Minor
DDInter1804,Ticlopidine,DDInter380,Cimetidine,Cimetidine,Ticlopidine,Moderate
DDInter380,Cimetidine,DDInter1951,Warfarin,Cimetidine,Warfarin,Moderate
DDInter384,Ciprofloxacin,DDInter975,Iron,Ciprofloxacin,Iron,Moderate
DDInter542,Dicoumarol,DDInter384,Ciprofloxacin,Ciprofloxacin,Dicoumarol,Major
DDInter384,Ciprofloxacin,DDInter725,Ferrous fumarate,Ciprofloxacin,Ferrous fumarate,Moderate
DDInter384,Ciprofloxacin,DDInter726,Ferrous gluconate,Ciprofloxacin,Ferrous gluconate,Moderate
DDInter384,Ciprofloxacin,DDInter1114,Magnesium chloride,Ciprofloxacin,Magnesium chloride,Moderate
DDInter384,Ciprofloxacin,DDInter1115,Magnesium citrate,Ciprofloxacin,Magnesium citrate,Moderate
DDInter384,Ciprofloxacin,DDInter1120,Magnesium sulfate,Ciprofloxacin,Magnesium sulfate,Moderate
DDInter384,Ciprofloxacin,DDInter1683,Sodium bicarbonate,Ciprofloxacin,Sodium bicarbonate,Moderate
DDInter384,Ciprofloxacin,DDInter1951,Warfarin,Ciprofloxacin,Warfarin,Major
DDInter384,Ciprofloxacin,DDInter1964,Zinc chloride,Ciprofloxacin,Zinc chloride,Moderate
DDInter386,Cisatracurium,DDInter1114,Magnesium chloride,Cisatracurium,Magnesium chloride,Moderate
DDInter386,Cisatracurium,DDInter1120,Magnesium sulfate,Cisatracurium,Magnesium sulfate,Moderate
DDInter386,Cisatracurium,DDInter1123,Mannitol,Cisatracurium,Mannitol,Moderate
DDInter386,Cisatracurium,DDInter1277,Neomycin,Cisatracurium,Neomycin,Major
DDInter387,Cisplatin,DDInter1277,Neomycin,Cisplatin,Neomycin,Moderate
DDInter99,Anistreplase,DDInter388,Citalopram,Anistreplase,Citalopram,Moderate
DDInter388,Citalopram,DDInter117,Argatroban,Argatroban,Citalopram,Moderate
DDInter388,Citalopram,DDInter413,Clopidogrel,Citalopram,Clopidogrel,Moderate
DDInter388,Citalopram,DDInter470,Dalteparin,Citalopram,Dalteparin,Moderate
DDInter388,Citalopram,DDInter471,Danaparoid,Citalopram,Danaparoid,Moderate
DDInter388,Citalopram,DDInter491,Defibrotide,Citalopram,Defibrotide,Moderate
DDInter388,Citalopram,DDInter505,Desirudin,Citalopram,Desirudin,Moderate
DDInter388,Citalopram,DDInter542,Dicoumarol,Citalopram,Dicoumarol,Moderate
DDInter388,Citalopram,DDInter573,Dipyridamole,Citalopram,Dipyridamole,Moderate
DDInter605,Drotrecogin alfa,DDInter388,Citalopram,Citalopram,Drotrecogin alfa,Moderate
DDInter388,Citalopram,DDInter621,Edoxaban,Citalopram,Edoxaban,Moderate
DDInter388,Citalopram,DDInter645,Enoxaparin,Citalopram,Enoxaparin,Moderate
DDInter388,Citalopram,DDInter657,Epoprostenol,Citalopram,Epoprostenol,Moderate
DDInter659,Eptifibatide,DDInter388,Citalopram,Citalopram,Eptifibatide,Moderate
DDInter388,Citalopram,DDInter856,Heparin,Citalopram,Heparin,Moderate
DDInter388,Citalopram,DDInter908,Iloprost,Citalopram,Iloprost,Moderate
DDInter1037,Lepirudin,DDInter388,Citalopram,Citalopram,Lepirudin,Moderate
DDInter388,Citalopram,DDInter1115,Magnesium citrate,Citalopram,Magnesium citrate,Moderate
DDInter388,Citalopram,DDInter1123,Mannitol,Citalopram,Mannitol,Moderate
DDInter388,Citalopram,DDInter1508,Prasugrel,Citalopram,Prasugrel,Moderate
DDInter1585,Reteplase,DDInter388,Citalopram,Citalopram,Reteplase,Moderate
DDInter388,Citalopram,DDInter1609,Rivaroxaban,Citalopram,Rivaroxaban,Moderate
DDInter1712,Streptokinase,DDInter388,Citalopram,Citalopram,Streptokinase,Moderate
DDInter1764,Tenecteplase,DDInter388,Citalopram,Citalopram,Tenecteplase,Moderate
DDInter388,Citalopram,DDInter1802,Ticagrelor,Citalopram,Ticagrelor,Moderate
DDInter1804,Ticlopidine,DDInter388,Citalopram,Citalopram,Ticlopidine,Major
DDInter388,Citalopram,DDInter1812,Tinzaparin,Citalopram,Tinzaparin,Moderate
DDInter388,Citalopram,DDInter1818,Tirofiban,Citalopram,Tirofiban,Moderate
DDInter388,Citalopram,DDInter1852,Treprostinil,Citalopram,Treprostinil,Moderate
DDInter388,Citalopram,DDInter1903,Urea,Citalopram,Urea,Moderate
DDInter1905,Urokinase,DDInter388,Citalopram,Citalopram,Urokinase,Moderate
DDInter388,Citalopram,DDInter1945,Vorapaxar,Citalopram,Vorapaxar,Moderate
DDInter388,Citalopram,DDInter1951,Warfarin,Citalopram,Warfarin,Moderate
DDInter392,Cladribine,DDInter631,Eltrombopag,Cladribine,Eltrombopag,Moderate
DDInter413,Clopidogrel,DDInter393,Clarithromycin,Clarithromycin,Clopidogrel,Moderate
DDInter542,Dicoumarol,DDInter393,Clarithromycin,Clarithromycin,Dicoumarol,Major
DDInter393,Clarithromycin,DDInter621,Edoxaban,Clarithromycin,Edoxaban,Major
DDInter393,Clarithromycin,DDInter1106,Lusutrombopag,Clarithromycin,Lusutrombopag,Moderate
DDInter393,Clarithromycin,DDInter1115,Magnesium citrate,Clarithromycin,Magnesium citrate,Moderate
DDInter393,Clarithromycin,DDInter1609,Rivaroxaban,Clarithromycin,Rivaroxaban,Moderate
DDInter393,Clarithromycin,DDInter1802,Ticagrelor,Clarithromycin,Ticagrelor,Major
DDInter393,Clarithromycin,DDInter1945,Vorapaxar,Clarithromycin,Vorapaxar,Major
DDInter1951,Warfarin,DDInter393,Clarithromycin,Clarithromycin,Warfarin,Major
DDInter395,Clemastine,DDInter881,Hyaluronidase,Clemastine,Hyaluronidase,Minor
DDInter395,Clemastine,DDInter1497,Potassium chloride,Clemastine,Potassium chloride,Major
DDInter20,Acetylsalicylic acid,DDInter1464,Picosulfuric acid,Acetylsalicylic acid,Picosulfuric acid,Moderate
DDInter1119,Magnesium oxide,DDInter975,Iron,Iron,Magnesium oxide,Moderate
DDInter379,Cilostazol,DDInter1464,Picosulfuric acid,Cilostazol,Picosulfuric acid,Moderate
DDInter542,Dicoumarol,DDInter1119,Magnesium oxide,Dicoumarol,Magnesium oxide,Minor
DDInter1119,Magnesium oxide,DDInter631,Eltrombopag,Eltrombopag,Magnesium oxide,Moderate
DDInter1119,Magnesium oxide,DDInter725,Ferrous fumarate,Ferrous fumarate,Magnesium oxide,Moderate
DDInter1119,Magnesium oxide,DDInter726,Ferrous gluconate,Ferrous gluconate,Magnesium oxide,Moderate
DDInter1119,Magnesium oxide,DDInter1114,Magnesium chloride,Magnesium chloride,Magnesium oxide,Moderate
DDInter1120,Magnesium sulfate,DDInter1119,Magnesium oxide,Magnesium oxide,Magnesium sulfate,Moderate
DDInter1123,Mannitol,DDInter1464,Picosulfuric acid,Mannitol,Picosulfuric acid,Moderate
DDInter1277,Neomycin,DDInter1464,Picosulfuric acid,Neomycin,Picosulfuric acid,Moderate
DDInter1723,Sulfamethizole,DDInter1464,Picosulfuric acid,Picosulfuric acid,Sulfamethizole,Moderate
DDInter1804,Ticlopidine,DDInter1119,Magnesium oxide,Magnesium oxide,Ticlopidine,Minor
DDInter1903,Urea,DDInter1464,Picosulfuric acid,Picosulfuric acid,Urea,Moderate
DDInter1123,Mannitol,DDInter1487,Polyethylene glycol (3350 with electrolytes),Mannitol,Polyethylene glycol (3350 with electrolytes),Moderate
DDInter1903,Urea,DDInter1487,Polyethylene glycol (3350 with electrolytes),Polyethylene glycol (3350 with electrolytes),Urea,Moderate
DDInter657,Epoprostenol,DDInter396,Clevidipine,Clevidipine,Epoprostenol,Moderate
DDInter908,Iloprost,DDInter396,Clevidipine,Clevidipine,Iloprost,Moderate
DDInter1120,Magnesium sulfate,DDInter396,Clevidipine,Clevidipine,Magnesium sulfate,Moderate
DDInter396,Clevidipine,DDInter1656,Selexipag,Clevidipine,Selexipag,Moderate
DDInter396,Clevidipine,DDInter1802,Ticagrelor,Clevidipine,Ticagrelor,Minor
DDInter1852,Treprostinil,DDInter396,Clevidipine,Clevidipine,Treprostinil,Moderate
DDInter401,Clobazam,DDInter1683,Sodium bicarbonate,Clobazam,Sodium bicarbonate,Minor
DDInter1804,Ticlopidine,DDInter401,Clobazam,Clobazam,Ticlopidine,Moderate
DDInter405,Clofarabine,DDInter631,Eltrombopag,Clofarabine,Eltrombopag,Moderate
DDInter405,Clofarabine,DDInter1277,Neomycin,Clofarabine,Neomycin,Moderate
DDInter1723,Sulfamethizole,DDInter405,Clofarabine,Clofarabine,Sulfamethizole,Moderate
DDInter406,Clofazimine,DDInter1115,Magnesium citrate,Clofazimine,Magnesium citrate,Moderate
DDInter410,Clomipramine,DDInter80,Ammonium chloride,Ammonium chloride,Clomipramine,Minor
DDInter99,Anistreplase,DDInter410,Clomipramine,Anistreplase,Clomipramine,Moderate
DDInter117,Argatroban,DDInter410,Clomipramine,Argatroban,Clomipramine,Moderate
DDInter413,Clopidogrel,DDInter410,Clomipramine,Clomipramine,Clopidogrel,Moderate
DDInter410,Clomipramine,DDInter491,Defibrotide,Clomipramine,Defibrotide,Moderate
DDInter410,Clomipramine,DDInter505,Desirudin,Clomipramine,Desirudin,Moderate
DDInter542,Dicoumarol,DDInter410,Clomipramine,Clomipramine,Dicoumarol,Moderate
DDInter573,Dipyridamole,DDInter410,Clomipramine,Clomipramine,Dipyridamole,Moderate
DDInter605,Drotrecogin alfa,DDInter410,Clomipramine,Clomipramine,Drotrecogin alfa,Moderate
DDInter410,Clomipramine,DDInter621,Edoxaban,Clomipramine,Edoxaban,Moderate
DDInter657,Epoprostenol,DDInter410,Clomipramine,Clomipramine,Epoprostenol,Moderate
DDInter659,Eptifibatide,DDInter410,Clomipramine,Clomipramine,Eptifibatide,Moderate
DDInter908,Iloprost,DDInter410,Clomipramine,Clomipramine,Iloprost,Moderate
DDInter1037,Lepirudin,DDInter410,Clomipramine,Clomipramine,Lepirudin,Moderate
DDInter1497,Potassium chloride,DDInter410,Clomipramine,Clomipramine,Potassium chloride,Major
DDInter410,Clomipramine,DDInter1508,Prasugrel,Clomipramine,Prasugrel,Moderate
DDInter1585,Reteplase,DDInter410,Clomipramine,Clomipramine,Reteplase,Moderate
DDInter410,Clomipramine,DDInter1609,Rivaroxaban,Clomipramine,Rivaroxaban,Moderate
DDInter1712,Streptokinase,DDInter410,Clomipramine,Clomipramine,Streptokinase,Moderate
DDInter1764,Tenecteplase,DDInter410,Clomipramine,Clomipramine,Tenecteplase,Moderate
DDInter410,Clomipramine,DDInter1802,Ticagrelor,Clomipramine,Ticagrelor,Moderate
DDInter1804,Ticlopidine,DDInter410,Clomipramine,Clomipramine,Ticlopidine,Moderate
DDInter1818,Tirofiban,DDInter410,Clomipramine,Clomipramine,Tirofiban,Moderate
DDInter1852,Treprostinil,DDInter410,Clomipramine,Clomipramine,Treprostinil,Moderate
DDInter1905,Urokinase,DDInter410,Clomipramine,Clomipramine,Urokinase,Moderate
DDInter410,Clomipramine,DDInter1945,Vorapaxar,Clomipramine,Vorapaxar,Moderate
DDInter1951,Warfarin,DDInter410,Clomipramine,Clomipramine,Warfarin,Moderate
DDInter411,Clonazepam,DDInter1683,Sodium bicarbonate,Clonazepam,Sodium bicarbonate,Minor
DDInter412,Clonidine,DDInter657,Epoprostenol,Clonidine,Epoprostenol,Moderate
DDInter412,Clonidine,DDInter908,Iloprost,Clonidine,Iloprost,Moderate
DDInter412,Clonidine,DDInter1656,Selexipag,Clonidine,Selexipag,Moderate
DDInter1852,Treprostinil,DDInter412,Clonidine,Clonidine,Treprostinil,Moderate
DDInter413,Clopidogrel,DDInter98,Anisindione,Anisindione,Clopidogrel,Major
DDInter99,Anistreplase,DDInter413,Clopidogrel,Anistreplase,Clopidogrel,Moderate
DDInter115,Ardeparin,DDInter413,Clopidogrel,Ardeparin,Clopidogrel,Major
DDInter117,Argatroban,DDInter413,Clopidogrel,Argatroban,Clopidogrel,Major
DDInter413,Clopidogrel,DDInter215,Bismuth subsalicylate,Bismuth subsalicylate,Clopidogrel,Moderate
DDInter413,Clopidogrel,DDInter241,Bromfenac,Bromfenac,Clopidogrel,Moderate
DDInter413,Clopidogrel,DDInter291,Capsicum,Capsicum,Clopidogrel,Minor
DDInter413,Clopidogrel,DDInter347,Chamomile,Chamomile,Clopidogrel,Minor
DDInter413,Clopidogrel,DDInter417,Clove,Clopidogrel,Clove,Minor
DDInter435,Collagenase clostridium histolyticum,DDInter413,Clopidogrel,Clopidogrel,Collagenase clostridium histolyticum,Moderate
DDInter413,Clopidogrel,DDInter470,Dalteparin,Clopidogrel,Dalteparin,Major
DDInter413,Clopidogrel,DDInter471,Danaparoid,Clopidogrel,Danaparoid,Major
DDInter413,Clopidogrel,DDInter484,Dasatinib,Clopidogrel,Dasatinib,Major
DDInter413,Clopidogrel,DDInter488,Deferasirox,Clopidogrel,Deferasirox,Major
DDInter413,Clopidogrel,DDInter491,Defibrotide,Clopidogrel,Defibrotide,Major
DDInter496,Delavirdine,DDInter413,Clopidogrel,Clopidogrel,Delavirdine,Moderate
DDInter413,Clopidogrel,DDInter501,Deoxycholic acid,Clopidogrel,Deoxycholic acid,Moderate
DDInter413,Clopidogrel,DDInter505,Desirudin,Clopidogrel,Desirudin,Major
DDInter413,Clopidogrel,DDInter511,Desvenlafaxine,Clopidogrel,Desvenlafaxine,Moderate
DDInter413,Clopidogrel,DDInter518,Dexfenfluramine,Clopidogrel,Dexfenfluramine,Moderate
DDInter413,Clopidogrel,DDInter519,Dexlansoprazole,Clopidogrel,Dexlansoprazole,Minor
DDInter413,Clopidogrel,DDInter531,Dezocine,Clopidogrel,Dezocine,Moderate
DDInter538,Diclofenac (ophthalmic),DDInter413,Clopidogrel,Clopidogrel,Diclofenac (ophthalmic),Moderate
DDInter542,Dicoumarol,DDInter413,Clopidogrel,Clopidogrel,Dicoumarol,Major
DDInter413,Clopidogrel,DDInter551,Diflunisal,Clopidogrel,Diflunisal,Moderate
DDInter605,Drotrecogin alfa,DDInter413,Clopidogrel,Clopidogrel,Drotrecogin alfa,Major
DDInter608,Duloxetine,DDInter413,Clopidogrel,Clopidogrel,Duloxetine,Moderate
DDInter413,Clopidogrel,DDInter614,Echinacea,Clopidogrel,Echinacea,Moderate
DDInter413,Clopidogrel,DDInter621,Edoxaban,Clopidogrel,Edoxaban,Major
DDInter624,Efavirenz,DDInter413,Clopidogrel,Clopidogrel,Efavirenz,Moderate
DDInter413,Clopidogrel,DDInter632,Eluxadoline,Clopidogrel,Eluxadoline,Moderate
DDInter413,Clopidogrel,DDInter645,Enoxaparin,Clopidogrel,Enoxaparin,Major
DDInter413,Clopidogrel,DDInter649,Enzalutamide,Clopidogrel,Enzalutamide,Moderate
DDInter413,Clopidogrel,DDInter657,Epoprostenol,Clopidogrel,Epoprostenol,Moderate
DDInter659,Eptifibatide,DDInter413,Clopidogrel,Clopidogrel,Eptifibatide,Major
DDInter670,Erythromycin,DDInter413,Clopidogrel,Clopidogrel,Erythromycin,Moderate
DDInter413,Clopidogrel,DDInter672,Escitalopram,Clopidogrel,Escitalopram,Moderate
DDInter413,Clopidogrel,DDInter674,Eslicarbazepine,Clopidogrel,Eslicarbazepine,Moderate
DDInter676,Esomeprazole,DDInter413,Clopidogrel,Clopidogrel,Esomeprazole,Major
DDInter699,Etodolac,DDInter413,Clopidogrel,Clopidogrel,Etodolac,Moderate
DDInter413,Clopidogrel,DDInter703,Etravirine,Clopidogrel,Etravirine,Moderate
DDInter413,Clopidogrel,DDInter714,Fedratinib,Clopidogrel,Fedratinib,Moderate
DDInter413,Clopidogrel,DDInter715,Felbamate,Clopidogrel,Felbamate,Moderate
DDInter717,Fenfluramine,DDInter413,Clopidogrel,Clopidogrel,Fenfluramine,Moderate
DDInter721,Fenoprofen,DDInter413,Clopidogrel,Clopidogrel,Fenoprofen,Moderate
DDInter743,Fluconazole,DDInter413,Clopidogrel,Clopidogrel,Fluconazole,Major
DDInter758,Fluoxetine,DDInter413,Clopidogrel,Clopidogrel,Fluoxetine,Major
DDInter763,Flurbiprofen,DDInter413,Clopidogrel,Clopidogrel,Flurbiprofen,Moderate
DDInter764,Flurbiprofen (ophthalmic),DDInter413,Clopidogrel,Clopidogrel,Flurbiprofen (ophthalmic),Moderate
DDInter413,Clopidogrel,DDInter769,Fluvastatin,Clopidogrel,Fluvastatin,Minor
DDInter413,Clopidogrel,DDInter808,Garlic,Clopidogrel,Garlic,Moderate
DDInter413,Clopidogrel,DDInter819,Ginkgo biloba,Clopidogrel,Ginkgo biloba,Moderate
DDInter413,Clopidogrel,DDInter820,Ginseng,Clopidogrel,Ginseng,Moderate
DDInter825,Glimepiride,DDInter413,Clopidogrel,Clopidogrel,Glimepiride,Minor
DDInter413,Clopidogrel,DDInter855,Hemin,Clopidogrel,Hemin,Moderate
DDInter413,Clopidogrel,DDInter856,Heparin,Clopidogrel,Heparin,Minor
DDInter413,Clopidogrel,DDInter884,Hydrocodone,Clopidogrel,Hydrocodone,Moderate
DDInter890,Hydromorphone,DDInter413,Clopidogrel,Clopidogrel,Hydromorphone,Moderate
DDInter413,Clopidogrel,DDInter893,Hydroxychloroquine,Clopidogrel,Hydroxychloroquine,Moderate
DDInter898,Ibritumomab tiuxetan,DDInter413,Clopidogrel,Clopidogrel,Ibritumomab tiuxetan,Major
DDInter413,Clopidogrel,DDInter899,Ibrutinib,Clopidogrel,Ibrutinib,Major
DDInter903,Icosapent,DDInter413,Clopidogrel,Clopidogrel,Icosapent,Moderate
DDInter413,Clopidogrel,DDInter908,Iloprost,Clopidogrel,Iloprost,Moderate
DDInter921,Indomethacin,DDInter413,Clopidogrel,Clopidogrel,Indomethacin,Moderate
DDInter413,Clopidogrel,DDInter926,Inotersen,Clopidogrel,Inotersen,Major
DDInter1839,Tositumomab (I-131),DDInter413,Clopidogrel,Clopidogrel,Tositumomab (I-131),Major
DDInter413,Clopidogrel,DDInter986,Isoniazid,Clopidogrel,Isoniazid,Moderate
DDInter413,Clopidogrel,DDInter1008,Ketoconazole,Clopidogrel,Ketoconazole,Moderate
DDInter413,Clopidogrel,DDInter1009,Ketoprofen,Clopidogrel,Ketoprofen,Moderate
DDInter1022,Lansoprazole,DDInter413,Clopidogrel,Clopidogrel,Lansoprazole,Moderate
DDInter413,Clopidogrel,DDInter1024,Lapatinib,Clopidogrel,Lapatinib,Moderate
DDInter1037,Lepirudin,DDInter413,Clopidogrel,Clopidogrel,Lepirudin,Major
DDInter413,Clopidogrel,DDInter1040,Letrozole,Clopidogrel,Letrozole,Moderate
DDInter413,Clopidogrel,DDInter1043,Levacetylmethadol,Clopidogrel,Levacetylmethadol,Moderate
DDInter413,Clopidogrel,DDInter1059,Levomilnacipran,Clopidogrel,Levomilnacipran,Moderate
DDInter413,Clopidogrel,DDInter1062,Levorphanol,Clopidogrel,Levorphanol,Moderate
DDInter413,Clopidogrel,DDInter1087,Lonafarnib,Clopidogrel,Lonafarnib,Moderate
DDInter413,Clopidogrel,DDInter1135,Meclofenamic acid,Clopidogrel,Meclofenamic acid,Moderate
DDInter413,Clopidogrel,DDInter1139,Mefenamic acid,Clopidogrel,Mefenamic acid,Moderate
DDInter413,Clopidogrel,DDInter1143,Meloxicam,Clopidogrel,Meloxicam,Moderate
DDInter1150,Meperidine,DDInter413,Clopidogrel,Clopidogrel,Meperidine,Moderate
DDInter1166,Methadone,DDInter413,Clopidogrel,Clopidogrel,Methadone,Moderate
DDInter413,Clopidogrel,DDInter1215,Mifepristone,Clopidogrel,Mifepristone,Major
DDInter413,Clopidogrel,DDInter1220,Milnacipran,Clopidogrel,Milnacipran,Moderate
DDInter1236,Modafinil,DDInter413,Clopidogrel,Clopidogrel,Modafinil,Moderate
DDInter1254,Nabumetone,DDInter413,Clopidogrel,Clopidogrel,Nabumetone,Moderate
DDInter413,Clopidogrel,DDInter1257,Nalbuphine,Clopidogrel,Nalbuphine,Moderate
DDInter413,Clopidogrel,DDInter1266,Naproxen,Clopidogrel,Naproxen,Moderate
DDInter413,Clopidogrel,DDInter1280,Nepafenac (ophthalmic),Clopidogrel,Nepafenac (ophthalmic),Moderate
DDInter413,Clopidogrel,DDInter1296,Nintedanib,Clopidogrel,Nintedanib,Moderate
DDInter413,Clopidogrel,DDInter1297,Niraparib,Clopidogrel,Niraparib,Moderate
DDInter413,Clopidogrel,DDInter1329,Oliceridine,Clopidogrel,Oliceridine,Moderate
DDInter413,Clopidogrel,DDInter1335,Omacetaxine mepesuccinate,Clopidogrel,Omacetaxine mepesuccinate,Major
DDInter413,Clopidogrel,DDInter1344,Opium,Clopidogrel,Opium,Moderate
DDInter413,Clopidogrel,DDInter1351,Osilodrostat,Clopidogrel,Osilodrostat,Moderate
DDInter413,Clopidogrel,DDInter1358,Oxaprozin,Clopidogrel,Oxaprozin,Moderate
DDInter413,Clopidogrel,DDInter1360,Oxcarbazepine,Clopidogrel,Oxcarbazepine,Moderate
DDInter1366,Oxycodone,DDInter413,Clopidogrel,Clopidogrel,Oxycodone,Moderate
DDInter413,Clopidogrel,DDInter1372,Oxymorphone,Clopidogrel,Oxymorphone,Moderate
DDInter413,Clopidogrel,DDInter1376,Ozanimod,Clopidogrel,Ozanimod,Major
DDInter413,Clopidogrel,DDInter1378,Paclitaxel (protein-bound),Clopidogrel,Paclitaxel (protein-bound),Moderate
DDInter413,Clopidogrel,DDInter1387,Panobinostat,Clopidogrel,Panobinostat,Major
DDInter1388,Pantoprazole,DDInter413,Clopidogrel,Clopidogrel,Pantoprazole,Moderate
DDInter1397,Paroxetine,DDInter413,Clopidogrel,Clopidogrel,Paroxetine,Moderate
DDInter1404,Pegaspargase,DDInter413,Clopidogrel,Clopidogrel,Pegaspargase,Moderate
DDInter1421,Pentazocine,DDInter413,Clopidogrel,Clopidogrel,Pentazocine,Moderate
DDInter1424,Pentosan polysulfate,DDInter413,Clopidogrel,Clopidogrel,Pentosan polysulfate,Moderate
DDInter413,Clopidogrel,DDInter1426,Pentoxifylline,Clopidogrel,Pentoxifylline,Moderate
DDInter413,Clopidogrel,DDInter1435,Pexidartinib,Clopidogrel,Pexidartinib,Moderate
DDInter1460,Phenytoin,DDInter413,Clopidogrel,Clopidogrel,Phenytoin,Minor
DDInter1478,Piroxicam,DDInter413,Clopidogrel,Clopidogrel,Piroxicam,Moderate
DDInter413,Clopidogrel,DDInter1492,Ponatinib,Clopidogrel,Ponatinib,Major
DDInter1493,Porfimer sodium,DDInter413,Clopidogrel,Clopidogrel,Porfimer sodium,Moderate
DDInter413,Clopidogrel,DDInter1508,Prasugrel,Clopidogrel,Prasugrel,Major
DDInter528,Dextropropoxyphene,DDInter413,Clopidogrel,Clopidogrel,Dextropropoxyphene,Moderate
DDInter413,Clopidogrel,DDInter1566,Ramucirumab,Clopidogrel,Ramucirumab,Major
DDInter413,Clopidogrel,DDInter1576,Regorafenib,Clopidogrel,Regorafenib,Major
DDInter413,Clopidogrel,DDInter1579,Remifentanil,Clopidogrel,Remifentanil,Moderate
DDInter413,Clopidogrel,DDInter1581,Repaglinide,Clopidogrel,Repaglinide,Major
DDInter1585,Reteplase,DDInter413,Clopidogrel,Clopidogrel,Reteplase,Moderate
DDInter413,Clopidogrel,DDInter1590,Rifampicin,Clopidogrel,Rifampicin,Moderate
DDInter1607,Ritonavir,DDInter413,Clopidogrel,Clopidogrel,Ritonavir,Major
DDInter413,Clopidogrel,DDInter1609,Rivaroxaban,Clopidogrel,Rivaroxaban,Major
DDInter1613,Rofecoxib,DDInter413,Clopidogrel,Clopidogrel,Rofecoxib,Moderate
DDInter413,Clopidogrel,DDInter1637,Salsalate,Clopidogrel,Salsalate,Moderate
DDInter413,Clopidogrel,DDInter1656,Selexipag,Clopidogrel,Selexipag,Moderate
DDInter413,Clopidogrel,DDInter1659,Selumetinib,Clopidogrel,Selumetinib,Moderate
DDInter413,Clopidogrel,DDInter1662,Sertraline,Clopidogrel,Sertraline,Moderate
DDInter413,Clopidogrel,DDInter1665,Sibutramine,Clopidogrel,Sibutramine,Moderate
DDInter413,Clopidogrel,DDInter1633,Salicylic acid (sodium),Clopidogrel,Salicylic acid (sodium),Moderate
DDInter413,Clopidogrel,DDInter1711,Stiripentol,Clopidogrel,Stiripentol,Moderate
DDInter1712,Streptokinase,DDInter413,Clopidogrel,Clopidogrel,Streptokinase,Moderate
DDInter1718,Sufentanil,DDInter413,Clopidogrel,Clopidogrel,Sufentanil,Moderate
DDInter1729,Sulindac,DDInter413,Clopidogrel,Clopidogrel,Sulindac,Moderate
DDInter413,Clopidogrel,DDInter1732,Suprofen (ophthalmic),Clopidogrel,Suprofen (ophthalmic),Moderate
DDInter1744,Tamoxifen,DDInter413,Clopidogrel,Clopidogrel,Tamoxifen,Minor
DDInter413,Clopidogrel,DDInter1746,Tapentadol,Clopidogrel,Tapentadol,Moderate
DDInter1764,Tenecteplase,DDInter413,Clopidogrel,Clopidogrel,Tenecteplase,Moderate
DDInter413,Clopidogrel,DDInter1802,Ticagrelor,Clopidogrel,Ticagrelor,Moderate
DDInter1804,Ticlopidine,DDInter413,Clopidogrel,Clopidogrel,Ticlopidine,Major
DDInter413,Clopidogrel,DDInter1812,Tinzaparin,Clopidogrel,Tinzaparin,Major
DDInter413,Clopidogrel,DDInter1817,Tipranavir,Clopidogrel,Tipranavir,Major
DDInter413,Clopidogrel,DDInter1818,Tirofiban,Clopidogrel,Tirofiban,Major
DDInter413,Clopidogrel,DDInter1828,Tolbutamide,Clopidogrel,Tolbutamide,Minor
DDInter1831,Tolmetin,DDInter413,Clopidogrel,Clopidogrel,Tolmetin,Moderate
DDInter1836,Torasemide,DDInter413,Clopidogrel,Clopidogrel,Torasemide,Minor
DDInter1838,Tositumomab,DDInter413,Clopidogrel,Clopidogrel,Tositumomab,Major
DDInter1852,Treprostinil,DDInter413,Clopidogrel,Clopidogrel,Treprostinil,Moderate
DDInter413,Clopidogrel,DDInter1882,Troleandomycin,Clopidogrel,Troleandomycin,Moderate
DDInter413,Clopidogrel,DDInter1891,Tucatinib,Clopidogrel,Tucatinib,Major
DDInter413,Clopidogrel,DDInter1892,Turmeric,Clopidogrel,Turmeric,Minor
DDInter1905,Urokinase,DDInter413,Clopidogrel,Clopidogrel,Urokinase,Moderate
DDInter1910,Valdecoxib,DDInter413,Clopidogrel,Clopidogrel,Valdecoxib,Moderate
DDInter1927,Venlafaxine,DDInter413,Clopidogrel,Clopidogrel,Venlafaxine,Moderate
DDInter1929,Verteporfin,DDInter413,Clopidogrel,Clopidogrel,Verteporfin,Moderate
DDInter413,Clopidogrel,DDInter1935,Vilazodone,Clopidogrel,Vilazodone,Moderate
DDInter1943,Vitamin E,DDInter413,Clopidogrel,Clopidogrel,Vitamin E,Moderate
DDInter1946,Voriconazole,DDInter413,Clopidogrel,Clopidogrel,Voriconazole,Moderate
DDInter413,Clopidogrel,DDInter1948,Vortioxetine,Clopidogrel,Vortioxetine,Moderate
DDInter1951,Warfarin,DDInter413,Clopidogrel,Clopidogrel,Warfarin,Major
DDInter1955,Zafirlukast,DDInter413,Clopidogrel,Clopidogrel,Zafirlukast,Minor
DDInter413,Clopidogrel,DDInter1959,Zanubrutinib,Clopidogrel,Zanubrutinib,Major
DDInter414,Clorazepic acid,DDInter1683,Sodium bicarbonate,Clorazepic acid,Sodium bicarbonate,Minor
DDInter542,Dicoumarol,DDInter419,Clozapine,Clozapine,Dicoumarol,Moderate
DDInter419,Clozapine,DDInter1115,Magnesium citrate,Clozapine,Magnesium citrate,Moderate
DDInter419,Clozapine,DDInter1497,Potassium chloride,Clozapine,Potassium chloride,Major
DDInter1804,Ticlopidine,DDInter419,Clozapine,Clozapine,Ticlopidine,Major
DDInter419,Clozapine,DDInter1951,Warfarin,Clozapine,Warfarin,Moderate
DDInter424,Cobicistat,DDInter621,Edoxaban,Cobicistat,Edoxaban,Major
DDInter424,Cobicistat,DDInter1106,Lusutrombopag,Cobicistat,Lusutrombopag,Moderate
DDInter1802,Ticagrelor,DDInter424,Cobicistat,Cobicistat,Ticagrelor,Major
DDInter1945,Vorapaxar,DDInter424,Cobicistat,Cobicistat,Vorapaxar,Major
DDInter1951,Warfarin,DDInter424,Cobicistat,Cobicistat,Warfarin,Moderate
DDInter425,Cobimetinib,DDInter1802,Ticagrelor,Cobimetinib,Ticagrelor,Moderate
DDInter654,Epinephrine (topical),DDInter427,Cocaine (topical),Cocaine (topical),Epinephrine (topical),Major
DDInter1723,Sulfamethizole,DDInter427,Cocaine (topical),Cocaine (topical),Sulfamethizole,Moderate
DDInter884,Hydrocodone,DDInter785,Fostamatinib,Fostamatinib,Hydrocodone,Moderate
DDInter884,Hydrocodone,DDInter1508,Prasugrel,Hydrocodone,Prasugrel,Moderate
DDInter884,Hydrocodone,DDInter1802,Ticagrelor,Hydrocodone,Ticagrelor,Moderate
DDInter431,Colchicine,DDInter1802,Ticagrelor,Colchicine,Ticagrelor,Moderate
DDInter542,Dicoumarol,DDInter432,Colesevelam,Colesevelam,Dicoumarol,Moderate
DDInter432,Colesevelam,DDInter1461,Phylloquinone,Colesevelam,Phylloquinone,Moderate
DDInter1951,Warfarin,DDInter432,Colesevelam,Colesevelam,Warfarin,Moderate
DDInter542,Dicoumarol,DDInter433,Colestipol,Colestipol,Dicoumarol,Minor
DDInter433,Colestipol,DDInter1461,Phylloquinone,Colestipol,Phylloquinone,Moderate
DDInter433,Colestipol,DDInter1951,Warfarin,Colestipol,Warfarin,Minor
DDInter1277,Neomycin,DDInter434,Colistimethate,Colistimethate,Neomycin,Major
DDInter99,Anistreplase,DDInter435,Collagenase clostridium histolyticum,Anistreplase,Collagenase clostridium histolyticum,Moderate
DDInter435,Collagenase clostridium histolyticum,DDInter117,Argatroban,Argatroban,Collagenase clostridium histolyticum,Moderate
DDInter435,Collagenase clostridium histolyticum,DDInter470,Dalteparin,Collagenase clostridium histolyticum,Dalteparin,Moderate
DDInter435,Collagenase clostridium histolyticum,DDInter471,Danaparoid,Collagenase clostridium histolyticum,Danaparoid,Moderate
DDInter435,Collagenase clostridium histolyticum,DDInter491,Defibrotide,Collagenase clostridium histolyticum,Defibrotide,Moderate
DDInter435,Collagenase clostridium histolyticum,DDInter505,Desirudin,Collagenase clostridium histolyticum,Desirudin,Moderate
DDInter435,Collagenase clostridium histolyticum,DDInter542,Dicoumarol,Collagenase clostridium histolyticum,Dicoumarol,Moderate
DDInter435,Collagenase clostridium histolyticum,DDInter573,Dipyridamole,Collagenase clostridium histolyticum,Dipyridamole,Moderate
DDInter435,Collagenase clostridium histolyticum,DDInter621,Edoxaban,Collagenase clostridium histolyticum,Edoxaban,Moderate
DDInter435,Collagenase clostridium histolyticum,DDInter645,Enoxaparin,Collagenase clostridium histolyticum,Enoxaparin,Moderate
DDInter435,Collagenase clostridium histolyticum,DDInter657,Epoprostenol,Collagenase clostridium histolyticum,Epoprostenol,Moderate
DDInter435,Collagenase clostridium histolyticum,DDInter659,Eptifibatide,Collagenase clostridium histolyticum,Eptifibatide,Moderate
DDInter435,Collagenase clostridium histolyticum,DDInter856,Heparin,Collagenase clostridium histolyticum,Heparin,Moderate
DDInter435,Collagenase clostridium histolyticum,DDInter908,Iloprost,Collagenase clostridium histolyticum,Iloprost,Moderate
DDInter1037,Lepirudin,DDInter435,Collagenase clostridium histolyticum,Collagenase clostridium histolyticum,Lepirudin,Moderate
DDInter435,Collagenase clostridium histolyticum,DDInter1508,Prasugrel,Collagenase clostridium histolyticum,Prasugrel,Moderate
DDInter1585,Reteplase,DDInter435,Collagenase clostridium histolyticum,Collagenase clostridium histolyticum,Reteplase,Moderate
DDInter435,Collagenase clostridium histolyticum,DDInter1609,Rivaroxaban,Collagenase clostridium histolyticum,Rivaroxaban,Moderate
DDInter435,Collagenase clostridium histolyticum,DDInter1712,Streptokinase,Collagenase clostridium histolyticum,Streptokinase,Moderate
DDInter1764,Tenecteplase,DDInter435,Collagenase clostridium histolyticum,Collagenase clostridium histolyticum,Tenecteplase,Moderate
DDInter435,Collagenase clostridium histolyticum,DDInter1802,Ticagrelor,Collagenase clostridium histolyticum,Ticagrelor,Moderate
DDInter435,Collagenase clostridium histolyticum,DDInter1804,Ticlopidine,Collagenase clostridium histolyticum,Ticlopidine,Moderate
DDInter435,Collagenase clostridium histolyticum,DDInter1812,Tinzaparin,Collagenase clostridium histolyticum,Tinzaparin,Moderate
DDInter435,Collagenase clostridium histolyticum,DDInter1818,Tirofiban,Collagenase clostridium histolyticum,Tirofiban,Moderate
DDInter435,Collagenase clostridium histolyticum,DDInter1852,Treprostinil,Collagenase clostridium histolyticum,Treprostinil,Moderate
DDInter1905,Urokinase,DDInter435,Collagenase clostridium histolyticum,Collagenase clostridium histolyticum,Urokinase,Moderate
DDInter435,Collagenase clostridium histolyticum,DDInter1945,Vorapaxar,Collagenase clostridium histolyticum,Vorapaxar,Moderate
DDInter435,Collagenase clostridium histolyticum,DDInter1951,Warfarin,Collagenase clostridium histolyticum,Warfarin,Moderate
DDInter1527,Prochlorperazine,DDInter1115,Magnesium citrate,Magnesium citrate,Prochlorperazine,Moderate
DDInter1527,Prochlorperazine,DDInter1497,Potassium chloride,Potassium chloride,Prochlorperazine,Major
DDInter438,Conivaptan,DDInter621,Edoxaban,Conivaptan,Edoxaban,Major
DDInter438,Conivaptan,DDInter1106,Lusutrombopag,Conivaptan,Lusutrombopag,Moderate
DDInter438,Conivaptan,DDInter1609,Rivaroxaban,Conivaptan,Rivaroxaban,Major
DDInter438,Conivaptan,DDInter1802,Ticagrelor,Conivaptan,Ticagrelor,Major
DDInter438,Conivaptan,DDInter1945,Vorapaxar,Conivaptan,Vorapaxar,Major
DDInter1951,Warfarin,DDInter438,Conivaptan,Conivaptan,Warfarin,Minor
DDInter1123,Mannitol,DDInter965,Iothalamic acid,Iothalamic acid,Mannitol,Moderate
DDInter1277,Neomycin,DDInter965,Iothalamic acid,Iothalamic acid,Neomycin,Major
DDInter1903,Urea,DDInter965,Iothalamic acid,Iothalamic acid,Urea,Moderate
DDInter445,Corticotropin,DDInter505,Desirudin,Corticotropin,Desirudin,Major
DDInter542,Dicoumarol,DDInter445,Corticotropin,Corticotropin,Dicoumarol,Moderate
DDInter445,Corticotropin,DDInter881,Hyaluronidase,Corticotropin,Hyaluronidase,Minor
DDInter445,Corticotropin,DDInter1115,Magnesium citrate,Corticotropin,Magnesium citrate,Moderate
DDInter1120,Magnesium sulfate,DDInter445,Corticotropin,Corticotropin,Magnesium sulfate,Moderate
DDInter1951,Warfarin,DDInter445,Corticotropin,Corticotropin,Warfarin,Moderate
DDInter1497,Potassium chloride,DDInter1155,Mepyramine,Mepyramine,Potassium chloride,Major
DDInter1782,Tetracosactide,DDInter505,Desirudin,Desirudin,Tetracosactide,Major
DDInter542,Dicoumarol,DDInter1782,Tetracosactide,Dicoumarol,Tetracosactide,Moderate
DDInter1782,Tetracosactide,DDInter881,Hyaluronidase,Hyaluronidase,Tetracosactide,Minor
DDInter1782,Tetracosactide,DDInter1115,Magnesium citrate,Magnesium citrate,Tetracosactide,Moderate
DDInter1120,Magnesium sulfate,DDInter1782,Tetracosactide,Magnesium sulfate,Tetracosactide,Moderate
DDInter1951,Warfarin,DDInter1782,Tetracosactide,Tetracosactide,Warfarin,Moderate
DDInter1928,Verapamil,DDInter272,Calcium chloride,Calcium chloride,Verapamil,Moderate
DDInter1928,Verapamil,DDInter621,Edoxaban,Edoxaban,Verapamil,Major
DDInter1928,Verapamil,DDInter657,Epoprostenol,Epoprostenol,Verapamil,Moderate
DDInter1928,Verapamil,DDInter785,Fostamatinib,Fostamatinib,Verapamil,Moderate
DDInter1928,Verapamil,DDInter908,Iloprost,Iloprost,Verapamil,Moderate
DDInter1928,Verapamil,DDInter1106,Lusutrombopag,Lusutrombopag,Verapamil,Moderate
DDInter1928,Verapamil,DDInter1609,Rivaroxaban,Rivaroxaban,Verapamil,Moderate
DDInter1928,Verapamil,DDInter1656,Selexipag,Selexipag,Verapamil,Moderate
DDInter1928,Verapamil,DDInter1802,Ticagrelor,Ticagrelor,Verapamil,Moderate
DDInter1852,Treprostinil,DDInter1928,Verapamil,Treprostinil,Verapamil,Moderate
DDInter1384,Pancrelipase,DDInter975,Iron,Iron,Pancrelipase,Moderate
DDInter1384,Pancrelipase,DDInter725,Ferrous fumarate,Ferrous fumarate,Pancrelipase,Moderate
DDInter1384,Pancrelipase,DDInter726,Ferrous gluconate,Ferrous gluconate,Pancrelipase,Moderate
DDInter1384,Pancrelipase,DDInter1683,Sodium bicarbonate,Pancrelipase,Sodium bicarbonate,Moderate
DDInter448,Crizotinib,DDInter621,Edoxaban,Crizotinib,Edoxaban,Major
DDInter448,Crizotinib,DDInter1115,Magnesium citrate,Crizotinib,Magnesium citrate,Moderate
DDInter1609,Rivaroxaban,DDInter448,Crizotinib,Crizotinib,Rivaroxaban,Moderate
DDInter1802,Ticagrelor,DDInter448,Crizotinib,Crizotinib,Ticagrelor,Moderate
DDInter477,Daptomycin,DDInter542,Dicoumarol,Daptomycin,Dicoumarol,Minor
DDInter477,Daptomycin,DDInter1951,Warfarin,Daptomycin,Warfarin,Minor
DDInter1497,Potassium chloride,DDInter454,Cyclobenzaprine,Cyclobenzaprine,Potassium chloride,Major
DDInter542,Dicoumarol,DDInter456,Cyclophosphamide,Cyclophosphamide,Dicoumarol,Moderate
DDInter456,Cyclophosphamide,DDInter1508,Prasugrel,Cyclophosphamide,Prasugrel,Minor
DDInter456,Cyclophosphamide,DDInter1951,Warfarin,Cyclophosphamide,Warfarin,Moderate
DDInter457,Cycloserine,DDInter542,Dicoumarol,Cycloserine,Dicoumarol,Moderate
DDInter457,Cycloserine,DDInter1951,Warfarin,Cycloserine,Warfarin,Moderate
DDInter479,Darbepoetin alfa,DDInter458,Cyclosporine,Cyclosporine,Darbepoetin alfa,Moderate
DDInter458,Cyclosporine,DDInter542,Dicoumarol,Cyclosporine,Dicoumarol,Moderate
DDInter458,Cyclosporine,DDInter621,Edoxaban,Cyclosporine,Edoxaban,Major
DDInter458,Cyclosporine,DDInter631,Eltrombopag,Cyclosporine,Eltrombopag,Moderate
DDInter671,Erythropoietin,DDInter458,Cyclosporine,Cyclosporine,Erythropoietin,Moderate
DDInter458,Cyclosporine,DDInter1106,Lusutrombopag,Cyclosporine,Lusutrombopag,Moderate
DDInter458,Cyclosporine,DDInter1277,Neomycin,Cyclosporine,Neomycin,Moderate
DDInter458,Cyclosporine,DDInter1406,Peginesatide,Cyclosporine,Peginesatide,Moderate
DDInter458,Cyclosporine,DDInter1609,Rivaroxaban,Cyclosporine,Rivaroxaban,Moderate
DDInter458,Cyclosporine,DDInter1723,Sulfamethizole,Cyclosporine,Sulfamethizole,Major
DDInter458,Cyclosporine,DDInter1802,Ticagrelor,Cyclosporine,Ticagrelor,Moderate
DDInter458,Cyclosporine,DDInter1804,Ticlopidine,Cyclosporine,Ticlopidine,Moderate
DDInter458,Cyclosporine,DDInter1951,Warfarin,Cyclosporine,Warfarin,Moderate
DDInter458,Cyclosporine,DDInter1964,Zinc chloride,Cyclosporine,Zinc chloride,Minor
DDInter533,Diatrizoate,DDInter1123,Mannitol,Diatrizoate,Mannitol,Moderate
DDInter533,Diatrizoate,DDInter1277,Neomycin,Diatrizoate,Neomycin,Major
DDInter533,Diatrizoate,DDInter1903,Urea,Diatrizoate,Urea,Moderate
DDInter1277,Neomycin,DDInter870,Human cytomegalovirus immune globulin,Human cytomegalovirus immune globulin,Neomycin,Major
DDInter99,Anistreplase,DDInter869,Human C1-esterase inhibitor,Anistreplase,Human C1-esterase inhibitor,Moderate
DDInter440,Conjugated estrogens (topical),DDInter869,Human C1-esterase inhibitor,Conjugated estrogens (topical),Human C1-esterase inhibitor,Moderate
DDInter472,Danazol,DDInter869,Human C1-esterase inhibitor,Danazol,Human C1-esterase inhibitor,Moderate
DDInter479,Darbepoetin alfa,DDInter869,Human C1-esterase inhibitor,Darbepoetin alfa,Human C1-esterase inhibitor,Moderate
DDInter869,Human C1-esterase inhibitor,DDInter1507,Prasterone enantate,Human C1-esterase inhibitor,Prasterone enantate,Moderate
DDInter545,Dienestrol (topical),DDInter869,Human C1-esterase inhibitor,Dienestrol (topical),Human C1-esterase inhibitor,Moderate
DDInter548,Diethylstilbestrol,DDInter869,Human C1-esterase inhibitor,Diethylstilbestrol,Human C1-esterase inhibitor,Moderate
DDInter604,Drospirenone,DDInter869,Human C1-esterase inhibitor,Drospirenone,Human C1-esterase inhibitor,Moderate
DDInter671,Erythropoietin,DDInter869,Human C1-esterase inhibitor,Erythropoietin,Human C1-esterase inhibitor,Moderate
DDInter869,Human C1-esterase inhibitor,DDInter678,Esterified estrogens,Esterified estrogens,Human C1-esterase inhibitor,Moderate
DDInter680,Estradiol (topical),DDInter869,Human C1-esterase inhibitor,Estradiol (topical),Human C1-esterase inhibitor,Moderate
DDInter682,Estrone,DDInter869,Human C1-esterase inhibitor,Estrone,Human C1-esterase inhibitor,Moderate
DDInter683,Estrone sulfate,DDInter869,Human C1-esterase inhibitor,Estrone sulfate,Human C1-esterase inhibitor,Moderate
DDInter684,Estrone sulfate (topical),DDInter869,Human C1-esterase inhibitor,Estrone sulfate (topical),Human C1-esterase inhibitor,Moderate
DDInter759,Fluoxymesterone,DDInter869,Human C1-esterase inhibitor,Fluoxymesterone,Human C1-esterase inhibitor,Moderate
DDInter1035,Lenalidomide,DDInter869,Human C1-esterase inhibitor,Human C1-esterase inhibitor,Lenalidomide,Major
DDInter869,Human C1-esterase inhibitor,DDInter1193,Methyltestosterone,Human C1-esterase inhibitor,Methyltestosterone,Moderate
DDInter1353,Ospemifene,DDInter869,Human C1-esterase inhibitor,Human C1-esterase inhibitor,Ospemifene,Moderate
DDInter1357,Oxandrolone,DDInter869,Human C1-esterase inhibitor,Human C1-esterase inhibitor,Oxandrolone,Moderate
DDInter869,Human C1-esterase inhibitor,DDInter1371,Oxymetholone,Human C1-esterase inhibitor,Oxymetholone,Moderate
DDInter869,Human C1-esterase inhibitor,DDInter1406,Peginesatide,Human C1-esterase inhibitor,Peginesatide,Moderate
DDInter869,Human C1-esterase inhibitor,DDInter1491,Pomalidomide,Human C1-esterase inhibitor,Pomalidomide,Major
DDInter1555,Quinestrol,DDInter869,Human C1-esterase inhibitor,Human C1-esterase inhibitor,Quinestrol,Moderate
DDInter1562,Raloxifene,DDInter869,Human C1-esterase inhibitor,Human C1-esterase inhibitor,Raloxifene,Moderate
DDInter1585,Reteplase,DDInter869,Human C1-esterase inhibitor,Human C1-esterase inhibitor,Reteplase,Moderate
DDInter869,Human C1-esterase inhibitor,DDInter1709,Stanozolol,Human C1-esterase inhibitor,Stanozolol,Moderate
DDInter1712,Streptokinase,DDInter869,Human C1-esterase inhibitor,Human C1-esterase inhibitor,Streptokinase,Moderate
DDInter1744,Tamoxifen,DDInter869,Human C1-esterase inhibitor,Human C1-esterase inhibitor,Tamoxifen,Moderate
DDInter1764,Tenecteplase,DDInter869,Human C1-esterase inhibitor,Human C1-esterase inhibitor,Tenecteplase,Moderate
DDInter1774,Testolactone,DDInter869,Human C1-esterase inhibitor,Human C1-esterase inhibitor,Testolactone,Moderate
DDInter1776,Testosterone (topical),DDInter869,Human C1-esterase inhibitor,Human C1-esterase inhibitor,Testosterone (topical),Moderate
DDInter1789,Thalidomide,DDInter869,Human C1-esterase inhibitor,Human C1-esterase inhibitor,Thalidomide,Major
DDInter1837,Toremifene,DDInter869,Human C1-esterase inhibitor,Human C1-esterase inhibitor,Toremifene,Moderate
DDInter1905,Urokinase,DDInter869,Human C1-esterase inhibitor,Human C1-esterase inhibitor,Urokinase,Moderate
DDInter99,Anistreplase,DDInter437,Conestat alfa,Anistreplase,Conestat alfa,Moderate
DDInter440,Conjugated estrogens (topical),DDInter437,Conestat alfa,Conestat alfa,Conjugated estrogens (topical),Moderate
DDInter472,Danazol,DDInter437,Conestat alfa,Conestat alfa,Danazol,Moderate
DDInter479,Darbepoetin alfa,DDInter437,Conestat alfa,Conestat alfa,Darbepoetin alfa,Moderate
DDInter437,Conestat alfa,DDInter1507,Prasterone enantate,Conestat alfa,Prasterone enantate,Moderate
DDInter545,Dienestrol (topical),DDInter437,Conestat alfa,Conestat alfa,Dienestrol (topical),Moderate
DDInter548,Diethylstilbestrol,DDInter437,Conestat alfa,Conestat alfa,Diethylstilbestrol,Moderate
DDInter604,Drospirenone,DDInter437,Conestat alfa,Conestat alfa,Drospirenone,Moderate
DDInter671,Erythropoietin,DDInter437,Conestat alfa,Conestat alfa,Erythropoietin,Moderate
DDInter437,Conestat alfa,DDInter678,Esterified estrogens,Conestat alfa,Esterified estrogens,Moderate
DDInter680,Estradiol (topical),DDInter437,Conestat alfa,Conestat alfa,Estradiol (topical),Moderate
DDInter682,Estrone,DDInter437,Conestat alfa,Conestat alfa,Estrone,Moderate
DDInter683,Estrone sulfate,DDInter437,Conestat alfa,Conestat alfa,Estrone sulfate,Moderate
DDInter684,Estrone sulfate (topical),DDInter437,Conestat alfa,Conestat alfa,Estrone sulfate (topical),Moderate
DDInter759,Fluoxymesterone,DDInter437,Conestat alfa,Conestat alfa,Fluoxymesterone,Moderate
DDInter1035,Lenalidomide,DDInter437,Conestat alfa,Conestat alfa,Lenalidomide,Major
DDInter1193,Methyltestosterone,DDInter437,Conestat alfa,Conestat alfa,Methyltestosterone,Moderate
DDInter1353,Ospemifene,DDInter437,Conestat alfa,Conestat alfa,Ospemifene,Moderate
DDInter1357,Oxandrolone,DDInter437,Conestat alfa,Conestat alfa,Oxandrolone,Moderate
DDInter1371,Oxymetholone,DDInter437,Conestat alfa,Conestat alfa,Oxymetholone,Moderate
DDInter1406,Peginesatide,DDInter437,Conestat alfa,Conestat alfa,Peginesatide,Moderate
DDInter1491,Pomalidomide,DDInter437,Conestat alfa,Conestat alfa,Pomalidomide,Major
DDInter1555,Quinestrol,DDInter437,Conestat alfa,Conestat alfa,Quinestrol,Moderate
DDInter1562,Raloxifene,DDInter437,Conestat alfa,Conestat alfa,Raloxifene,Moderate
DDInter1585,Reteplase,DDInter437,Conestat alfa,Conestat alfa,Reteplase,Moderate
DDInter1709,Stanozolol,DDInter437,Conestat alfa,Conestat alfa,Stanozolol,Moderate
DDInter1712,Streptokinase,DDInter437,Conestat alfa,Conestat alfa,Streptokinase,Moderate
DDInter1744,Tamoxifen,DDInter437,Conestat alfa,Conestat alfa,Tamoxifen,Moderate
DDInter1764,Tenecteplase,DDInter437,Conestat alfa,Conestat alfa,Tenecteplase,Moderate
DDInter1774,Testolactone,DDInter437,Conestat alfa,Conestat alfa,Testolactone,Moderate
DDInter1776,Testosterone (topical),DDInter437,Conestat alfa,Conestat alfa,Testosterone (topical),Moderate
DDInter1789,Thalidomide,DDInter437,Conestat alfa,Conestat alfa,Thalidomide,Major
DDInter1837,Toremifene,DDInter437,Conestat alfa,Conestat alfa,Toremifene,Moderate
DDInter1905,Urokinase,DDInter437,Conestat alfa,Conestat alfa,Urokinase,Moderate
DDInter1609,Rivaroxaban,DDInter462,Dabrafenib,Dabrafenib,Rivaroxaban,Moderate
DDInter1683,Sodium bicarbonate,DDInter462,Dabrafenib,Dabrafenib,Sodium bicarbonate,Moderate
DDInter1802,Ticagrelor,DDInter462,Dabrafenib,Dabrafenib,Ticagrelor,Moderate
DDInter1852,Treprostinil,DDInter462,Dabrafenib,Dabrafenib,Treprostinil,Moderate
DDInter1951,Warfarin,DDInter462,Dabrafenib,Dabrafenib,Warfarin,Moderate
DDInter542,Dicoumarol,DDInter464,Daclatasvir,Daclatasvir,Dicoumarol,Moderate
DDInter621,Edoxaban,DDInter464,Daclatasvir,Daclatasvir,Edoxaban,Major
DDInter464,Daclatasvir,DDInter1106,Lusutrombopag,Daclatasvir,Lusutrombopag,Moderate
DDInter1609,Rivaroxaban,DDInter464,Daclatasvir,Daclatasvir,Rivaroxaban,Moderate
DDInter1802,Ticagrelor,DDInter464,Daclatasvir,Daclatasvir,Ticagrelor,Moderate
DDInter1951,Warfarin,DDInter464,Daclatasvir,Daclatasvir,Warfarin,Moderate
DDInter98,Anisindione,DDInter470,Dalteparin,Anisindione,Dalteparin,Major
DDInter99,Anistreplase,DDInter470,Dalteparin,Anistreplase,Dalteparin,Major
DDInter115,Ardeparin,DDInter470,Dalteparin,Ardeparin,Dalteparin,Major
DDInter117,Argatroban,DDInter470,Dalteparin,Argatroban,Dalteparin,Major
DDInter215,Bismuth subsalicylate,DDInter470,Dalteparin,Bismuth subsalicylate,Dalteparin,Moderate
DDInter241,Bromfenac,DDInter470,Dalteparin,Bromfenac,Dalteparin,Major
DDInter470,Dalteparin,DDInter291,Capsicum,Capsicum,Dalteparin,Minor
DDInter470,Dalteparin,DDInter347,Chamomile,Chamomile,Dalteparin,Minor
DDInter470,Dalteparin,DDInter417,Clove,Clove,Dalteparin,Minor
DDInter471,Danaparoid,DDInter470,Dalteparin,Dalteparin,Danaparoid,Major
DDInter484,Dasatinib,DDInter470,Dalteparin,Dalteparin,Dasatinib,Major
DDInter488,Deferasirox,DDInter470,Dalteparin,Dalteparin,Deferasirox,Major
DDInter491,Defibrotide,DDInter470,Dalteparin,Dalteparin,Defibrotide,Major
DDInter501,Deoxycholic acid,DDInter470,Dalteparin,Dalteparin,Deoxycholic acid,Moderate
DDInter470,Dalteparin,DDInter505,Desirudin,Dalteparin,Desirudin,Major
DDInter511,Desvenlafaxine,DDInter470,Dalteparin,Dalteparin,Desvenlafaxine,Moderate
DDInter518,Dexfenfluramine,DDInter470,Dalteparin,Dalteparin,Dexfenfluramine,Moderate
DDInter470,Dalteparin,DDInter523,Dextran (-1),Dalteparin,Dextran (-1),Major
DDInter470,Dalteparin,DDInter524,Dextran (high molecular weight),Dalteparin,Dextran (high molecular weight),Major
DDInter470,Dalteparin,DDInter525,Dextran (low molecular weight),Dalteparin,Dextran (low molecular weight),Major
DDInter538,Diclofenac (ophthalmic),DDInter470,Dalteparin,Dalteparin,Diclofenac (ophthalmic),Moderate
DDInter542,Dicoumarol,DDInter470,Dalteparin,Dalteparin,Dicoumarol,Major
DDInter551,Diflunisal,DDInter470,Dalteparin,Dalteparin,Diflunisal,Major
DDInter573,Dipyridamole,DDInter470,Dalteparin,Dalteparin,Dipyridamole,Major
DDInter605,Drotrecogin alfa,DDInter470,Dalteparin,Dalteparin,Drotrecogin alfa,Major
DDInter608,Duloxetine,DDInter470,Dalteparin,Dalteparin,Duloxetine,Moderate
DDInter470,Dalteparin,DDInter621,Edoxaban,Dalteparin,Edoxaban,Major
DDInter638,Enalapril,DDInter470,Dalteparin,Dalteparin,Enalapril,Moderate
DDInter645,Enoxaparin,DDInter470,Dalteparin,Dalteparin,Enoxaparin,Major
DDInter657,Epoprostenol,DDInter470,Dalteparin,Dalteparin,Epoprostenol,Major
DDInter658,Eprosartan,DDInter470,Dalteparin,Dalteparin,Eprosartan,Moderate
DDInter659,Eptifibatide,DDInter470,Dalteparin,Dalteparin,Eptifibatide,Major
DDInter672,Escitalopram,DDInter470,Dalteparin,Dalteparin,Escitalopram,Moderate
DDInter699,Etodolac,DDInter470,Dalteparin,Dalteparin,Etodolac,Major
DDInter470,Dalteparin,DDInter714,Fedratinib,Dalteparin,Fedratinib,Major
DDInter717,Fenfluramine,DDInter470,Dalteparin,Dalteparin,Fenfluramine,Moderate
DDInter721,Fenoprofen,DDInter470,Dalteparin,Dalteparin,Fenoprofen,Major
DDInter758,Fluoxetine,DDInter470,Dalteparin,Dalteparin,Fluoxetine,Moderate
DDInter763,Flurbiprofen,DDInter470,Dalteparin,Dalteparin,Flurbiprofen,Major
DDInter764,Flurbiprofen (ophthalmic),DDInter470,Dalteparin,Dalteparin,Flurbiprofen (ophthalmic),Moderate
DDInter470,Dalteparin,DDInter808,Garlic,Dalteparin,Garlic,Moderate
DDInter819,Ginkgo biloba,DDInter470,Dalteparin,Dalteparin,Ginkgo biloba,Moderate
DDInter820,Ginseng,DDInter470,Dalteparin,Dalteparin,Ginseng,Moderate
DDInter855,Hemin,DDInter470,Dalteparin,Dalteparin,Hemin,Moderate
DDInter856,Heparin,DDInter470,Dalteparin,Dalteparin,Heparin,Major
DDInter898,Ibritumomab tiuxetan,DDInter470,Dalteparin,Dalteparin,Ibritumomab tiuxetan,Major
DDInter470,Dalteparin,DDInter899,Ibrutinib,Dalteparin,Ibrutinib,Major
DDInter903,Icosapent,DDInter470,Dalteparin,Dalteparin,Icosapent,Moderate
DDInter908,Iloprost,DDInter470,Dalteparin,Dalteparin,Iloprost,Major
DDInter921,Indomethacin,DDInter470,Dalteparin,Dalteparin,Indomethacin,Major
DDInter470,Dalteparin,DDInter926,Inotersen,Dalteparin,Inotersen,Major
DDInter1839,Tositumomab (I-131),DDInter470,Dalteparin,Dalteparin,Tositumomab (I-131),Major
DDInter969,Ipilimumab,DDInter470,Dalteparin,Dalteparin,Ipilimumab,Major
DDInter972,Irbesartan,DDInter470,Dalteparin,Dalteparin,Irbesartan,Moderate
DDInter1009,Ketoprofen,DDInter470,Dalteparin,Dalteparin,Ketoprofen,Major
DDInter1037,Lepirudin,DDInter470,Dalteparin,Dalteparin,Lepirudin,Major
DDInter470,Dalteparin,DDInter1059,Levomilnacipran,Dalteparin,Levomilnacipran,Moderate
DDInter1079,Lisinopril,DDInter470,Dalteparin,Dalteparin,Lisinopril,Moderate
DDInter1095,Losartan,DDInter470,Dalteparin,Dalteparin,Losartan,Moderate
DDInter1135,Meclofenamic acid,DDInter470,Dalteparin,Dalteparin,Meclofenamic acid,Major
DDInter1139,Mefenamic acid,DDInter470,Dalteparin,Dalteparin,Mefenamic acid,Major
DDInter1143,Meloxicam,DDInter470,Dalteparin,Dalteparin,Meloxicam,Major
DDInter1215,Mifepristone,DDInter470,Dalteparin,Dalteparin,Mifepristone,Major
DDInter1220,Milnacipran,DDInter470,Dalteparin,Dalteparin,Milnacipran,Moderate
DDInter1237,Moexipril,DDInter470,Dalteparin,Dalteparin,Moexipril,Moderate
DDInter1254,Nabumetone,DDInter470,Dalteparin,Dalteparin,Nabumetone,Major
DDInter1266,Naproxen,DDInter470,Dalteparin,Dalteparin,Naproxen,Major
DDInter470,Dalteparin,DDInter1280,Nepafenac (ophthalmic),Dalteparin,Nepafenac (ophthalmic),Moderate
DDInter470,Dalteparin,DDInter1296,Nintedanib,Dalteparin,Nintedanib,Moderate
DDInter470,Dalteparin,DDInter1297,Niraparib,Dalteparin,Niraparib,Moderate
DDInter1335,Omacetaxine mepesuccinate,DDInter470,Dalteparin,Dalteparin,Omacetaxine mepesuccinate,Major
DDInter1358,Oxaprozin,DDInter470,Dalteparin,Dalteparin,Oxaprozin,Major
DDInter1387,Panobinostat,DDInter470,Dalteparin,Dalteparin,Panobinostat,Major
DDInter1397,Paroxetine,DDInter470,Dalteparin,Dalteparin,Paroxetine,Moderate
DDInter1404,Pegaspargase,DDInter470,Dalteparin,Dalteparin,Pegaspargase,Moderate
DDInter1424,Pentosan polysulfate,DDInter470,Dalteparin,Dalteparin,Pentosan polysulfate,Moderate
DDInter1426,Pentoxifylline,DDInter470,Dalteparin,Dalteparin,Pentoxifylline,Moderate
DDInter1431,Perindopril,DDInter470,Dalteparin,Dalteparin,Perindopril,Moderate
DDInter1451,Phenylbutazone,DDInter470,Dalteparin,Dalteparin,Phenylbutazone,Major
DDInter1478,Piroxicam,DDInter470,Dalteparin,Dalteparin,Piroxicam,Major
DDInter470,Dalteparin,DDInter1484,Plicamycin,Dalteparin,Plicamycin,Major
DDInter470,Dalteparin,DDInter1492,Ponatinib,Dalteparin,Ponatinib,Major
DDInter1508,Prasugrel,DDInter470,Dalteparin,Dalteparin,Prasugrel,Major
DDInter470,Dalteparin,DDInter1542,Protein C,Dalteparin,Protein C,Moderate
DDInter1554,Quinapril,DDInter470,Dalteparin,Dalteparin,Quinapril,Moderate
DDInter1565,Ramipril,DDInter470,Dalteparin,Dalteparin,Ramipril,Moderate
DDInter1566,Ramucirumab,DDInter470,Dalteparin,Dalteparin,Ramucirumab,Major
DDInter470,Dalteparin,DDInter1576,Regorafenib,Dalteparin,Regorafenib,Major
DDInter1585,Reteplase,DDInter470,Dalteparin,Dalteparin,Reteplase,Major
DDInter1609,Rivaroxaban,DDInter470,Dalteparin,Dalteparin,Rivaroxaban,Major
DDInter1613,Rofecoxib,DDInter470,Dalteparin,Dalteparin,Rofecoxib,Moderate
DDInter470,Dalteparin,DDInter1628,Ruxolitinib,Dalteparin,Ruxolitinib,Major
DDInter1637,Salsalate,DDInter470,Dalteparin,Dalteparin,Salsalate,Moderate
DDInter470,Dalteparin,DDInter1659,Selumetinib,Dalteparin,Selumetinib,Moderate
DDInter1662,Sertraline,DDInter470,Dalteparin,Dalteparin,Sertraline,Moderate
DDInter1665,Sibutramine,DDInter470,Dalteparin,Dalteparin,Sibutramine,Moderate
DDInter470,Dalteparin,DDInter953,Iodide I-123,Dalteparin,Iodide I-123,Moderate
DDInter470,Dalteparin,DDInter954,Iodide I-131,Dalteparin,Iodide I-131,Moderate
DDInter1633,Salicylic acid (sodium),DDInter470,Dalteparin,Dalteparin,Salicylic acid (sodium),Moderate
DDInter1712,Streptokinase,DDInter470,Dalteparin,Dalteparin,Streptokinase,Major
DDInter1719,Sugammadex,DDInter470,Dalteparin,Dalteparin,Sugammadex,Moderate
DDInter1726,Sulfinpyrazone,DDInter470,Dalteparin,Dalteparin,Sulfinpyrazone,Major
DDInter1729,Sulindac,DDInter470,Dalteparin,Dalteparin,Sulindac,Major
DDInter1731,Sunitinib,DDInter470,Dalteparin,Dalteparin,Sunitinib,Moderate
DDInter1732,Suprofen (ophthalmic),DDInter470,Dalteparin,Dalteparin,Suprofen (ophthalmic),Moderate
DDInter1759,Telmisartan,DDInter470,Dalteparin,Dalteparin,Telmisartan,Moderate
DDInter1763,Temsirolimus,DDInter470,Dalteparin,Dalteparin,Temsirolimus,Major
DDInter1764,Tenecteplase,DDInter470,Dalteparin,Dalteparin,Tenecteplase,Major
DDInter470,Dalteparin,DDInter1802,Ticagrelor,Dalteparin,Ticagrelor,Major
DDInter1804,Ticlopidine,DDInter470,Dalteparin,Dalteparin,Ticlopidine,Major
DDInter470,Dalteparin,DDInter1812,Tinzaparin,Dalteparin,Tinzaparin,Major
DDInter1817,Tipranavir,DDInter470,Dalteparin,Dalteparin,Tipranavir,Major
DDInter1818,Tirofiban,DDInter470,Dalteparin,Dalteparin,Tirofiban,Major
DDInter1831,Tolmetin,DDInter470,Dalteparin,Dalteparin,Tolmetin,Major
DDInter1838,Tositumomab,DDInter470,Dalteparin,Dalteparin,Tositumomab,Major
DDInter1843,Trandolapril,DDInter470,Dalteparin,Dalteparin,Trandolapril,Moderate
DDInter1852,Treprostinil,DDInter470,Dalteparin,Dalteparin,Treprostinil,Major
DDInter1859,Triamterene,DDInter470,Dalteparin,Dalteparin,Triamterene,Moderate
DDInter470,Dalteparin,DDInter1892,Turmeric,Dalteparin,Turmeric,Minor
DDInter1905,Urokinase,DDInter470,Dalteparin,Dalteparin,Urokinase,Major
DDInter1910,Valdecoxib,DDInter470,Dalteparin,Dalteparin,Valdecoxib,Moderate
DDInter1927,Venlafaxine,DDInter470,Dalteparin,Dalteparin,Venlafaxine,Moderate
DDInter1929,Verteporfin,DDInter470,Dalteparin,Dalteparin,Verteporfin,Moderate
DDInter1935,Vilazodone,DDInter470,Dalteparin,Dalteparin,Vilazodone,Moderate
DDInter1943,Vitamin E,DDInter470,Dalteparin,Dalteparin,Vitamin E,Moderate
DDInter470,Dalteparin,DDInter1945,Vorapaxar,Dalteparin,Vorapaxar,Major
DDInter470,Dalteparin,DDInter1948,Vortioxetine,Dalteparin,Vortioxetine,Moderate
DDInter1951,Warfarin,DDInter470,Dalteparin,Dalteparin,Warfarin,Major
DDInter470,Dalteparin,DDInter1959,Zanubrutinib,Dalteparin,Zanubrutinib,Major
DDInter542,Dicoumarol,DDInter472,Danazol,Danazol,Dicoumarol,Major
DDInter472,Danazol,DDInter855,Hemin,Danazol,Hemin,Major
DDInter1951,Warfarin,DDInter472,Danazol,Danazol,Warfarin,Major
DDInter657,Epoprostenol,DDInter474,Dapagliflozin,Dapagliflozin,Epoprostenol,Moderate
DDInter908,Iloprost,DDInter474,Dapagliflozin,Dapagliflozin,Iloprost,Moderate
DDInter1123,Mannitol,DDInter474,Dapagliflozin,Dapagliflozin,Mannitol,Moderate
DDInter474,Dapagliflozin,DDInter1656,Selexipag,Dapagliflozin,Selexipag,Moderate
DDInter1852,Treprostinil,DDInter474,Dapagliflozin,Dapagliflozin,Treprostinil,Moderate
DDInter1903,Urea,DDInter474,Dapagliflozin,Dapagliflozin,Urea,Moderate
DDInter1646,Saxagliptin,DDInter785,Fostamatinib,Fostamatinib,Saxagliptin,Moderate
DDInter1646,Saxagliptin,DDInter1802,Ticagrelor,Saxagliptin,Ticagrelor,Moderate
DDInter476,Dapsone (topical),DDInter1723,Sulfamethizole,Dapsone (topical),Sulfamethizole,Moderate
DDInter128,Astemizole,DDInter881,Hyaluronidase,Astemizole,Hyaluronidase,Minor
DDInter149,Azatadine,DDInter881,Hyaluronidase,Azatadine,Hyaluronidase,Minor
DDInter354,Chlorcyclizine,DDInter881,Hyaluronidase,Chlorcyclizine,Hyaluronidase,Minor
DDInter459,Cyproheptadine,DDInter881,Hyaluronidase,Cyproheptadine,Hyaluronidase,Minor
DDInter506,Desloratadine,DDInter881,Hyaluronidase,Desloratadine,Hyaluronidase,Minor
DDInter517,Dexbrompheniramine,DDInter881,Hyaluronidase,Dexbrompheniramine,Hyaluronidase,Minor
DDInter548,Diethylstilbestrol,DDInter881,Hyaluronidase,Diethylstilbestrol,Hyaluronidase,Minor
DDInter551,Diflunisal,DDInter881,Hyaluronidase,Diflunisal,Hyaluronidase,Minor
DDInter569,Diphenhydramine,DDInter881,Hyaluronidase,Diphenhydramine,Hyaluronidase,Minor
DDInter678,Esterified estrogens,DDInter881,Hyaluronidase,Esterified estrogens,Hyaluronidase,Minor
DDInter681,Estramustine,DDInter881,Hyaluronidase,Estramustine,Hyaluronidase,Minor
DDInter682,Estrone,DDInter881,Hyaluronidase,Estrone,Hyaluronidase,Minor
DDInter683,Estrone sulfate,DDInter881,Hyaluronidase,Estrone sulfate,Hyaluronidase,Minor
DDInter697,Etidocaine,DDInter881,Hyaluronidase,Etidocaine,Hyaluronidase,Minor
DDInter732,Fexofenadine,DDInter881,Hyaluronidase,Fexofenadine,Hyaluronidase,Minor
DDInter895,Hydroxyzine,DDInter881,Hyaluronidase,Hyaluronidase,Hydroxyzine,Minor
DDInter1051,Levobupivacaine,DDInter881,Hyaluronidase,Hyaluronidase,Levobupivacaine,Minor
DDInter1053,Levocetirizine,DDInter881,Hyaluronidase,Hyaluronidase,Levocetirizine,Minor
DDInter1168,Methdilazine,DDInter881,Hyaluronidase,Hyaluronidase,Methdilazine,Minor
DDInter1191,Methylprednisolone,DDInter881,Hyaluronidase,Hyaluronidase,Methylprednisolone,Minor
DDInter1441,Phenindamine,DDInter881,Hyaluronidase,Hyaluronidase,Phenindamine,Minor
DDInter1513,Prednisolone,DDInter881,Hyaluronidase,Hyaluronidase,Prednisolone,Minor
DDInter1515,Prednisone,DDInter881,Hyaluronidase,Hyaluronidase,Prednisone,Minor
DDInter1518,Prilocaine,DDInter881,Hyaluronidase,Hyaluronidase,Prilocaine,Minor
DDInter1525,Procaine,DDInter881,Hyaluronidase,Hyaluronidase,Procaine,Minor
DDInter1533,Promethazine,DDInter881,Hyaluronidase,Hyaluronidase,Promethazine,Minor
DDInter1155,Mepyramine,DDInter881,Hyaluronidase,Hyaluronidase,Mepyramine,Minor
DDInter1555,Quinestrol,DDInter881,Hyaluronidase,Hyaluronidase,Quinestrol,Minor
DDInter1620,Ropivacaine,DDInter881,Hyaluronidase,Hyaluronidase,Ropivacaine,Minor
DDInter1637,Salsalate,DDInter881,Hyaluronidase,Hyaluronidase,Salsalate,Minor
DDInter1633,Salicylic acid (sodium),DDInter881,Hyaluronidase,Hyaluronidase,Salicylic acid (sodium),Minor
DDInter1770,Terfenadine,DDInter881,Hyaluronidase,Hyaluronidase,Terfenadine,Minor
DDInter1779,Tetracaine,DDInter881,Hyaluronidase,Hyaluronidase,Tetracaine,Minor
DDInter45,Alimemazine,DDInter881,Hyaluronidase,Alimemazine,Hyaluronidase,Minor
DDInter1878,Tripelennamine,DDInter881,Hyaluronidase,Hyaluronidase,Tripelennamine,Minor
DDInter1879,Triprolidine,DDInter881,Hyaluronidase,Hyaluronidase,Triprolidine,Minor
DDInter479,Darbepoetin alfa,DDInter638,Enalapril,Darbepoetin alfa,Enalapril,Minor
DDInter479,Darbepoetin alfa,DDInter1035,Lenalidomide,Darbepoetin alfa,Lenalidomide,Major
DDInter479,Darbepoetin alfa,DDInter1079,Lisinopril,Darbepoetin alfa,Lisinopril,Minor
DDInter479,Darbepoetin alfa,DDInter1237,Moexipril,Darbepoetin alfa,Moexipril,Minor
DDInter479,Darbepoetin alfa,DDInter1431,Perindopril,Darbepoetin alfa,Perindopril,Minor
DDInter479,Darbepoetin alfa,DDInter1491,Pomalidomide,Darbepoetin alfa,Pomalidomide,Major
DDInter479,Darbepoetin alfa,DDInter1554,Quinapril,Darbepoetin alfa,Quinapril,Minor
DDInter479,Darbepoetin alfa,DDInter1565,Ramipril,Darbepoetin alfa,Ramipril,Minor
DDInter479,Darbepoetin alfa,DDInter1789,Thalidomide,Darbepoetin alfa,Thalidomide,Major
DDInter479,Darbepoetin alfa,DDInter1843,Trandolapril,Darbepoetin alfa,Trandolapril,Minor
DDInter480,Darifenacin,DDInter1497,Potassium chloride,Darifenacin,Potassium chloride,Major
DDInter1804,Ticlopidine,DDInter480,Darifenacin,Darifenacin,Ticlopidine,Moderate
DDInter631,Eltrombopag,DDInter481,Darolutamide,Darolutamide,Eltrombopag,Moderate
DDInter481,Darolutamide,DDInter1106,Lusutrombopag,Darolutamide,Lusutrombopag,Moderate
DDInter1609,Rivaroxaban,DDInter481,Darolutamide,Darolutamide,Rivaroxaban,Moderate
DDInter1656,Selexipag,DDInter481,Darolutamide,Darolutamide,Selexipag,Moderate
DDInter542,Dicoumarol,DDInter482,Darunavir,Darunavir,Dicoumarol,Moderate
DDInter482,Darunavir,DDInter1609,Rivaroxaban,Darunavir,Rivaroxaban,Moderate
DDInter482,Darunavir,DDInter1802,Ticagrelor,Darunavir,Ticagrelor,Moderate
DDInter1951,Warfarin,DDInter482,Darunavir,Darunavir,Warfarin,Moderate
DDInter99,Anistreplase,DDInter484,Dasatinib,Anistreplase,Dasatinib,Major
DDInter117,Argatroban,DDInter484,Dasatinib,Argatroban,Dasatinib,Major
DDInter484,Dasatinib,DDInter471,Danaparoid,Danaparoid,Dasatinib,Major
DDInter484,Dasatinib,DDInter491,Defibrotide,Dasatinib,Defibrotide,Major
DDInter484,Dasatinib,DDInter505,Desirudin,Dasatinib,Desirudin,Major
DDInter542,Dicoumarol,DDInter484,Dasatinib,Dasatinib,Dicoumarol,Major
DDInter605,Drotrecogin alfa,DDInter484,Dasatinib,Dasatinib,Drotrecogin alfa,Major
DDInter484,Dasatinib,DDInter621,Edoxaban,Dasatinib,Edoxaban,Major
DDInter645,Enoxaparin,DDInter484,Dasatinib,Dasatinib,Enoxaparin,Major
DDInter657,Epoprostenol,DDInter484,Dasatinib,Dasatinib,Epoprostenol,Major
DDInter659,Eptifibatide,DDInter484,Dasatinib,Dasatinib,Eptifibatide,Major
DDInter484,Dasatinib,DDInter855,Hemin,Dasatinib,Hemin,Moderate
DDInter856,Heparin,DDInter484,Dasatinib,Dasatinib,Heparin,Major
DDInter908,Iloprost,DDInter484,Dasatinib,Dasatinib,Iloprost,Major
DDInter1037,Lepirudin,DDInter484,Dasatinib,Dasatinib,Lepirudin,Major
DDInter484,Dasatinib,DDInter1115,Magnesium citrate,Dasatinib,Magnesium citrate,Moderate
DDInter484,Dasatinib,DDInter1508,Prasugrel,Dasatinib,Prasugrel,Major
DDInter1585,Reteplase,DDInter484,Dasatinib,Dasatinib,Reteplase,Major
DDInter484,Dasatinib,DDInter1609,Rivaroxaban,Dasatinib,Rivaroxaban,Major
DDInter484,Dasatinib,DDInter1683,Sodium bicarbonate,Dasatinib,Sodium bicarbonate,Moderate
DDInter1712,Streptokinase,DDInter484,Dasatinib,Dasatinib,Streptokinase,Major
DDInter1764,Tenecteplase,DDInter484,Dasatinib,Dasatinib,Tenecteplase,Major
DDInter484,Dasatinib,DDInter1802,Ticagrelor,Dasatinib,Ticagrelor,Major
DDInter1804,Ticlopidine,DDInter484,Dasatinib,Dasatinib,Ticlopidine,Major
DDInter484,Dasatinib,DDInter1812,Tinzaparin,Dasatinib,Tinzaparin,Major
DDInter1818,Tirofiban,DDInter484,Dasatinib,Dasatinib,Tirofiban,Major
DDInter1852,Treprostinil,DDInter484,Dasatinib,Dasatinib,Treprostinil,Major
DDInter1905,Urokinase,DDInter484,Dasatinib,Dasatinib,Urokinase,Major
DDInter484,Dasatinib,DDInter1945,Vorapaxar,Dasatinib,Vorapaxar,Major
DDInter1951,Warfarin,DDInter484,Dasatinib,Dasatinib,Warfarin,Major
DDInter486,Daunorubicin (liposomal),DDInter785,Fostamatinib,Daunorubicin (liposomal),Fostamatinib,Moderate
DDInter99,Anistreplase,DDInter1358,Oxaprozin,Anistreplase,Oxaprozin,Moderate
DDInter117,Argatroban,DDInter1358,Oxaprozin,Argatroban,Oxaprozin,Moderate
DDInter1358,Oxaprozin,DDInter471,Danaparoid,Danaparoid,Oxaprozin,Major
DDInter1358,Oxaprozin,DDInter491,Defibrotide,Defibrotide,Oxaprozin,Moderate
DDInter1358,Oxaprozin,DDInter505,Desirudin,Desirudin,Oxaprozin,Major
DDInter542,Dicoumarol,DDInter1358,Oxaprozin,Dicoumarol,Oxaprozin,Major
DDInter605,Drotrecogin alfa,DDInter1358,Oxaprozin,Drotrecogin alfa,Oxaprozin,Major
DDInter1358,Oxaprozin,DDInter621,Edoxaban,Edoxaban,Oxaprozin,Major
DDInter1358,Oxaprozin,DDInter645,Enoxaparin,Enoxaparin,Oxaprozin,Major
DDInter1358,Oxaprozin,DDInter657,Epoprostenol,Epoprostenol,Oxaprozin,Moderate
DDInter659,Eptifibatide,DDInter1358,Oxaprozin,Eptifibatide,Oxaprozin,Moderate
DDInter775,Fondaparinux,DDInter1358,Oxaprozin,Fondaparinux,Oxaprozin,Major
DDInter1358,Oxaprozin,DDInter856,Heparin,Heparin,Oxaprozin,Moderate
DDInter1358,Oxaprozin,DDInter908,Iloprost,Iloprost,Oxaprozin,Moderate
DDInter1037,Lepirudin,DDInter1358,Oxaprozin,Lepirudin,Oxaprozin,Moderate
DDInter1497,Potassium chloride,DDInter1358,Oxaprozin,Oxaprozin,Potassium chloride,Moderate
DDInter1358,Oxaprozin,DDInter1508,Prasugrel,Oxaprozin,Prasugrel,Major
DDInter1585,Reteplase,DDInter1358,Oxaprozin,Oxaprozin,Reteplase,Moderate
DDInter1358,Oxaprozin,DDInter1609,Rivaroxaban,Oxaprozin,Rivaroxaban,Major
DDInter1712,Streptokinase,DDInter1358,Oxaprozin,Oxaprozin,Streptokinase,Moderate
DDInter1764,Tenecteplase,DDInter1358,Oxaprozin,Oxaprozin,Tenecteplase,Moderate
DDInter1358,Oxaprozin,DDInter1802,Ticagrelor,Oxaprozin,Ticagrelor,Moderate
DDInter1804,Ticlopidine,DDInter1358,Oxaprozin,Oxaprozin,Ticlopidine,Moderate
DDInter1358,Oxaprozin,DDInter1812,Tinzaparin,Oxaprozin,Tinzaparin,Major
DDInter1818,Tirofiban,DDInter1358,Oxaprozin,Oxaprozin,Tirofiban,Moderate
DDInter1852,Treprostinil,DDInter1358,Oxaprozin,Oxaprozin,Treprostinil,Moderate
DDInter1905,Urokinase,DDInter1358,Oxaprozin,Oxaprozin,Urokinase,Moderate
DDInter1358,Oxaprozin,DDInter1945,Vorapaxar,Oxaprozin,Vorapaxar,Major
DDInter1951,Warfarin,DDInter1358,Oxaprozin,Oxaprozin,Warfarin,Major
DDInter99,Anistreplase,DDInter488,Deferasirox,Anistreplase,Deferasirox,Major
DDInter117,Argatroban,DDInter488,Deferasirox,Argatroban,Deferasirox,Major
DDInter488,Deferasirox,DDInter471,Danaparoid,Danaparoid,Deferasirox,Major
DDInter488,Deferasirox,DDInter491,Defibrotide,Deferasirox,Defibrotide,Major
DDInter488,Deferasirox,DDInter505,Desirudin,Deferasirox,Desirudin,Major
DDInter542,Dicoumarol,DDInter488,Deferasirox,Deferasirox,Dicoumarol,Major
DDInter605,Drotrecogin alfa,DDInter488,Deferasirox,Deferasirox,Drotrecogin alfa,Major
DDInter488,Deferasirox,DDInter621,Edoxaban,Deferasirox,Edoxaban,Major
DDInter645,Enoxaparin,DDInter488,Deferasirox,Deferasirox,Enoxaparin,Major
DDInter657,Epoprostenol,DDInter488,Deferasirox,Deferasirox,Epoprostenol,Major
DDInter659,Eptifibatide,DDInter488,Deferasirox,Deferasirox,Eptifibatide,Major
DDInter856,Heparin,DDInter488,Deferasirox,Deferasirox,Heparin,Major
DDInter908,Iloprost,DDInter488,Deferasirox,Deferasirox,Iloprost,Major
DDInter1037,Lepirudin,DDInter488,Deferasirox,Deferasirox,Lepirudin,Major
DDInter1277,Neomycin,DDInter488,Deferasirox,Deferasirox,Neomycin,Major
DDInter488,Deferasirox,DDInter1508,Prasugrel,Deferasirox,Prasugrel,Major
DDInter1585,Reteplase,DDInter488,Deferasirox,Deferasirox,Reteplase,Major
DDInter488,Deferasirox,DDInter1609,Rivaroxaban,Deferasirox,Rivaroxaban,Major
DDInter488,Deferasirox,DDInter1656,Selexipag,Deferasirox,Selexipag,Moderate
DDInter1712,Streptokinase,DDInter488,Deferasirox,Deferasirox,Streptokinase,Major
DDInter1764,Tenecteplase,DDInter488,Deferasirox,Deferasirox,Tenecteplase,Major
DDInter488,Deferasirox,DDInter1802,Ticagrelor,Deferasirox,Ticagrelor,Major
DDInter1804,Ticlopidine,DDInter488,Deferasirox,Deferasirox,Ticlopidine,Major
DDInter488,Deferasirox,DDInter1812,Tinzaparin,Deferasirox,Tinzaparin,Major
DDInter1818,Tirofiban,DDInter488,Deferasirox,Deferasirox,Tirofiban,Major
DDInter1852,Treprostinil,DDInter488,Deferasirox,Deferasirox,Treprostinil,Major
DDInter1905,Urokinase,DDInter488,Deferasirox,Deferasirox,Urokinase,Major
DDInter488,Deferasirox,DDInter1945,Vorapaxar,Deferasirox,Vorapaxar,Major
DDInter1951,Warfarin,DDInter488,Deferasirox,Deferasirox,Warfarin,Major
DDInter975,Iron,DDInter489,Deferiprone,Deferiprone,Iron,Moderate
DDInter631,Eltrombopag,DDInter489,Deferiprone,Deferiprone,Eltrombopag,Moderate
DDInter489,Deferiprone,DDInter725,Ferrous fumarate,Deferiprone,Ferrous fumarate,Moderate
DDInter489,Deferiprone,DDInter726,Ferrous gluconate,Deferiprone,Ferrous gluconate,Moderate
DDInter489,Deferiprone,DDInter1114,Magnesium chloride,Deferiprone,Magnesium chloride,Moderate
DDInter489,Deferiprone,DDInter1115,Magnesium citrate,Deferiprone,Magnesium citrate,Moderate
DDInter1120,Magnesium sulfate,DDInter489,Deferiprone,Deferiprone,Magnesium sulfate,Moderate
DDInter98,Anisindione,DDInter491,Defibrotide,Anisindione,Defibrotide,Major
DDInter99,Anistreplase,DDInter491,Defibrotide,Anistreplase,Defibrotide,Major
DDInter115,Ardeparin,DDInter491,Defibrotide,Ardeparin,Defibrotide,Major
DDInter117,Argatroban,DDInter491,Defibrotide,Argatroban,Defibrotide,Major
DDInter241,Bromfenac,DDInter491,Defibrotide,Bromfenac,Defibrotide,Moderate
DDInter491,Defibrotide,DDInter291,Capsicum,Capsicum,Defibrotide,Minor
DDInter491,Defibrotide,DDInter347,Chamomile,Chamomile,Defibrotide,Minor
DDInter491,Defibrotide,DDInter417,Clove,Clove,Defibrotide,Minor
DDInter491,Defibrotide,DDInter471,Danaparoid,Danaparoid,Defibrotide,Major
DDInter491,Defibrotide,DDInter505,Desirudin,Defibrotide,Desirudin,Major
DDInter491,Defibrotide,DDInter511,Desvenlafaxine,Defibrotide,Desvenlafaxine,Moderate
DDInter518,Dexfenfluramine,DDInter491,Defibrotide,Defibrotide,Dexfenfluramine,Moderate
DDInter538,Diclofenac (ophthalmic),DDInter491,Defibrotide,Defibrotide,Diclofenac (ophthalmic),Moderate
DDInter542,Dicoumarol,DDInter491,Defibrotide,Defibrotide,Dicoumarol,Major
DDInter551,Diflunisal,DDInter491,Defibrotide,Defibrotide,Diflunisal,Moderate
DDInter573,Dipyridamole,DDInter491,Defibrotide,Defibrotide,Dipyridamole,Major
DDInter605,Drotrecogin alfa,DDInter491,Defibrotide,Defibrotide,Drotrecogin alfa,Major
DDInter608,Duloxetine,DDInter491,Defibrotide,Defibrotide,Duloxetine,Moderate
DDInter491,Defibrotide,DDInter621,Edoxaban,Defibrotide,Edoxaban,Major
DDInter645,Enoxaparin,DDInter491,Defibrotide,Defibrotide,Enoxaparin,Major
DDInter657,Epoprostenol,DDInter491,Defibrotide,Defibrotide,Epoprostenol,Moderate
DDInter659,Eptifibatide,DDInter491,Defibrotide,Defibrotide,Eptifibatide,Major
DDInter672,Escitalopram,DDInter491,Defibrotide,Defibrotide,Escitalopram,Moderate
DDInter699,Etodolac,DDInter491,Defibrotide,Defibrotide,Etodolac,Moderate
DDInter491,Defibrotide,DDInter714,Fedratinib,Defibrotide,Fedratinib,Major
DDInter717,Fenfluramine,DDInter491,Defibrotide,Defibrotide,Fenfluramine,Moderate
DDInter721,Fenoprofen,DDInter491,Defibrotide,Defibrotide,Fenoprofen,Moderate
DDInter758,Fluoxetine,DDInter491,Defibrotide,Defibrotide,Fluoxetine,Moderate
DDInter763,Flurbiprofen,DDInter491,Defibrotide,Defibrotide,Flurbiprofen,Moderate
DDInter764,Flurbiprofen (ophthalmic),DDInter491,Defibrotide,Defibrotide,Flurbiprofen (ophthalmic),Moderate
DDInter491,Defibrotide,DDInter808,Garlic,Defibrotide,Garlic,Moderate
DDInter819,Ginkgo biloba,DDInter491,Defibrotide,Defibrotide,Ginkgo biloba,Moderate
DDInter820,Ginseng,DDInter491,Defibrotide,Defibrotide,Ginseng,Moderate
DDInter855,Hemin,DDInter491,Defibrotide,Defibrotide,Hemin,Moderate
DDInter856,Heparin,DDInter491,Defibrotide,Defibrotide,Heparin,Major
DDInter898,Ibritumomab tiuxetan,DDInter491,Defibrotide,Defibrotide,Ibritumomab tiuxetan,Major
DDInter491,Defibrotide,DDInter899,Ibrutinib,Defibrotide,Ibrutinib,Major
DDInter903,Icosapent,DDInter491,Defibrotide,Defibrotide,Icosapent,Moderate
DDInter908,Iloprost,DDInter491,Defibrotide,Defibrotide,Iloprost,Moderate
DDInter921,Indomethacin,DDInter491,Defibrotide,Defibrotide,Indomethacin,Moderate
DDInter491,Defibrotide,DDInter926,Inotersen,Defibrotide,Inotersen,Major
DDInter1839,Tositumomab (I-131),DDInter491,Defibrotide,Defibrotide,Tositumomab (I-131),Major
DDInter1009,Ketoprofen,DDInter491,Defibrotide,Defibrotide,Ketoprofen,Moderate
DDInter1037,Lepirudin,DDInter491,Defibrotide,Defibrotide,Lepirudin,Major
DDInter491,Defibrotide,DDInter1059,Levomilnacipran,Defibrotide,Levomilnacipran,Moderate
DDInter1135,Meclofenamic acid,DDInter491,Defibrotide,Defibrotide,Meclofenamic acid,Moderate
DDInter1139,Mefenamic acid,DDInter491,Defibrotide,Defibrotide,Mefenamic acid,Moderate
DDInter1143,Meloxicam,DDInter491,Defibrotide,Defibrotide,Meloxicam,Moderate
DDInter1215,Mifepristone,DDInter491,Defibrotide,Defibrotide,Mifepristone,Major
DDInter1220,Milnacipran,DDInter491,Defibrotide,Defibrotide,Milnacipran,Moderate
DDInter1254,Nabumetone,DDInter491,Defibrotide,Defibrotide,Nabumetone,Moderate
DDInter1266,Naproxen,DDInter491,Defibrotide,Defibrotide,Naproxen,Moderate
DDInter491,Defibrotide,DDInter1280,Nepafenac (ophthalmic),Defibrotide,Nepafenac (ophthalmic),Moderate
DDInter491,Defibrotide,DDInter1296,Nintedanib,Defibrotide,Nintedanib,Moderate
DDInter491,Defibrotide,DDInter1297,Niraparib,Defibrotide,Niraparib,Moderate
DDInter1335,Omacetaxine mepesuccinate,DDInter491,Defibrotide,Defibrotide,Omacetaxine mepesuccinate,Major
DDInter491,Defibrotide,DDInter1387,Panobinostat,Defibrotide,Panobinostat,Major
DDInter1397,Paroxetine,DDInter491,Defibrotide,Defibrotide,Paroxetine,Moderate
DDInter1424,Pentosan polysulfate,DDInter491,Defibrotide,Defibrotide,Pentosan polysulfate,Moderate
DDInter1426,Pentoxifylline,DDInter491,Defibrotide,Defibrotide,Pentoxifylline,Moderate
DDInter1451,Phenylbutazone,DDInter491,Defibrotide,Defibrotide,Phenylbutazone,Moderate
DDInter1478,Piroxicam,DDInter491,Defibrotide,Defibrotide,Piroxicam,Moderate
DDInter491,Defibrotide,DDInter1492,Ponatinib,Defibrotide,Ponatinib,Major
DDInter491,Defibrotide,DDInter1508,Prasugrel,Defibrotide,Prasugrel,Major
DDInter491,Defibrotide,DDInter1566,Ramucirumab,Defibrotide,Ramucirumab,Major
DDInter491,Defibrotide,DDInter1576,Regorafenib,Defibrotide,Regorafenib,Major
DDInter1585,Reteplase,DDInter491,Defibrotide,Defibrotide,Reteplase,Major
DDInter491,Defibrotide,DDInter1609,Rivaroxaban,Defibrotide,Rivaroxaban,Major
DDInter1613,Rofecoxib,DDInter491,Defibrotide,Defibrotide,Rofecoxib,Moderate
DDInter491,Defibrotide,DDInter1659,Selumetinib,Defibrotide,Selumetinib,Moderate
DDInter1662,Sertraline,DDInter491,Defibrotide,Defibrotide,Sertraline,Moderate
DDInter1665,Sibutramine,DDInter491,Defibrotide,Defibrotide,Sibutramine,Moderate
DDInter1712,Streptokinase,DDInter491,Defibrotide,Defibrotide,Streptokinase,Major
DDInter1726,Sulfinpyrazone,DDInter491,Defibrotide,Defibrotide,Sulfinpyrazone,Major
DDInter1729,Sulindac,DDInter491,Defibrotide,Defibrotide,Sulindac,Moderate
DDInter1732,Suprofen (ophthalmic),DDInter491,Defibrotide,Defibrotide,Suprofen (ophthalmic),Moderate
DDInter1764,Tenecteplase,DDInter491,Defibrotide,Defibrotide,Tenecteplase,Major
DDInter491,Defibrotide,DDInter1802,Ticagrelor,Defibrotide,Ticagrelor,Major
DDInter1804,Ticlopidine,DDInter491,Defibrotide,Defibrotide,Ticlopidine,Major
DDInter491,Defibrotide,DDInter1812,Tinzaparin,Defibrotide,Tinzaparin,Major
DDInter1817,Tipranavir,DDInter491,Defibrotide,Defibrotide,Tipranavir,Major
DDInter1818,Tirofiban,DDInter491,Defibrotide,Defibrotide,Tirofiban,Major
DDInter1831,Tolmetin,DDInter491,Defibrotide,Defibrotide,Tolmetin,Moderate
DDInter1838,Tositumomab,DDInter491,Defibrotide,Defibrotide,Tositumomab,Major
DDInter1852,Treprostinil,DDInter491,Defibrotide,Defibrotide,Treprostinil,Moderate
DDInter491,Defibrotide,DDInter1892,Turmeric,Defibrotide,Turmeric,Minor
DDInter1905,Urokinase,DDInter491,Defibrotide,Defibrotide,Urokinase,Major
DDInter1910,Valdecoxib,DDInter491,Defibrotide,Defibrotide,Valdecoxib,Moderate
DDInter1927,Venlafaxine,DDInter491,Defibrotide,Defibrotide,Venlafaxine,Moderate
DDInter1929,Verteporfin,DDInter491,Defibrotide,Defibrotide,Verteporfin,Moderate
DDInter491,Defibrotide,DDInter1935,Vilazodone,Defibrotide,Vilazodone,Moderate
DDInter1943,Vitamin E,DDInter491,Defibrotide,Defibrotide,Vitamin E,Moderate
DDInter491,Defibrotide,DDInter1945,Vorapaxar,Defibrotide,Vorapaxar,Major
DDInter491,Defibrotide,DDInter1948,Vortioxetine,Defibrotide,Vortioxetine,Moderate
DDInter1951,Warfarin,DDInter491,Defibrotide,Defibrotide,Warfarin,Major
DDInter491,Defibrotide,DDInter1959,Zanubrutinib,Defibrotide,Zanubrutinib,Major
DDInter505,Desirudin,DDInter492,Deflazacort,Deflazacort,Desirudin,Major
DDInter542,Dicoumarol,DDInter492,Deflazacort,Deflazacort,Dicoumarol,Moderate
DDInter1115,Magnesium citrate,DDInter492,Deflazacort,Deflazacort,Magnesium citrate,Moderate
DDInter1120,Magnesium sulfate,DDInter492,Deflazacort,Deflazacort,Magnesium sulfate,Moderate
DDInter1951,Warfarin,DDInter492,Deflazacort,Deflazacort,Warfarin,Moderate
DDInter492,Deflazacort,DDInter1964,Zinc chloride,Deflazacort,Zinc chloride,Minor
DDInter493,Degarelix,DDInter1115,Magnesium citrate,Degarelix,Magnesium citrate,Moderate
DDInter975,Iron,DDInter495,Delafloxacin,Delafloxacin,Iron,Moderate
DDInter495,Delafloxacin,DDInter725,Ferrous fumarate,Delafloxacin,Ferrous fumarate,Moderate
DDInter495,Delafloxacin,DDInter726,Ferrous gluconate,Delafloxacin,Ferrous gluconate,Moderate
DDInter1114,Magnesium chloride,DDInter495,Delafloxacin,Delafloxacin,Magnesium chloride,Moderate
DDInter1115,Magnesium citrate,DDInter495,Delafloxacin,Delafloxacin,Magnesium citrate,Moderate
DDInter1120,Magnesium sulfate,DDInter495,Delafloxacin,Delafloxacin,Magnesium sulfate,Moderate
DDInter495,Delafloxacin,DDInter1964,Zinc chloride,Delafloxacin,Zinc chloride,Moderate
DDInter542,Dicoumarol,DDInter496,Delavirdine,Delavirdine,Dicoumarol,Moderate
DDInter496,Delavirdine,DDInter1106,Lusutrombopag,Delavirdine,Lusutrombopag,Moderate
DDInter496,Delavirdine,DDInter1609,Rivaroxaban,Delavirdine,Rivaroxaban,Moderate
DDInter496,Delavirdine,DDInter1683,Sodium bicarbonate,Delavirdine,Sodium bicarbonate,Moderate
DDInter496,Delavirdine,DDInter1802,Ticagrelor,Delavirdine,Ticagrelor,Major
DDInter496,Delavirdine,DDInter1945,Vorapaxar,Delavirdine,Vorapaxar,Major
DDInter1951,Warfarin,DDInter496,Delavirdine,Delavirdine,Warfarin,Moderate
DDInter99,Anistreplase,DDInter501,Deoxycholic acid,Anistreplase,Deoxycholic acid,Moderate
DDInter117,Argatroban,DDInter501,Deoxycholic acid,Argatroban,Deoxycholic acid,Moderate
DDInter501,Deoxycholic acid,DDInter471,Danaparoid,Danaparoid,Deoxycholic acid,Moderate
DDInter501,Deoxycholic acid,DDInter505,Desirudin,Deoxycholic acid,Desirudin,Moderate
DDInter542,Dicoumarol,DDInter501,Deoxycholic acid,Deoxycholic acid,Dicoumarol,Moderate
DDInter573,Dipyridamole,DDInter501,Deoxycholic acid,Deoxycholic acid,Dipyridamole,Moderate
DDInter501,Deoxycholic acid,DDInter621,Edoxaban,Deoxycholic acid,Edoxaban,Moderate
DDInter645,Enoxaparin,DDInter501,Deoxycholic acid,Deoxycholic acid,Enoxaparin,Moderate
DDInter657,Epoprostenol,DDInter501,Deoxycholic acid,Deoxycholic acid,Epoprostenol,Moderate
DDInter659,Eptifibatide,DDInter501,Deoxycholic acid,Deoxycholic acid,Eptifibatide,Moderate
DDInter856,Heparin,DDInter501,Deoxycholic acid,Deoxycholic acid,Heparin,Moderate
DDInter908,Iloprost,DDInter501,Deoxycholic acid,Deoxycholic acid,Iloprost,Moderate
DDInter1037,Lepirudin,DDInter501,Deoxycholic acid,Deoxycholic acid,Lepirudin,Moderate
DDInter501,Deoxycholic acid,DDInter1508,Prasugrel,Deoxycholic acid,Prasugrel,Moderate
DDInter1585,Reteplase,DDInter501,Deoxycholic acid,Deoxycholic acid,Reteplase,Moderate
DDInter501,Deoxycholic acid,DDInter1609,Rivaroxaban,Deoxycholic acid,Rivaroxaban,Moderate
DDInter1712,Streptokinase,DDInter501,Deoxycholic acid,Deoxycholic acid,Streptokinase,Moderate
DDInter1764,Tenecteplase,DDInter501,Deoxycholic acid,Deoxycholic acid,Tenecteplase,Moderate
DDInter501,Deoxycholic acid,DDInter1802,Ticagrelor,Deoxycholic acid,Ticagrelor,Moderate
DDInter1804,Ticlopidine,DDInter501,Deoxycholic acid,Deoxycholic acid,Ticlopidine,Moderate
DDInter501,Deoxycholic acid,DDInter1812,Tinzaparin,Deoxycholic acid,Tinzaparin,Moderate
DDInter1818,Tirofiban,DDInter501,Deoxycholic acid,Deoxycholic acid,Tirofiban,Moderate
DDInter1852,Treprostinil,DDInter501,Deoxycholic acid,Deoxycholic acid,Treprostinil,Moderate
DDInter1905,Urokinase,DDInter501,Deoxycholic acid,Deoxycholic acid,Urokinase,Moderate
DDInter501,Deoxycholic acid,DDInter1945,Vorapaxar,Deoxycholic acid,Vorapaxar,Moderate
DDInter1951,Warfarin,DDInter501,Deoxycholic acid,Deoxycholic acid,Warfarin,Moderate
DDInter504,Desipramine,DDInter80,Ammonium chloride,Ammonium chloride,Desipramine,Minor
DDInter542,Dicoumarol,DDInter504,Desipramine,Desipramine,Dicoumarol,Moderate
DDInter1497,Potassium chloride,DDInter504,Desipramine,Desipramine,Potassium chloride,Major
DDInter1951,Warfarin,DDInter504,Desipramine,Desipramine,Warfarin,Moderate
DDInter98,Anisindione,DDInter505,Desirudin,Anisindione,Desirudin,Major
DDInter99,Anistreplase,DDInter505,Desirudin,Anistreplase,Desirudin,Major
DDInter115,Ardeparin,DDInter505,Desirudin,Ardeparin,Desirudin,Major
DDInter117,Argatroban,DDInter505,Desirudin,Argatroban,Desirudin,Major
DDInter215,Bismuth subsalicylate,DDInter505,Desirudin,Bismuth subsalicylate,Desirudin,Moderate
DDInter241,Bromfenac,DDInter505,Desirudin,Bromfenac,Desirudin,Major
DDInter417,Clove,DDInter505,Desirudin,Clove,Desirudin,Minor
DDInter471,Danaparoid,DDInter505,Desirudin,Danaparoid,Desirudin,Major
DDInter511,Desvenlafaxine,DDInter505,Desirudin,Desirudin,Desvenlafaxine,Moderate
DDInter518,Dexfenfluramine,DDInter505,Desirudin,Desirudin,Dexfenfluramine,Moderate
DDInter523,Dextran (-1),DDInter505,Desirudin,Desirudin,Dextran (-1),Major
DDInter524,Dextran (high molecular weight),DDInter505,Desirudin,Desirudin,Dextran (high molecular weight),Major
DDInter525,Dextran (low molecular weight),DDInter505,Desirudin,Desirudin,Dextran (low molecular weight),Major
DDInter538,Diclofenac (ophthalmic),DDInter505,Desirudin,Desirudin,Diclofenac (ophthalmic),Moderate
DDInter542,Dicoumarol,DDInter505,Desirudin,Desirudin,Dicoumarol,Major
DDInter551,Diflunisal,DDInter505,Desirudin,Desirudin,Diflunisal,Major
DDInter573,Dipyridamole,DDInter505,Desirudin,Desirudin,Dipyridamole,Major
DDInter605,Drotrecogin alfa,DDInter505,Desirudin,Desirudin,Drotrecogin alfa,Major
DDInter608,Duloxetine,DDInter505,Desirudin,Desirudin,Duloxetine,Moderate
DDInter621,Edoxaban,DDInter505,Desirudin,Desirudin,Edoxaban,Major
DDInter645,Enoxaparin,DDInter505,Desirudin,Desirudin,Enoxaparin,Major
DDInter657,Epoprostenol,DDInter505,Desirudin,Desirudin,Epoprostenol,Moderate
DDInter659,Eptifibatide,DDInter505,Desirudin,Desirudin,Eptifibatide,Major
DDInter672,Escitalopram,DDInter505,Desirudin,Desirudin,Escitalopram,Moderate
DDInter699,Etodolac,DDInter505,Desirudin,Desirudin,Etodolac,Major
DDInter505,Desirudin,DDInter714,Fedratinib,Desirudin,Fedratinib,Major
DDInter717,Fenfluramine,DDInter505,Desirudin,Desirudin,Fenfluramine,Moderate
DDInter721,Fenoprofen,DDInter505,Desirudin,Desirudin,Fenoprofen,Major
DDInter758,Fluoxetine,DDInter505,Desirudin,Desirudin,Fluoxetine,Moderate
DDInter763,Flurbiprofen,DDInter505,Desirudin,Desirudin,Flurbiprofen,Major
DDInter764,Flurbiprofen (ophthalmic),DDInter505,Desirudin,Desirudin,Flurbiprofen (ophthalmic),Moderate
DDInter856,Heparin,DDInter505,Desirudin,Desirudin,Heparin,Major
DDInter899,Ibrutinib,DDInter505,Desirudin,Desirudin,Ibrutinib,Major
DDInter903,Icosapent,DDInter505,Desirudin,Desirudin,Icosapent,Moderate
DDInter908,Iloprost,DDInter505,Desirudin,Desirudin,Iloprost,Moderate
DDInter921,Indomethacin,DDInter505,Desirudin,Desirudin,Indomethacin,Major
DDInter505,Desirudin,DDInter926,Inotersen,Desirudin,Inotersen,Major
DDInter969,Ipilimumab,DDInter505,Desirudin,Desirudin,Ipilimumab,Major
DDInter1009,Ketoprofen,DDInter505,Desirudin,Desirudin,Ketoprofen,Major
DDInter1037,Lepirudin,DDInter505,Desirudin,Desirudin,Lepirudin,Major
DDInter1059,Levomilnacipran,DDInter505,Desirudin,Desirudin,Levomilnacipran,Moderate
DDInter1135,Meclofenamic acid,DDInter505,Desirudin,Desirudin,Meclofenamic acid,Major
DDInter1139,Mefenamic acid,DDInter505,Desirudin,Desirudin,Mefenamic acid,Major
DDInter1143,Meloxicam,DDInter505,Desirudin,Desirudin,Meloxicam,Major
DDInter1191,Methylprednisolone,DDInter505,Desirudin,Desirudin,Methylprednisolone,Major
DDInter1215,Mifepristone,DDInter505,Desirudin,Desirudin,Mifepristone,Major
DDInter1220,Milnacipran,DDInter505,Desirudin,Desirudin,Milnacipran,Moderate
DDInter1254,Nabumetone,DDInter505,Desirudin,Desirudin,Nabumetone,Major
DDInter1266,Naproxen,DDInter505,Desirudin,Desirudin,Naproxen,Major
DDInter1280,Nepafenac (ophthalmic),DDInter505,Desirudin,Desirudin,Nepafenac (ophthalmic),Moderate
DDInter1296,Nintedanib,DDInter505,Desirudin,Desirudin,Nintedanib,Moderate
DDInter505,Desirudin,DDInter1297,Niraparib,Desirudin,Niraparib,Moderate
DDInter1335,Omacetaxine mepesuccinate,DDInter505,Desirudin,Desirudin,Omacetaxine mepesuccinate,Major
DDInter1387,Panobinostat,DDInter505,Desirudin,Desirudin,Panobinostat,Major
DDInter1397,Paroxetine,DDInter505,Desirudin,Desirudin,Paroxetine,Moderate
DDInter1426,Pentoxifylline,DDInter505,Desirudin,Desirudin,Pentoxifylline,Moderate
DDInter1451,Phenylbutazone,DDInter505,Desirudin,Desirudin,Phenylbutazone,Major
DDInter1478,Piroxicam,DDInter505,Desirudin,Desirudin,Piroxicam,Major
DDInter1492,Ponatinib,DDInter505,Desirudin,Desirudin,Ponatinib,Major
DDInter1508,Prasugrel,DDInter505,Desirudin,Desirudin,Prasugrel,Major
DDInter1513,Prednisolone,DDInter505,Desirudin,Desirudin,Prednisolone,Major
DDInter1515,Prednisone,DDInter505,Desirudin,Desirudin,Prednisone,Major
DDInter505,Desirudin,DDInter1542,Protein C,Desirudin,Protein C,Moderate
DDInter1566,Ramucirumab,DDInter505,Desirudin,Desirudin,Ramucirumab,Major
DDInter1576,Regorafenib,DDInter505,Desirudin,Desirudin,Regorafenib,Major
DDInter1585,Reteplase,DDInter505,Desirudin,Desirudin,Reteplase,Major
DDInter1609,Rivaroxaban,DDInter505,Desirudin,Desirudin,Rivaroxaban,Major
DDInter1637,Salsalate,DDInter505,Desirudin,Desirudin,Salsalate,Moderate
DDInter505,Desirudin,DDInter1659,Selumetinib,Desirudin,Selumetinib,Moderate
DDInter1662,Sertraline,DDInter505,Desirudin,Desirudin,Sertraline,Moderate
DDInter1665,Sibutramine,DDInter505,Desirudin,Desirudin,Sibutramine,Moderate
DDInter953,Iodide I-123,DDInter505,Desirudin,Desirudin,Iodide I-123,Moderate
DDInter954,Iodide I-131,DDInter505,Desirudin,Desirudin,Iodide I-131,Moderate
DDInter1633,Salicylic acid (sodium),DDInter505,Desirudin,Desirudin,Salicylic acid (sodium),Moderate
DDInter1712,Streptokinase,DDInter505,Desirudin,Desirudin,Streptokinase,Major
DDInter1719,Sugammadex,DDInter505,Desirudin,Desirudin,Sugammadex,Moderate
DDInter1726,Sulfinpyrazone,DDInter505,Desirudin,Desirudin,Sulfinpyrazone,Major
DDInter1729,Sulindac,DDInter505,Desirudin,Desirudin,Sulindac,Major
DDInter1731,Sunitinib,DDInter505,Desirudin,Desirudin,Sunitinib,Moderate
DDInter1732,Suprofen (ophthalmic),DDInter505,Desirudin,Desirudin,Suprofen (ophthalmic),Moderate
DDInter1763,Temsirolimus,DDInter505,Desirudin,Desirudin,Temsirolimus,Major
DDInter1764,Tenecteplase,DDInter505,Desirudin,Desirudin,Tenecteplase,Major
DDInter1802,Ticagrelor,DDInter505,Desirudin,Desirudin,Ticagrelor,Moderate
DDInter1804,Ticlopidine,DDInter505,Desirudin,Desirudin,Ticlopidine,Major
DDInter1812,Tinzaparin,DDInter505,Desirudin,Desirudin,Tinzaparin,Major
DDInter1818,Tirofiban,DDInter505,Desirudin,Desirudin,Tirofiban,Major
DDInter1831,Tolmetin,DDInter505,Desirudin,Desirudin,Tolmetin,Major
DDInter1852,Treprostinil,DDInter505,Desirudin,Desirudin,Treprostinil,Moderate
DDInter1905,Urokinase,DDInter505,Desirudin,Desirudin,Urokinase,Major
DDInter1927,Venlafaxine,DDInter505,Desirudin,Desirudin,Venlafaxine,Moderate
DDInter1935,Vilazodone,DDInter505,Desirudin,Desirudin,Vilazodone,Moderate
DDInter1943,Vitamin E,DDInter505,Desirudin,Desirudin,Vitamin E,Moderate
DDInter1945,Vorapaxar,DDInter505,Desirudin,Desirudin,Vorapaxar,Major
DDInter1948,Vortioxetine,DDInter505,Desirudin,Desirudin,Vortioxetine,Moderate
DDInter1951,Warfarin,DDInter505,Desirudin,Desirudin,Warfarin,Major
DDInter505,Desirudin,DDInter1959,Zanubrutinib,Desirudin,Zanubrutinib,Major
DDInter99,Anistreplase,DDInter511,Desvenlafaxine,Anistreplase,Desvenlafaxine,Moderate
DDInter117,Argatroban,DDInter511,Desvenlafaxine,Argatroban,Desvenlafaxine,Moderate
DDInter511,Desvenlafaxine,DDInter471,Danaparoid,Danaparoid,Desvenlafaxine,Moderate
DDInter542,Dicoumarol,DDInter511,Desvenlafaxine,Desvenlafaxine,Dicoumarol,Moderate
DDInter573,Dipyridamole,DDInter511,Desvenlafaxine,Desvenlafaxine,Dipyridamole,Moderate
DDInter605,Drotrecogin alfa,DDInter511,Desvenlafaxine,Desvenlafaxine,Drotrecogin alfa,Moderate
DDInter511,Desvenlafaxine,DDInter621,Edoxaban,Desvenlafaxine,Edoxaban,Moderate
DDInter645,Enoxaparin,DDInter511,Desvenlafaxine,Desvenlafaxine,Enoxaparin,Moderate
DDInter653,Epinephrine (ophthalmic),DDInter511,Desvenlafaxine,Desvenlafaxine,Epinephrine (ophthalmic),Moderate
DDInter654,Epinephrine (topical),DDInter511,Desvenlafaxine,Desvenlafaxine,Epinephrine (topical),Moderate
DDInter657,Epoprostenol,DDInter511,Desvenlafaxine,Desvenlafaxine,Epoprostenol,Moderate
DDInter659,Eptifibatide,DDInter511,Desvenlafaxine,Desvenlafaxine,Eptifibatide,Moderate
DDInter856,Heparin,DDInter511,Desvenlafaxine,Desvenlafaxine,Heparin,Moderate
DDInter908,Iloprost,DDInter511,Desvenlafaxine,Desvenlafaxine,Iloprost,Moderate
DDInter1037,Lepirudin,DDInter511,Desvenlafaxine,Desvenlafaxine,Lepirudin,Moderate
DDInter1123,Mannitol,DDInter511,Desvenlafaxine,Desvenlafaxine,Mannitol,Moderate
DDInter1508,Prasugrel,DDInter511,Desvenlafaxine,Desvenlafaxine,Prasugrel,Moderate
DDInter1585,Reteplase,DDInter511,Desvenlafaxine,Desvenlafaxine,Reteplase,Moderate
DDInter1609,Rivaroxaban,DDInter511,Desvenlafaxine,Desvenlafaxine,Rivaroxaban,Moderate
DDInter1712,Streptokinase,DDInter511,Desvenlafaxine,Desvenlafaxine,Streptokinase,Moderate
DDInter1764,Tenecteplase,DDInter511,Desvenlafaxine,Desvenlafaxine,Tenecteplase,Moderate
DDInter511,Desvenlafaxine,DDInter1802,Ticagrelor,Desvenlafaxine,Ticagrelor,Moderate
DDInter1804,Ticlopidine,DDInter511,Desvenlafaxine,Desvenlafaxine,Ticlopidine,Moderate
DDInter511,Desvenlafaxine,DDInter1812,Tinzaparin,Desvenlafaxine,Tinzaparin,Moderate
DDInter1818,Tirofiban,DDInter511,Desvenlafaxine,Desvenlafaxine,Tirofiban,Moderate
DDInter1852,Treprostinil,DDInter511,Desvenlafaxine,Desvenlafaxine,Treprostinil,Moderate
DDInter1903,Urea,DDInter511,Desvenlafaxine,Desvenlafaxine,Urea,Moderate
DDInter1905,Urokinase,DDInter511,Desvenlafaxine,Desvenlafaxine,Urokinase,Moderate
DDInter511,Desvenlafaxine,DDInter1945,Vorapaxar,Desvenlafaxine,Vorapaxar,Moderate
DDInter1951,Warfarin,DDInter511,Desvenlafaxine,Desvenlafaxine,Warfarin,Moderate
DDInter1115,Magnesium citrate,DDInter512,Deutetrabenazine,Deutetrabenazine,Magnesium citrate,Moderate
DDInter526,Dextroamphetamine,DDInter80,Ammonium chloride,Ammonium chloride,Dextroamphetamine,Moderate
DDInter526,Dextroamphetamine,DDInter1681,Sodium acetate,Dextroamphetamine,Sodium acetate,Moderate
DDInter1683,Sodium bicarbonate,DDInter526,Dextroamphetamine,Dextroamphetamine,Sodium bicarbonate,Moderate
DDInter526,Dextroamphetamine,DDInter1883,Tromethamine,Dextroamphetamine,Tromethamine,Moderate
DDInter975,Iron,DDInter519,Dexlansoprazole,Dexlansoprazole,Iron,Moderate
DDInter542,Dicoumarol,DDInter519,Dexlansoprazole,Dexlansoprazole,Dicoumarol,Moderate
DDInter519,Dexlansoprazole,DDInter725,Ferrous fumarate,Dexlansoprazole,Ferrous fumarate,Moderate
DDInter519,Dexlansoprazole,DDInter726,Ferrous gluconate,Dexlansoprazole,Ferrous gluconate,Moderate
DDInter1136,Mecobalamin,DDInter519,Dexlansoprazole,Dexlansoprazole,Mecobalamin,Minor
DDInter1277,Neomycin,DDInter519,Dexlansoprazole,Dexlansoprazole,Neomycin,Moderate
DDInter519,Dexlansoprazole,DDInter1508,Prasugrel,Dexlansoprazole,Prasugrel,Minor
DDInter1951,Warfarin,DDInter519,Dexlansoprazole,Dexlansoprazole,Warfarin,Moderate
DDInter542,Dicoumarol,DDInter521,Dexmethylphenidate,Dexmethylphenidate,Dicoumarol,Minor
DDInter1951,Warfarin,DDInter521,Dexmethylphenidate,Dexmethylphenidate,Warfarin,Minor
DDInter1497,Potassium chloride,DDInter1533,Promethazine,Potassium chloride,Promethazine,Major
DDInter534,Diazepam,DDInter1683,Sodium bicarbonate,Diazepam,Sodium bicarbonate,Minor
DDInter535,Diazoxide,DDInter657,Epoprostenol,Diazoxide,Epoprostenol,Moderate
DDInter908,Iloprost,DDInter535,Diazoxide,Diazoxide,Iloprost,Moderate
DDInter535,Diazoxide,DDInter1656,Selexipag,Diazoxide,Selexipag,Moderate
DDInter1852,Treprostinil,DDInter535,Diazoxide,Diazoxide,Treprostinil,Moderate
DDInter540,Diclofenamide,DDInter657,Epoprostenol,Diclofenamide,Epoprostenol,Moderate
DDInter908,Iloprost,DDInter540,Diclofenamide,Diclofenamide,Iloprost,Moderate
DDInter540,Diclofenamide,DDInter1115,Magnesium citrate,Diclofenamide,Magnesium citrate,Moderate
DDInter540,Diclofenamide,DDInter1656,Selexipag,Diclofenamide,Selexipag,Moderate
DDInter1852,Treprostinil,DDInter540,Diclofenamide,Diclofenamide,Treprostinil,Moderate
DDInter600,Doxylamine,DDInter1497,Potassium chloride,Doxylamine,Potassium chloride,Major
DDInter1231,Misoprostol,DDInter1683,Sodium bicarbonate,Misoprostol,Sodium bicarbonate,Minor
DDInter99,Anistreplase,DDInter538,Diclofenac (ophthalmic),Anistreplase,Diclofenac (ophthalmic),Moderate
DDInter117,Argatroban,DDInter538,Diclofenac (ophthalmic),Argatroban,Diclofenac (ophthalmic),Moderate
DDInter538,Diclofenac (ophthalmic),DDInter471,Danaparoid,Danaparoid,Diclofenac (ophthalmic),Moderate
DDInter542,Dicoumarol,DDInter538,Diclofenac (ophthalmic),Diclofenac (ophthalmic),Dicoumarol,Moderate
DDInter605,Drotrecogin alfa,DDInter538,Diclofenac (ophthalmic),Diclofenac (ophthalmic),Drotrecogin alfa,Moderate
DDInter538,Diclofenac (ophthalmic),DDInter621,Edoxaban,Diclofenac (ophthalmic),Edoxaban,Moderate
DDInter538,Diclofenac (ophthalmic),DDInter645,Enoxaparin,Diclofenac (ophthalmic),Enoxaparin,Moderate
DDInter538,Diclofenac (ophthalmic),DDInter657,Epoprostenol,Diclofenac (ophthalmic),Epoprostenol,Moderate
DDInter659,Eptifibatide,DDInter538,Diclofenac (ophthalmic),Diclofenac (ophthalmic),Eptifibatide,Moderate
DDInter538,Diclofenac (ophthalmic),DDInter856,Heparin,Diclofenac (ophthalmic),Heparin,Moderate
DDInter538,Diclofenac (ophthalmic),DDInter908,Iloprost,Diclofenac (ophthalmic),Iloprost,Moderate
DDInter1037,Lepirudin,DDInter538,Diclofenac (ophthalmic),Diclofenac (ophthalmic),Lepirudin,Moderate
DDInter538,Diclofenac (ophthalmic),DDInter1508,Prasugrel,Diclofenac (ophthalmic),Prasugrel,Moderate
DDInter1585,Reteplase,DDInter538,Diclofenac (ophthalmic),Diclofenac (ophthalmic),Reteplase,Moderate
DDInter538,Diclofenac (ophthalmic),DDInter1609,Rivaroxaban,Diclofenac (ophthalmic),Rivaroxaban,Moderate
DDInter1712,Streptokinase,DDInter538,Diclofenac (ophthalmic),Diclofenac (ophthalmic),Streptokinase,Moderate
DDInter1764,Tenecteplase,DDInter538,Diclofenac (ophthalmic),Diclofenac (ophthalmic),Tenecteplase,Moderate
DDInter538,Diclofenac (ophthalmic),DDInter1802,Ticagrelor,Diclofenac (ophthalmic),Ticagrelor,Moderate
DDInter1804,Ticlopidine,DDInter538,Diclofenac (ophthalmic),Diclofenac (ophthalmic),Ticlopidine,Moderate
DDInter538,Diclofenac (ophthalmic),DDInter1812,Tinzaparin,Diclofenac (ophthalmic),Tinzaparin,Moderate
DDInter538,Diclofenac (ophthalmic),DDInter1818,Tirofiban,Diclofenac (ophthalmic),Tirofiban,Moderate
DDInter1852,Treprostinil,DDInter538,Diclofenac (ophthalmic),Diclofenac (ophthalmic),Treprostinil,Moderate
DDInter1905,Urokinase,DDInter538,Diclofenac (ophthalmic),Diclofenac (ophthalmic),Urokinase,Moderate
DDInter538,Diclofenac (ophthalmic),DDInter1945,Vorapaxar,Diclofenac (ophthalmic),Vorapaxar,Moderate
DDInter538,Diclofenac (ophthalmic),DDInter1951,Warfarin,Diclofenac (ophthalmic),Warfarin,Moderate
DDInter1497,Potassium chloride,DDInter543,Dicyclomine,Dicyclomine,Potassium chloride,Major
DDInter544,Didanosine,DDInter631,Eltrombopag,Didanosine,Eltrombopag,Moderate
DDInter554,Digoxin,DDInter272,Calcium chloride,Calcium chloride,Digoxin,Major
DDInter554,Digoxin,DDInter657,Epoprostenol,Digoxin,Epoprostenol,Minor
DDInter554,Digoxin,DDInter856,Heparin,Digoxin,Heparin,Minor
DDInter554,Digoxin,DDInter1123,Mannitol,Digoxin,Mannitol,Moderate
DDInter554,Digoxin,DDInter1277,Neomycin,Digoxin,Neomycin,Minor
DDInter554,Digoxin,DDInter1683,Sodium bicarbonate,Digoxin,Sodium bicarbonate,Minor
DDInter554,Digoxin,DDInter1802,Ticagrelor,Digoxin,Ticagrelor,Moderate
DDInter1804,Ticlopidine,DDInter554,Digoxin,Digoxin,Ticlopidine,Minor
DDInter557,Dihydroergotamine,DDInter653,Epinephrine (ophthalmic),Dihydroergotamine,Epinephrine (ophthalmic),Major
DDInter557,Dihydroergotamine,DDInter654,Epinephrine (topical),Dihydroergotamine,Epinephrine (topical),Major
DDInter557,Dihydroergotamine,DDInter1802,Ticagrelor,Dihydroergotamine,Ticagrelor,Moderate
DDInter975,Iron,DDInter563,Dimercaprol,Dimercaprol,Iron,Major
DDInter563,Dimercaprol,DDInter725,Ferrous fumarate,Dimercaprol,Ferrous fumarate,Major
DDInter563,Dimercaprol,DDInter726,Ferrous gluconate,Dimercaprol,Ferrous gluconate,Major
DDInter563,Dimercaprol,DDInter978,Iron sucrose,Dimercaprol,Iron sucrose,Major
DDInter567,Dinoprostone (topical),DDInter1903,Urea,Dinoprostone (topical),Urea,Major
DDInter1497,Potassium chloride,DDInter569,Diphenhydramine,Diphenhydramine,Potassium chloride,Major
DDInter573,Dipyridamole,DDInter98,Anisindione,Anisindione,Dipyridamole,Moderate
DDInter99,Anistreplase,DDInter573,Dipyridamole,Anistreplase,Dipyridamole,Moderate
DDInter241,Bromfenac,DDInter573,Dipyridamole,Bromfenac,Dipyridamole,Moderate
DDInter573,Dipyridamole,DDInter347,Chamomile,Chamomile,Dipyridamole,Minor
DDInter542,Dicoumarol,DDInter573,Dipyridamole,Dicoumarol,Dipyridamole,Moderate
DDInter551,Diflunisal,DDInter573,Dipyridamole,Diflunisal,Dipyridamole,Moderate
DDInter605,Drotrecogin alfa,DDInter573,Dipyridamole,Dipyridamole,Drotrecogin alfa,Major
DDInter608,Duloxetine,DDInter573,Dipyridamole,Dipyridamole,Duloxetine,Moderate
DDInter573,Dipyridamole,DDInter657,Epoprostenol,Dipyridamole,Epoprostenol,Moderate
DDInter573,Dipyridamole,DDInter672,Escitalopram,Dipyridamole,Escitalopram,Moderate
DDInter699,Etodolac,DDInter573,Dipyridamole,Dipyridamole,Etodolac,Moderate
DDInter717,Fenfluramine,DDInter573,Dipyridamole,Dipyridamole,Fenfluramine,Moderate
DDInter721,Fenoprofen,DDInter573,Dipyridamole,Dipyridamole,Fenoprofen,Moderate
DDInter758,Fluoxetine,DDInter573,Dipyridamole,Dipyridamole,Fluoxetine,Moderate
DDInter764,Flurbiprofen (ophthalmic),DDInter573,Dipyridamole,Dipyridamole,Flurbiprofen (ophthalmic),Moderate
DDInter573,Dipyridamole,DDInter856,Heparin,Dipyridamole,Heparin,Minor
DDInter898,Ibritumomab tiuxetan,DDInter573,Dipyridamole,Dipyridamole,Ibritumomab tiuxetan,Major
DDInter903,Icosapent,DDInter573,Dipyridamole,Dipyridamole,Icosapent,Moderate
DDInter921,Indomethacin,DDInter573,Dipyridamole,Dipyridamole,Indomethacin,Moderate
DDInter1839,Tositumomab (I-131),DDInter573,Dipyridamole,Dipyridamole,Tositumomab (I-131),Major
DDInter573,Dipyridamole,DDInter1009,Ketoprofen,Dipyridamole,Ketoprofen,Moderate
DDInter1135,Meclofenamic acid,DDInter573,Dipyridamole,Dipyridamole,Meclofenamic acid,Moderate
DDInter573,Dipyridamole,DDInter1220,Milnacipran,Dipyridamole,Milnacipran,Moderate
DDInter1254,Nabumetone,DDInter573,Dipyridamole,Dipyridamole,Nabumetone,Moderate
DDInter1266,Naproxen,DDInter573,Dipyridamole,Dipyridamole,Naproxen,Moderate
DDInter573,Dipyridamole,DDInter1280,Nepafenac (ophthalmic),Dipyridamole,Nepafenac (ophthalmic),Moderate
DDInter573,Dipyridamole,DDInter1335,Omacetaxine mepesuccinate,Dipyridamole,Omacetaxine mepesuccinate,Major
DDInter573,Dipyridamole,DDInter1387,Panobinostat,Dipyridamole,Panobinostat,Major
DDInter1397,Paroxetine,DDInter573,Dipyridamole,Dipyridamole,Paroxetine,Moderate
DDInter1404,Pegaspargase,DDInter573,Dipyridamole,Dipyridamole,Pegaspargase,Moderate
DDInter1424,Pentosan polysulfate,DDInter573,Dipyridamole,Dipyridamole,Pentosan polysulfate,Moderate
DDInter1478,Piroxicam,DDInter573,Dipyridamole,Dipyridamole,Piroxicam,Moderate
DDInter573,Dipyridamole,DDInter1492,Ponatinib,Dipyridamole,Ponatinib,Major
DDInter573,Dipyridamole,DDInter1566,Ramucirumab,Dipyridamole,Ramucirumab,Major
DDInter1585,Reteplase,DDInter573,Dipyridamole,Dipyridamole,Reteplase,Moderate
DDInter573,Dipyridamole,DDInter1609,Rivaroxaban,Dipyridamole,Rivaroxaban,Major
DDInter1712,Streptokinase,DDInter573,Dipyridamole,Dipyridamole,Streptokinase,Moderate
DDInter1729,Sulindac,DDInter573,Dipyridamole,Dipyridamole,Sulindac,Moderate
DDInter1764,Tenecteplase,DDInter573,Dipyridamole,Dipyridamole,Tenecteplase,Moderate
DDInter573,Dipyridamole,DDInter1812,Tinzaparin,Dipyridamole,Tinzaparin,Major
DDInter1817,Tipranavir,DDInter573,Dipyridamole,Dipyridamole,Tipranavir,Major
DDInter1831,Tolmetin,DDInter573,Dipyridamole,Dipyridamole,Tolmetin,Moderate
DDInter1838,Tositumomab,DDInter573,Dipyridamole,Dipyridamole,Tositumomab,Major
DDInter573,Dipyridamole,DDInter1892,Turmeric,Dipyridamole,Turmeric,Minor
DDInter1905,Urokinase,DDInter573,Dipyridamole,Dipyridamole,Urokinase,Moderate
DDInter1927,Venlafaxine,DDInter573,Dipyridamole,Dipyridamole,Venlafaxine,Moderate
DDInter1929,Verteporfin,DDInter573,Dipyridamole,Dipyridamole,Verteporfin,Moderate
DDInter573,Dipyridamole,DDInter1935,Vilazodone,Dipyridamole,Vilazodone,Moderate
DDInter573,Dipyridamole,DDInter1948,Vortioxetine,Dipyridamole,Vortioxetine,Moderate
DDInter1951,Warfarin,DDInter573,Dipyridamole,Dipyridamole,Warfarin,Moderate
DDInter573,Dipyridamole,DDInter1959,Zanubrutinib,Dipyridamole,Zanubrutinib,Major
DDInter1166,Methadone,DDInter80,Ammonium chloride,Ammonium chloride,Methadone,Minor
DDInter1166,Methadone,DDInter1115,Magnesium citrate,Magnesium citrate,Methadone,Moderate
DDInter1166,Methadone,DDInter1508,Prasugrel,Methadone,Prasugrel,Moderate
DDInter1166,Methadone,DDInter1802,Ticagrelor,Methadone,Ticagrelor,Moderate
DDInter542,Dicoumarol,DDInter575,Disopyramide,Dicoumarol,Disopyramide,Minor
DDInter575,Disopyramide,DDInter1115,Magnesium citrate,Disopyramide,Magnesium citrate,Moderate
DDInter575,Disopyramide,DDInter1497,Potassium chloride,Disopyramide,Potassium chloride,Major
DDInter575,Disopyramide,DDInter1951,Warfarin,Disopyramide,Warfarin,Minor
DDInter542,Dicoumarol,DDInter576,Disulfiram,Dicoumarol,Disulfiram,Moderate
DDInter1951,Warfarin,DDInter576,Disulfiram,Disulfiram,Warfarin,Moderate
DDInter542,Dicoumarol,DDInter1913,Valproic acid,Dicoumarol,Valproic acid,Moderate
DDInter1913,Valproic acid,DDInter1656,Selexipag,Selexipag,Valproic acid,Moderate
DDInter1913,Valproic acid,DDInter1683,Sodium bicarbonate,Sodium bicarbonate,Valproic acid,Minor
DDInter1913,Valproic acid,DDInter1951,Warfarin,Valproic acid,Warfarin,Moderate
DDInter578,Docetaxel,DDInter1802,Ticagrelor,Docetaxel,Ticagrelor,Moderate
DDInter580,Dofetilide,DDInter1115,Magnesium citrate,Dofetilide,Magnesium citrate,Moderate
DDInter580,Dofetilide,DDInter1802,Ticagrelor,Dofetilide,Ticagrelor,Moderate
DDInter581,Dolasetron,DDInter1115,Magnesium citrate,Dolasetron,Magnesium citrate,Moderate
DDInter542,Dicoumarol,DDInter1183,Methyl salicylate (topical),Dicoumarol,Methyl salicylate (topical),Moderate
DDInter1951,Warfarin,DDInter1183,Methyl salicylate (topical),Methyl salicylate (topical),Warfarin,Moderate
DDInter1804,Ticlopidine,DDInter583,Donepezil,Donepezil,Ticlopidine,Minor
DDInter1802,Ticagrelor,DDInter585,Doravirine,Doravirine,Ticagrelor,Minor
DDInter1810,Timolol (ophthalmic),DDInter1802,Ticagrelor,Ticagrelor,Timolol (ophthalmic),Minor
DDInter592,Doxazosin,DDInter657,Epoprostenol,Doxazosin,Epoprostenol,Moderate
DDInter592,Doxazosin,DDInter908,Iloprost,Doxazosin,Iloprost,Moderate
DDInter592,Doxazosin,DDInter1656,Selexipag,Doxazosin,Selexipag,Moderate
DDInter1852,Treprostinil,DDInter592,Doxazosin,Doxazosin,Treprostinil,Moderate
DDInter593,Doxepin,DDInter80,Ammonium chloride,Ammonium chloride,Doxepin,Minor
DDInter542,Dicoumarol,DDInter593,Doxepin,Dicoumarol,Doxepin,Moderate
DDInter1497,Potassium chloride,DDInter593,Doxepin,Doxepin,Potassium chloride,Major
DDInter1951,Warfarin,DDInter593,Doxepin,Doxepin,Warfarin,Moderate
DDInter594,Doxepin (topical),DDInter80,Ammonium chloride,Ammonium chloride,Doxepin (topical),Minor
DDInter542,Dicoumarol,DDInter594,Doxepin (topical),Dicoumarol,Doxepin (topical),Moderate
DDInter1497,Potassium chloride,DDInter594,Doxepin (topical),Doxepin (topical),Potassium chloride,Major
DDInter1951,Warfarin,DDInter594,Doxepin (topical),Doxepin (topical),Warfarin,Moderate
DDInter595,Doxercalciferol,DDInter1114,Magnesium chloride,Doxercalciferol,Magnesium chloride,Moderate
DDInter595,Doxercalciferol,DDInter1115,Magnesium citrate,Doxercalciferol,Magnesium citrate,Moderate
DDInter1120,Magnesium sulfate,DDInter595,Doxercalciferol,Doxercalciferol,Magnesium sulfate,Moderate
DDInter595,Doxercalciferol,DDInter978,Iron sucrose,Doxercalciferol,Iron sucrose,Moderate
DDInter1951,Warfarin,DDInter596,Doxorubicin,Doxorubicin,Warfarin,Minor
DDInter542,Dicoumarol,DDInter602,Dronedarone,Dicoumarol,Dronedarone,Moderate
DDInter602,Dronedarone,DDInter621,Edoxaban,Dronedarone,Edoxaban,Major
DDInter602,Dronedarone,DDInter1106,Lusutrombopag,Dronedarone,Lusutrombopag,Moderate
DDInter602,Dronedarone,DDInter1115,Magnesium citrate,Dronedarone,Magnesium citrate,Moderate
DDInter602,Dronedarone,DDInter1609,Rivaroxaban,Dronedarone,Rivaroxaban,Moderate
DDInter602,Dronedarone,DDInter1802,Ticagrelor,Dronedarone,Ticagrelor,Moderate
DDInter1951,Warfarin,DDInter602,Dronedarone,Dronedarone,Warfarin,Moderate
DDInter603,Droperidol,DDInter1115,Magnesium citrate,Droperidol,Magnesium citrate,Moderate
DDInter603,Droperidol,DDInter1123,Mannitol,Droperidol,Mannitol,Major
DDInter856,Heparin,DDInter604,Drospirenone,Drospirenone,Heparin,Moderate
DDInter604,Drospirenone,DDInter1495,Potassium acetate,Drospirenone,Potassium acetate,Moderate
DDInter1497,Potassium chloride,DDInter604,Drospirenone,Drospirenone,Potassium chloride,Moderate
DDInter1844,Tranexamic acid,DDInter604,Drospirenone,Drospirenone,Tranexamic acid,Major
DDInter653,Epinephrine (ophthalmic),DDInter606,Droxidopa,Droxidopa,Epinephrine (ophthalmic),Moderate
DDInter654,Epinephrine (topical),DDInter606,Droxidopa,Droxidopa,Epinephrine (topical),Moderate
DDInter99,Anistreplase,DDInter608,Duloxetine,Anistreplase,Duloxetine,Moderate
DDInter117,Argatroban,DDInter608,Duloxetine,Argatroban,Duloxetine,Moderate
DDInter608,Duloxetine,DDInter471,Danaparoid,Danaparoid,Duloxetine,Moderate
DDInter542,Dicoumarol,DDInter608,Duloxetine,Dicoumarol,Duloxetine,Moderate
DDInter605,Drotrecogin alfa,DDInter608,Duloxetine,Drotrecogin alfa,Duloxetine,Moderate
DDInter608,Duloxetine,DDInter621,Edoxaban,Duloxetine,Edoxaban,Moderate
DDInter608,Duloxetine,DDInter645,Enoxaparin,Duloxetine,Enoxaparin,Moderate
DDInter608,Duloxetine,DDInter653,Epinephrine (ophthalmic),Duloxetine,Epinephrine (ophthalmic),Moderate
DDInter608,Duloxetine,DDInter654,Epinephrine (topical),Duloxetine,Epinephrine (topical),Moderate
DDInter608,Duloxetine,DDInter657,Epoprostenol,Duloxetine,Epoprostenol,Moderate
DDInter659,Eptifibatide,DDInter608,Duloxetine,Duloxetine,Eptifibatide,Moderate
DDInter608,Duloxetine,DDInter856,Heparin,Duloxetine,Heparin,Moderate
DDInter608,Duloxetine,DDInter908,Iloprost,Duloxetine,Iloprost,Moderate
DDInter1037,Lepirudin,DDInter608,Duloxetine,Duloxetine,Lepirudin,Moderate
DDInter608,Duloxetine,DDInter1123,Mannitol,Duloxetine,Mannitol,Moderate
DDInter608,Duloxetine,DDInter1508,Prasugrel,Duloxetine,Prasugrel,Moderate
DDInter1585,Reteplase,DDInter608,Duloxetine,Duloxetine,Reteplase,Moderate
DDInter608,Duloxetine,DDInter1609,Rivaroxaban,Duloxetine,Rivaroxaban,Moderate
DDInter608,Duloxetine,DDInter1683,Sodium bicarbonate,Duloxetine,Sodium bicarbonate,Minor
DDInter1712,Streptokinase,DDInter608,Duloxetine,Duloxetine,Streptokinase,Moderate
DDInter1764,Tenecteplase,DDInter608,Duloxetine,Duloxetine,Tenecteplase,Moderate
DDInter608,Duloxetine,DDInter1802,Ticagrelor,Duloxetine,Ticagrelor,Moderate
DDInter1804,Ticlopidine,DDInter608,Duloxetine,Duloxetine,Ticlopidine,Moderate
DDInter608,Duloxetine,DDInter1812,Tinzaparin,Duloxetine,Tinzaparin,Moderate
DDInter608,Duloxetine,DDInter1818,Tirofiban,Duloxetine,Tirofiban,Moderate
DDInter1852,Treprostinil,DDInter608,Duloxetine,Duloxetine,Treprostinil,Moderate
DDInter608,Duloxetine,DDInter1903,Urea,Duloxetine,Urea,Moderate
DDInter1905,Urokinase,DDInter608,Duloxetine,Duloxetine,Urokinase,Moderate
DDInter608,Duloxetine,DDInter1945,Vorapaxar,Duloxetine,Vorapaxar,Moderate
DDInter608,Duloxetine,DDInter1951,Warfarin,Duloxetine,Warfarin,Moderate
DDInter1951,Warfarin,DDInter609,Dupilumab,Dupilumab,Warfarin,Moderate
DDInter609,Dupilumab,DDInter1964,Zinc chloride,Dupilumab,Zinc chloride,Minor
DDInter610,Durvalumab,DDInter1964,Zinc chloride,Durvalumab,Zinc chloride,Minor
DDInter611,Dutasteride,DDInter1802,Ticagrelor,Dutasteride,Ticagrelor,Moderate
DDInter1745,Tamsulosin,DDInter657,Epoprostenol,Epoprostenol,Tamsulosin,Moderate
DDInter1745,Tamsulosin,DDInter785,Fostamatinib,Fostamatinib,Tamsulosin,Moderate
DDInter1745,Tamsulosin,DDInter908,Iloprost,Iloprost,Tamsulosin,Moderate
DDInter1745,Tamsulosin,DDInter1656,Selexipag,Selexipag,Tamsulosin,Moderate
DDInter1852,Treprostinil,DDInter1745,Tamsulosin,Tamsulosin,Treprostinil,Moderate
DDInter1951,Warfarin,DDInter1745,Tamsulosin,Tamsulosin,Warfarin,Minor
DDInter1609,Rivaroxaban,DDInter612,Duvelisib,Duvelisib,Rivaroxaban,Moderate
DDInter1656,Selexipag,DDInter612,Duvelisib,Duvelisib,Selexipag,Moderate
DDInter1802,Ticagrelor,DDInter612,Duvelisib,Duvelisib,Ticagrelor,Moderate
DDInter1951,Warfarin,DDInter612,Duvelisib,Duvelisib,Warfarin,Moderate
DDInter1224,Minocycline,DDInter272,Calcium chloride,Calcium chloride,Minocycline,Moderate
DDInter1224,Minocycline,DDInter975,Iron,Iron,Minocycline,Moderate
DDInter542,Dicoumarol,DDInter1224,Minocycline,Dicoumarol,Minocycline,Moderate
DDInter1224,Minocycline,DDInter725,Ferrous fumarate,Ferrous fumarate,Minocycline,Moderate
DDInter1224,Minocycline,DDInter726,Ferrous gluconate,Ferrous gluconate,Minocycline,Moderate
DDInter1224,Minocycline,DDInter1114,Magnesium chloride,Magnesium chloride,Minocycline,Moderate
DDInter1224,Minocycline,DDInter1115,Magnesium citrate,Magnesium citrate,Minocycline,Moderate
DDInter1120,Magnesium sulfate,DDInter1224,Minocycline,Magnesium sulfate,Minocycline,Moderate
DDInter1123,Mannitol,DDInter1224,Minocycline,Mannitol,Minocycline,Minor
DDInter1224,Minocycline,DDInter1681,Sodium acetate,Minocycline,Sodium acetate,Moderate
DDInter1224,Minocycline,DDInter1683,Sodium bicarbonate,Minocycline,Sodium bicarbonate,Moderate
DDInter1224,Minocycline,DDInter978,Iron sucrose,Iron sucrose,Minocycline,Moderate
DDInter1224,Minocycline,DDInter1883,Tromethamine,Minocycline,Tromethamine,Moderate
DDInter1951,Warfarin,DDInter1224,Minocycline,Minocycline,Warfarin,Moderate
DDInter1224,Minocycline,DDInter1964,Zinc chloride,Minocycline,Zinc chloride,Moderate
DDInter993,Isradipine,DDInter272,Calcium chloride,Calcium chloride,Isradipine,Moderate
DDInter993,Isradipine,DDInter657,Epoprostenol,Epoprostenol,Isradipine,Moderate
DDInter993,Isradipine,DDInter785,Fostamatinib,Fostamatinib,Isradipine,Moderate
DDInter993,Isradipine,DDInter908,Iloprost,Iloprost,Isradipine,Moderate
DDInter993,Isradipine,DDInter1120,Magnesium sulfate,Isradipine,Magnesium sulfate,Moderate
DDInter993,Isradipine,DDInter1656,Selexipag,Isradipine,Selexipag,Moderate
DDInter993,Isradipine,DDInter1802,Ticagrelor,Isradipine,Ticagrelor,Minor
DDInter993,Isradipine,DDInter1852,Treprostinil,Isradipine,Treprostinil,Moderate
DDInter542,Dicoumarol,DDInter617,Econazole (topical),Dicoumarol,Econazole (topical),Moderate
DDInter1951,Warfarin,DDInter617,Econazole (topical),Econazole (topical),Warfarin,Moderate
DDInter98,Anisindione,DDInter621,Edoxaban,Anisindione,Edoxaban,Major
DDInter99,Anistreplase,DDInter621,Edoxaban,Anistreplase,Edoxaban,Major
DDInter115,Ardeparin,DDInter621,Edoxaban,Ardeparin,Edoxaban,Major
DDInter117,Argatroban,DDInter621,Edoxaban,Argatroban,Edoxaban,Major
DDInter192,Bepridil,DDInter621,Edoxaban,Bepridil,Edoxaban,Major
DDInter215,Bismuth subsalicylate,DDInter621,Edoxaban,Bismuth subsalicylate,Edoxaban,Moderate
DDInter221,Boceprevir,DDInter621,Edoxaban,Boceprevir,Edoxaban,Major
DDInter241,Bromfenac,DDInter621,Edoxaban,Bromfenac,Edoxaban,Major
DDInter621,Edoxaban,DDInter291,Capsicum,Capsicum,Edoxaban,Minor
DDInter621,Edoxaban,DDInter347,Chamomile,Chamomile,Edoxaban,Minor
DDInter621,Edoxaban,DDInter417,Clove,Clove,Edoxaban,Minor
DDInter621,Edoxaban,DDInter422,Coagulation factor X human,Coagulation factor X human,Edoxaban,Moderate
DDInter471,Danaparoid,DDInter621,Edoxaban,Danaparoid,Edoxaban,Major
DDInter518,Dexfenfluramine,DDInter621,Edoxaban,Dexfenfluramine,Edoxaban,Moderate
DDInter621,Edoxaban,DDInter523,Dextran (-1),Dextran (-1),Edoxaban,Major
DDInter621,Edoxaban,DDInter524,Dextran (high molecular weight),Dextran (high molecular weight),Edoxaban,Major
DDInter621,Edoxaban,DDInter525,Dextran (low molecular weight),Dextran (low molecular weight),Edoxaban,Major
DDInter542,Dicoumarol,DDInter621,Edoxaban,Dicoumarol,Edoxaban,Major
DDInter551,Diflunisal,DDInter621,Edoxaban,Diflunisal,Edoxaban,Major
DDInter605,Drotrecogin alfa,DDInter621,Edoxaban,Drotrecogin alfa,Edoxaban,Major
DDInter621,Edoxaban,DDInter625,Elagolix,Edoxaban,Elagolix,Major
DDInter629,Eliglustat,DDInter621,Edoxaban,Edoxaban,Eliglustat,Major
DDInter621,Edoxaban,DDInter640,Encorafenib,Edoxaban,Encorafenib,Moderate
DDInter645,Enoxaparin,DDInter621,Edoxaban,Edoxaban,Enoxaparin,Major
DDInter649,Enzalutamide,DDInter621,Edoxaban,Edoxaban,Enzalutamide,Moderate
DDInter657,Epoprostenol,DDInter621,Edoxaban,Edoxaban,Epoprostenol,Major
DDInter659,Eptifibatide,DDInter621,Edoxaban,Edoxaban,Eptifibatide,Major
DDInter621,Edoxaban,DDInter661,Erdafitinib,Edoxaban,Erdafitinib,Moderate
DDInter670,Erythromycin,DDInter621,Edoxaban,Edoxaban,Erythromycin,Major
DDInter672,Escitalopram,DDInter621,Edoxaban,Edoxaban,Escitalopram,Moderate
DDInter699,Etodolac,DDInter621,Edoxaban,Edoxaban,Etodolac,Major
DDInter708,Ezogabine,DDInter621,Edoxaban,Edoxaban,Ezogabine,Major
DDInter621,Edoxaban,DDInter714,Fedratinib,Edoxaban,Fedratinib,Major
DDInter716,Felodipine,DDInter621,Edoxaban,Edoxaban,Felodipine,Major
DDInter717,Fenfluramine,DDInter621,Edoxaban,Edoxaban,Fenfluramine,Moderate
DDInter721,Fenoprofen,DDInter621,Edoxaban,Edoxaban,Fenoprofen,Major
DDInter741,Flibanserin,DDInter621,Edoxaban,Edoxaban,Flibanserin,Major
DDInter758,Fluoxetine,DDInter621,Edoxaban,Edoxaban,Fluoxetine,Moderate
DDInter763,Flurbiprofen,DDInter621,Edoxaban,Edoxaban,Flurbiprofen,Major
DDInter764,Flurbiprofen (ophthalmic),DDInter621,Edoxaban,Edoxaban,Flurbiprofen (ophthalmic),Moderate
DDInter621,Edoxaban,DDInter808,Garlic,Edoxaban,Garlic,Moderate
DDInter819,Ginkgo biloba,DDInter621,Edoxaban,Edoxaban,Ginkgo biloba,Moderate
DDInter820,Ginseng,DDInter621,Edoxaban,Edoxaban,Ginseng,Moderate
DDInter621,Edoxaban,DDInter822,Glasdegib,Edoxaban,Glasdegib,Moderate
DDInter855,Hemin,DDInter621,Edoxaban,Edoxaban,Hemin,Moderate
DDInter856,Heparin,DDInter621,Edoxaban,Edoxaban,Heparin,Major
DDInter898,Ibritumomab tiuxetan,DDInter621,Edoxaban,Edoxaban,Ibritumomab tiuxetan,Major
DDInter899,Ibrutinib,DDInter621,Edoxaban,Edoxaban,Ibrutinib,Major
DDInter903,Icosapent,DDInter621,Edoxaban,Edoxaban,Icosapent,Moderate
DDInter908,Iloprost,DDInter621,Edoxaban,Edoxaban,Iloprost,Major
DDInter921,Indomethacin,DDInter621,Edoxaban,Edoxaban,Indomethacin,Major
DDInter621,Edoxaban,DDInter926,Inotersen,Edoxaban,Inotersen,Major
DDInter1839,Tositumomab (I-131),DDInter621,Edoxaban,Edoxaban,Tositumomab (I-131),Major
DDInter969,Ipilimumab,DDInter621,Edoxaban,Edoxaban,Ipilimumab,Major
DDInter980,Isavuconazonium,DDInter621,Edoxaban,Edoxaban,Isavuconazonium,Moderate
DDInter995,Itraconazole,DDInter621,Edoxaban,Edoxaban,Itraconazole,Major
DDInter997,Ivacaftor,DDInter621,Edoxaban,Edoxaban,Ivacaftor,Major
DDInter1008,Ketoconazole,DDInter621,Edoxaban,Edoxaban,Ketoconazole,Major
DDInter1009,Ketoprofen,DDInter621,Edoxaban,Edoxaban,Ketoprofen,Major
DDInter1024,Lapatinib,DDInter621,Edoxaban,Edoxaban,Lapatinib,Major
DDInter621,Edoxaban,DDInter1027,Lasmiditan,Edoxaban,Lasmiditan,Major
DDInter1037,Lepirudin,DDInter621,Edoxaban,Edoxaban,Lepirudin,Major
DDInter1059,Levomilnacipran,DDInter621,Edoxaban,Edoxaban,Levomilnacipran,Moderate
DDInter1085,Lomitapide,DDInter621,Edoxaban,Edoxaban,Lomitapide,Major
DDInter1087,Lonafarnib,DDInter621,Edoxaban,Edoxaban,Lonafarnib,Moderate
DDInter621,Edoxaban,DDInter1094,Lorlatinib,Edoxaban,Lorlatinib,Moderate
DDInter1135,Meclofenamic acid,DDInter621,Edoxaban,Edoxaban,Meclofenamic acid,Major
DDInter1139,Mefenamic acid,DDInter621,Edoxaban,Edoxaban,Mefenamic acid,Major
DDInter1143,Meloxicam,DDInter621,Edoxaban,Edoxaban,Meloxicam,Major
DDInter1214,Midostaurin,DDInter621,Edoxaban,Edoxaban,Midostaurin,Major
DDInter1215,Mifepristone,DDInter621,Edoxaban,Edoxaban,Mifepristone,Major
DDInter1220,Milnacipran,DDInter621,Edoxaban,Edoxaban,Milnacipran,Moderate
DDInter1254,Nabumetone,DDInter621,Edoxaban,Edoxaban,Nabumetone,Major
DDInter1266,Naproxen,DDInter621,Edoxaban,Edoxaban,Naproxen,Major
DDInter1276,Nelfinavir,DDInter621,Edoxaban,Edoxaban,Nelfinavir,Major
DDInter1280,Nepafenac (ophthalmic),DDInter621,Edoxaban,Edoxaban,Nepafenac (ophthalmic),Moderate
DDInter621,Edoxaban,DDInter1281,Neratinib,Edoxaban,Neratinib,Major
DDInter1293,Nilotinib,DDInter621,Edoxaban,Edoxaban,Nilotinib,Major
DDInter621,Edoxaban,DDInter1296,Nintedanib,Edoxaban,Nintedanib,Moderate
DDInter621,Edoxaban,DDInter1297,Niraparib,Edoxaban,Niraparib,Moderate
DDInter1335,Omacetaxine mepesuccinate,DDInter621,Edoxaban,Edoxaban,Omacetaxine mepesuccinate,Major
DDInter1387,Panobinostat,DDInter621,Edoxaban,Edoxaban,Panobinostat,Major
DDInter1397,Paroxetine,DDInter621,Edoxaban,Edoxaban,Paroxetine,Moderate
DDInter1404,Pegaspargase,DDInter621,Edoxaban,Edoxaban,Pegaspargase,Moderate
DDInter1424,Pentosan polysulfate,DDInter621,Edoxaban,Edoxaban,Pentosan polysulfate,Moderate
DDInter1426,Pentoxifylline,DDInter621,Edoxaban,Edoxaban,Pentoxifylline,Moderate
DDInter1442,Phenobarbital,DDInter621,Edoxaban,Edoxaban,Phenobarbital,Moderate
DDInter1451,Phenylbutazone,DDInter621,Edoxaban,Edoxaban,Phenylbutazone,Major
DDInter1460,Phenytoin,DDInter621,Edoxaban,Edoxaban,Phenytoin,Moderate
DDInter1478,Piroxicam,DDInter621,Edoxaban,Edoxaban,Piroxicam,Major
DDInter621,Edoxaban,DDInter1480,Pitolisant,Edoxaban,Pitolisant,Moderate
DDInter1484,Plicamycin,DDInter621,Edoxaban,Edoxaban,Plicamycin,Major
DDInter1492,Ponatinib,DDInter621,Edoxaban,Edoxaban,Ponatinib,Major
DDInter1508,Prasugrel,DDInter621,Edoxaban,Edoxaban,Prasugrel,Major
DDInter1521,Primidone,DDInter621,Edoxaban,Edoxaban,Primidone,Moderate
DDInter1529,Progesterone,DDInter621,Edoxaban,Edoxaban,Progesterone,Major
DDInter621,Edoxaban,DDInter1542,Protein C,Edoxaban,Protein C,Moderate
DDInter1556,Quinidine,DDInter621,Edoxaban,Edoxaban,Quinidine,Major
DDInter1557,Quinine,DDInter621,Edoxaban,Edoxaban,Quinine,Major
DDInter1566,Ramucirumab,DDInter621,Edoxaban,Edoxaban,Ramucirumab,Major
DDInter1570,Ranolazine,DDInter621,Edoxaban,Edoxaban,Ranolazine,Major
DDInter1576,Regorafenib,DDInter621,Edoxaban,Edoxaban,Regorafenib,Major
DDInter1585,Reteplase,DDInter621,Edoxaban,Edoxaban,Reteplase,Major
DDInter1590,Rifampicin,DDInter621,Edoxaban,Edoxaban,Rifampicin,Major
DDInter1607,Ritonavir,DDInter621,Edoxaban,Edoxaban,Ritonavir,Major
DDInter1609,Rivaroxaban,DDInter621,Edoxaban,Edoxaban,Rivaroxaban,Major
DDInter1613,Rofecoxib,DDInter621,Edoxaban,Edoxaban,Rofecoxib,Moderate
DDInter621,Edoxaban,DDInter1615,Rolapitant,Edoxaban,Rolapitant,Major
DDInter1628,Ruxolitinib,DDInter621,Edoxaban,Edoxaban,Ruxolitinib,Major
DDInter1637,Salsalate,DDInter621,Edoxaban,Edoxaban,Salsalate,Moderate
DDInter1640,Saquinavir,DDInter621,Edoxaban,Edoxaban,Saquinavir,Major
DDInter621,Edoxaban,DDInter1641,Sarecycline,Edoxaban,Sarecycline,Major
DDInter621,Edoxaban,DDInter1659,Selumetinib,Edoxaban,Selumetinib,Moderate
DDInter1662,Sertraline,DDInter621,Edoxaban,Edoxaban,Sertraline,Moderate
DDInter1665,Sibutramine,DDInter621,Edoxaban,Edoxaban,Sibutramine,Moderate
DDInter1673,Simeprevir,DDInter621,Edoxaban,Edoxaban,Simeprevir,Major
DDInter621,Edoxaban,DDInter953,Iodide I-123,Edoxaban,Iodide I-123,Moderate
DDInter621,Edoxaban,DDInter954,Iodide I-131,Edoxaban,Iodide I-131,Moderate
DDInter1633,Salicylic acid (sodium),DDInter621,Edoxaban,Edoxaban,Salicylic acid (sodium),Moderate
DDInter1702,Sorafenib,DDInter621,Edoxaban,Edoxaban,Sorafenib,Major
DDInter1708,St. John's Wort,DDInter621,Edoxaban,Edoxaban,St. John's Wort,Moderate
DDInter1712,Streptokinase,DDInter621,Edoxaban,Edoxaban,Streptokinase,Major
DDInter1719,Sugammadex,DDInter621,Edoxaban,Edoxaban,Sugammadex,Moderate
DDInter1726,Sulfinpyrazone,DDInter621,Edoxaban,Edoxaban,Sulfinpyrazone,Major
DDInter1729,Sulindac,DDInter621,Edoxaban,Edoxaban,Sulindac,Major
DDInter1731,Sunitinib,DDInter621,Edoxaban,Edoxaban,Sunitinib,Moderate
DDInter1732,Suprofen (ophthalmic),DDInter621,Edoxaban,Edoxaban,Suprofen (ophthalmic),Moderate
DDInter1733,Suvorexant,DDInter621,Edoxaban,Edoxaban,Suvorexant,Major
DDInter1735,Tacrolimus,DDInter621,Edoxaban,Edoxaban,Tacrolimus,Major
DDInter1744,Tamoxifen,DDInter621,Edoxaban,Edoxaban,Tamoxifen,Major
DDInter621,Edoxaban,DDInter1750,Tazemetostat,Edoxaban,Tazemetostat,Major
DDInter1755,Telaprevir,DDInter621,Edoxaban,Edoxaban,Telaprevir,Major
DDInter1758,Telithromycin,DDInter621,Edoxaban,Edoxaban,Telithromycin,Major
DDInter1763,Temsirolimus,DDInter621,Edoxaban,Edoxaban,Temsirolimus,Major
DDInter1764,Tenecteplase,DDInter621,Edoxaban,Edoxaban,Tenecteplase,Major
DDInter1802,Ticagrelor,DDInter621,Edoxaban,Edoxaban,Ticagrelor,Major
DDInter1804,Ticlopidine,DDInter621,Edoxaban,Edoxaban,Ticlopidine,Major
DDInter1812,Tinzaparin,DDInter621,Edoxaban,Edoxaban,Tinzaparin,Major
DDInter1817,Tipranavir,DDInter621,Edoxaban,Edoxaban,Tipranavir,Major
DDInter1818,Tirofiban,DDInter621,Edoxaban,Edoxaban,Tirofiban,Major
DDInter1831,Tolmetin,DDInter621,Edoxaban,Edoxaban,Tolmetin,Major
DDInter1833,Tolvaptan,DDInter621,Edoxaban,Edoxaban,Tolvaptan,Moderate
DDInter1838,Tositumomab,DDInter621,Edoxaban,Edoxaban,Tositumomab,Major
DDInter1852,Treprostinil,DDInter621,Edoxaban,Edoxaban,Treprostinil,Major
DDInter621,Edoxaban,DDInter1891,Tucatinib,Edoxaban,Tucatinib,Major
DDInter621,Edoxaban,DDInter1892,Turmeric,Edoxaban,Turmeric,Minor
DDInter1897,Ulipristal,DDInter621,Edoxaban,Edoxaban,Ulipristal,Major
DDInter1905,Urokinase,DDInter621,Edoxaban,Edoxaban,Urokinase,Major
DDInter1910,Valdecoxib,DDInter621,Edoxaban,Edoxaban,Valdecoxib,Moderate
DDInter1925,Vemurafenib,DDInter621,Edoxaban,Edoxaban,Vemurafenib,Major
DDInter621,Edoxaban,DDInter1926,Venetoclax,Edoxaban,Venetoclax,Moderate
DDInter1927,Venlafaxine,DDInter621,Edoxaban,Edoxaban,Venlafaxine,Moderate
DDInter1929,Verteporfin,DDInter621,Edoxaban,Edoxaban,Verteporfin,Moderate
DDInter1935,Vilazodone,DDInter621,Edoxaban,Edoxaban,Vilazodone,Moderate
DDInter1943,Vitamin E,DDInter621,Edoxaban,Edoxaban,Vitamin E,Moderate
DDInter1945,Vorapaxar,DDInter621,Edoxaban,Edoxaban,Vorapaxar,Major
DDInter1948,Vortioxetine,DDInter621,Edoxaban,Edoxaban,Vortioxetine,Moderate
DDInter1951,Warfarin,DDInter621,Edoxaban,Edoxaban,Warfarin,Major
DDInter621,Edoxaban,DDInter1959,Zanubrutinib,Edoxaban,Zanubrutinib,Major
DDInter670,Erythromycin,DDInter542,Dicoumarol,Dicoumarol,Erythromycin,Major
DDInter670,Erythromycin,DDInter785,Fostamatinib,Erythromycin,Fostamatinib,Moderate
DDInter670,Erythromycin,DDInter1106,Lusutrombopag,Erythromycin,Lusutrombopag,Moderate
DDInter670,Erythromycin,DDInter1115,Magnesium citrate,Erythromycin,Magnesium citrate,Moderate
DDInter670,Erythromycin,DDInter1609,Rivaroxaban,Erythromycin,Rivaroxaban,Moderate
DDInter670,Erythromycin,DDInter1683,Sodium bicarbonate,Erythromycin,Sodium bicarbonate,Minor
DDInter670,Erythromycin,DDInter1802,Ticagrelor,Erythromycin,Ticagrelor,Moderate
DDInter670,Erythromycin,DDInter1951,Warfarin,Erythromycin,Warfarin,Major
DDInter624,Efavirenz,DDInter631,Eltrombopag,Efavirenz,Eltrombopag,Moderate
DDInter624,Efavirenz,DDInter1115,Magnesium citrate,Efavirenz,Magnesium citrate,Moderate
DDInter624,Efavirenz,DDInter1508,Prasugrel,Efavirenz,Prasugrel,Minor
DDInter624,Efavirenz,DDInter1609,Rivaroxaban,Efavirenz,Rivaroxaban,Moderate
DDInter1723,Sulfamethizole,DDInter624,Efavirenz,Efavirenz,Sulfamethizole,Moderate
DDInter624,Efavirenz,DDInter1802,Ticagrelor,Efavirenz,Ticagrelor,Moderate
DDInter624,Efavirenz,DDInter1951,Warfarin,Efavirenz,Warfarin,Moderate
DDInter625,Elagolix,DDInter1106,Lusutrombopag,Elagolix,Lusutrombopag,Moderate
DDInter1609,Rivaroxaban,DDInter625,Elagolix,Elagolix,Rivaroxaban,Moderate
DDInter1802,Ticagrelor,DDInter625,Elagolix,Elagolix,Ticagrelor,Moderate
DDInter626,Elbasvir,DDInter200,Betrixaban,Betrixaban,Elbasvir,Moderate
DDInter542,Dicoumarol,DDInter626,Elbasvir,Dicoumarol,Elbasvir,Moderate
DDInter631,Eltrombopag,DDInter841,Grazoprevir,Eltrombopag,Grazoprevir,Major
DDInter626,Elbasvir,DDInter1106,Lusutrombopag,Elbasvir,Lusutrombopag,Moderate
DDInter1802,Ticagrelor,DDInter841,Grazoprevir,Grazoprevir,Ticagrelor,Moderate
DDInter1951,Warfarin,DDInter626,Elbasvir,Elbasvir,Warfarin,Moderate
DDInter627,Eletriptan,DDInter1802,Ticagrelor,Eletriptan,Ticagrelor,Moderate
DDInter997,Ivacaftor,DDInter785,Fostamatinib,Fostamatinib,Ivacaftor,Moderate
DDInter997,Ivacaftor,DDInter1106,Lusutrombopag,Ivacaftor,Lusutrombopag,Moderate
DDInter1609,Rivaroxaban,DDInter997,Ivacaftor,Ivacaftor,Rivaroxaban,Moderate
DDInter1656,Selexipag,DDInter628,Elexacaftor,Elexacaftor,Selexipag,Moderate
DDInter1802,Ticagrelor,DDInter997,Ivacaftor,Ivacaftor,Ticagrelor,Moderate
DDInter1951,Warfarin,DDInter997,Ivacaftor,Ivacaftor,Warfarin,Moderate
DDInter629,Eliglustat,DDInter1106,Lusutrombopag,Eliglustat,Lusutrombopag,Moderate
DDInter1609,Rivaroxaban,DDInter629,Eliglustat,Eliglustat,Rivaroxaban,Moderate
DDInter1802,Ticagrelor,DDInter629,Eliglustat,Eliglustat,Ticagrelor,Moderate
DDInter1791,Theophylline,DDInter785,Fostamatinib,Fostamatinib,Theophylline,Moderate
DDInter1804,Ticlopidine,DDInter1791,Theophylline,Theophylline,Ticlopidine,Moderate
DDInter631,Eltrombopag,DDInter58,Aluminum hydroxide,Aluminum hydroxide,Eltrombopag,Moderate
DDInter631,Eltrombopag,DDInter122,Artesunate,Artesunate,Eltrombopag,Moderate
DDInter138,Attapulgite,DDInter631,Eltrombopag,Attapulgite,Eltrombopag,Moderate
DDInter631,Eltrombopag,DDInter170,Bedaquiline,Bedaquiline,Eltrombopag,Moderate
DDInter631,Eltrombopag,DDInter193,Berotralstat,Berotralstat,Eltrombopag,Major
DDInter631,Eltrombopag,DDInter221,Boceprevir,Boceprevir,Eltrombopag,Minor
DDInter631,Eltrombopag,DDInter271,Calcium carbonate,Calcium carbonate,Eltrombopag,Moderate
DDInter631,Eltrombopag,DDInter273,Calcium citrate,Calcium citrate,Eltrombopag,Moderate
DDInter631,Eltrombopag,DDInter274,Calcium glubionate anhydrous,Calcium glubionate anhydrous,Eltrombopag,Moderate
DDInter631,Eltrombopag,DDInter276,Calcium gluconate,Calcium gluconate,Eltrombopag,Moderate
DDInter631,Eltrombopag,DDInter277,Calcium glycerophosphate,Calcium glycerophosphate,Eltrombopag,Moderate
DDInter631,Eltrombopag,DDInter278,Calcium lactate,Calcium lactate,Eltrombopag,Moderate
DDInter975,Iron,DDInter631,Eltrombopag,Eltrombopag,Iron,Moderate
DDInter341,Cerivastatin,DDInter631,Eltrombopag,Cerivastatin,Eltrombopag,Moderate
DDInter631,Eltrombopag,DDInter374,Chromium picolinate,Chromium picolinate,Eltrombopag,Moderate
DDInter631,Eltrombopag,DDInter442,Copper gluconate,Copper gluconate,Eltrombopag,Moderate
DDInter631,Eltrombopag,DDInter614,Echinacea,Echinacea,Eltrombopag,Moderate
DDInter631,Eltrombopag,DDInter632,Eluxadoline,Eltrombopag,Eluxadoline,Major
DDInter631,Eltrombopag,DDInter639,Enasidenib,Eltrombopag,Enasidenib,Moderate
DDInter631,Eltrombopag,DDInter640,Encorafenib,Eltrombopag,Encorafenib,Moderate
DDInter631,Eltrombopag,DDInter648,Entrectinib,Eltrombopag,Entrectinib,Moderate
DDInter655,Epirubicin,DDInter631,Eltrombopag,Eltrombopag,Epirubicin,Moderate
DDInter631,Eltrombopag,DDInter1785,Tetraferric tricitrate decahydrate,Eltrombopag,Tetraferric tricitrate decahydrate,Moderate
DDInter631,Eltrombopag,DDInter725,Ferrous fumarate,Eltrombopag,Ferrous fumarate,Moderate
DDInter631,Eltrombopag,DDInter726,Ferrous gluconate,Eltrombopag,Ferrous gluconate,Moderate
DDInter631,Eltrombopag,DDInter727,Ferrous sulfate anhydrous,Eltrombopag,Ferrous sulfate anhydrous,Moderate
DDInter732,Fexofenadine,DDInter631,Eltrombopag,Eltrombopag,Fexofenadine,Moderate
DDInter769,Fluvastatin,DDInter631,Eltrombopag,Eltrombopag,Fluvastatin,Moderate
DDInter631,Eltrombopag,DDInter822,Glasdegib,Eltrombopag,Glasdegib,Moderate
DDInter831,Glyburide,DDInter631,Eltrombopag,Eltrombopag,Glyburide,Moderate
DDInter631,Eltrombopag,DDInter905,Idelalisib,Eltrombopag,Idelalisib,Moderate
DDInter909,Imatinib,DDInter631,Eltrombopag,Eltrombopag,Imatinib,Moderate
DDInter942,"Interferon alfa-2a, Recombinant",DDInter631,Eltrombopag,Eltrombopag,"Interferon alfa-2a, Recombinant",Major
DDInter943,Interferon alfa-2b,DDInter631,Eltrombopag,Eltrombopag,Interferon alfa-2b,Major
DDInter944,Interferon alfa-n1,DDInter631,Eltrombopag,Eltrombopag,Interferon alfa-n1,Major
DDInter946,Interferon alfacon-1,DDInter631,Eltrombopag,Eltrombopag,Interferon alfacon-1,Major
DDInter947,Interferon beta-1a,DDInter631,Eltrombopag,Eltrombopag,Interferon beta-1a,Moderate
DDInter948,Interferon beta-1b,DDInter631,Eltrombopag,Eltrombopag,Interferon beta-1b,Moderate
DDInter973,Irinotecan,DDInter631,Eltrombopag,Eltrombopag,Irinotecan,Moderate
DDInter974,Irinotecan (liposomal),DDInter631,Eltrombopag,Eltrombopag,Irinotecan (liposomal),Moderate
DDInter631,Eltrombopag,DDInter977,Iron protein succinylate,Eltrombopag,Iron protein succinylate,Moderate
DDInter1005,Kaolin,DDInter631,Eltrombopag,Eltrombopag,Kaolin,Moderate
DDInter1024,Lapatinib,DDInter631,Eltrombopag,Eltrombopag,Lapatinib,Moderate
DDInter631,Eltrombopag,DDInter1026,Larotrectinib,Eltrombopag,Larotrectinib,Moderate
DDInter631,Eltrombopag,DDInter1027,Lasmiditan,Eltrombopag,Lasmiditan,Moderate
DDInter1033,Leflunomide,DDInter631,Eltrombopag,Eltrombopag,Leflunomide,Major
DDInter631,Eltrombopag,DDInter1085,Lomitapide,Eltrombopag,Lomitapide,Major
DDInter631,Eltrombopag,DDInter1094,Lorlatinib,Eltrombopag,Lorlatinib,Moderate
DDInter1098,Lovastatin,DDInter631,Eltrombopag,Eltrombopag,Lovastatin,Moderate
DDInter1102,Lumateperone,DDInter631,Eltrombopag,Eltrombopag,Lumateperone,Moderate
DDInter631,Eltrombopag,DDInter1106,Lusutrombopag,Eltrombopag,Lusutrombopag,Moderate
DDInter631,Eltrombopag,DDInter1112,Magaldrate,Eltrombopag,Magaldrate,Moderate
DDInter631,Eltrombopag,DDInter1113,Magnesium carbonate,Eltrombopag,Magnesium carbonate,Moderate
DDInter631,Eltrombopag,DDInter1114,Magnesium chloride,Eltrombopag,Magnesium chloride,Moderate
DDInter631,Eltrombopag,DDInter1115,Magnesium citrate,Eltrombopag,Magnesium citrate,Moderate
DDInter631,Eltrombopag,DDInter1116,Magnesium gluconate,Eltrombopag,Magnesium gluconate,Moderate
DDInter631,Eltrombopag,DDInter1117,Magnesium glycinate,Eltrombopag,Magnesium glycinate,Moderate
DDInter631,Eltrombopag,DDInter1118,Magnesium hydroxide,Eltrombopag,Magnesium hydroxide,Moderate
DDInter1120,Magnesium sulfate,DDInter631,Eltrombopag,Eltrombopag,Magnesium sulfate,Moderate
DDInter1174,Methotrexate,DDInter631,Eltrombopag,Eltrombopag,Methotrexate,Moderate
DDInter631,Eltrombopag,DDInter1214,Midostaurin,Eltrombopag,Midostaurin,Moderate
DDInter1228,Mipomersen,DDInter631,Eltrombopag,Eltrombopag,Mipomersen,Major
DDInter1234,Mitoxantrone,DDInter631,Eltrombopag,Eltrombopag,Mitoxantrone,Moderate
DDInter1263,Naltrexone,DDInter631,Eltrombopag,Eltrombopag,Naltrexone,Moderate
DDInter631,Eltrombopag,DDInter1281,Neratinib,Eltrombopag,Neratinib,Moderate
DDInter631,Eltrombopag,DDInter1297,Niraparib,Eltrombopag,Niraparib,Moderate
DDInter631,Eltrombopag,DDInter1352,Osimertinib,Eltrombopag,Osimertinib,Moderate
DDInter1353,Ospemifene,DDInter631,Eltrombopag,Eltrombopag,Ospemifene,Moderate
DDInter631,Eltrombopag,DDInter1376,Ozanimod,Eltrombopag,Ozanimod,Major
DDInter1404,Pegaspargase,DDInter631,Eltrombopag,Eltrombopag,Pegaspargase,Moderate
DDInter1407,Peginterferon alfa-2a,DDInter631,Eltrombopag,Eltrombopag,Peginterferon alfa-2a,Major
DDInter1408,Peginterferon alfa-2b,DDInter631,Eltrombopag,Eltrombopag,Peginterferon alfa-2b,Major
DDInter631,Eltrombopag,DDInter1409,Peginterferon beta-1a,Eltrombopag,Peginterferon beta-1a,Moderate
DDInter631,Eltrombopag,DDInter1435,Pexidartinib,Eltrombopag,Pexidartinib,Major
DDInter631,Eltrombopag,DDInter1479,Pitavastatin,Eltrombopag,Pitavastatin,Moderate
DDInter1509,Pravastatin,DDInter631,Eltrombopag,Eltrombopag,Pravastatin,Moderate
DDInter631,Eltrombopag,DDInter1578,Remdesivir,Eltrombopag,Remdesivir,Moderate
DDInter1581,Repaglinide,DDInter631,Eltrombopag,Eltrombopag,Repaglinide,Moderate
DDInter631,Eltrombopag,DDInter1586,Revefenacin,Eltrombopag,Revefenacin,Moderate
DDInter631,Eltrombopag,DDInter1588,Ribociclib,Eltrombopag,Ribociclib,Moderate
DDInter1590,Rifampicin,DDInter631,Eltrombopag,Eltrombopag,Rifampicin,Moderate
DDInter631,Eltrombopag,DDInter1598,Rimegepant,Eltrombopag,Rimegepant,Moderate
DDInter1622,Rosuvastatin,DDInter631,Eltrombopag,Eltrombopag,Rosuvastatin,Moderate
DDInter631,Eltrombopag,DDInter1626,Rucaparib,Eltrombopag,Rucaparib,Moderate
DDInter631,Eltrombopag,DDInter1631,Safinamide,Eltrombopag,Safinamide,Moderate
DDInter631,Eltrombopag,DDInter1654,Selenium,Eltrombopag,Selenium,Moderate
DDInter631,Eltrombopag,DDInter1673,Simeprevir,Eltrombopag,Simeprevir,Moderate
DDInter1675,Simvastatin,DDInter631,Eltrombopag,Eltrombopag,Simvastatin,Moderate
DDInter1717,Sucralfate,DDInter631,Eltrombopag,Eltrombopag,Sucralfate,Moderate
DDInter1725,Sulfasalazine,DDInter631,Eltrombopag,Eltrombopag,Sulfasalazine,Moderate
DDInter631,Eltrombopag,DDInter1737,Tafamidis,Eltrombopag,Tafamidis,Moderate
DDInter631,Eltrombopag,DDInter1742,Talazoparib,Eltrombopag,Talazoparib,Moderate
DDInter631,Eltrombopag,DDInter1752,Tedizolid,Eltrombopag,Tedizolid,Moderate
DDInter631,Eltrombopag,DDInter1771,Teriflunomide,Eltrombopag,Teriflunomide,Major
DDInter1814,Tioguanine,DDInter631,Eltrombopag,Eltrombopag,Tioguanine,Moderate
DDInter1835,Topotecan,DDInter631,Eltrombopag,Eltrombopag,Topotecan,Moderate
DDInter1840,Trabectedin,DDInter631,Eltrombopag,Eltrombopag,Trabectedin,Moderate
DDInter631,Eltrombopag,DDInter1891,Tucatinib,Eltrombopag,Tucatinib,Moderate
DDInter631,Eltrombopag,DDInter1896,Ubrogepant,Eltrombopag,Ubrogepant,Moderate
DDInter631,Eltrombopag,DDInter1963,Zinc acetate,Eltrombopag,Zinc acetate,Moderate
DDInter631,Eltrombopag,DDInter1965,Zinc gluconate,Eltrombopag,Zinc gluconate,Moderate
DDInter631,Eltrombopag,DDInter1966,Zinc sulfate,Eltrombopag,Zinc sulfate,Moderate
DDInter1804,Ticlopidine,DDInter632,Eluxadoline,Eluxadoline,Ticlopidine,Moderate
DDInter1683,Sodium bicarbonate,DDInter633,Elvitegravir,Elvitegravir,Sodium bicarbonate,Moderate
DDInter633,Elvitegravir,DDInter1964,Zinc chloride,Elvitegravir,Zinc chloride,Major
DDInter542,Dicoumarol,DDInter634,Emapalumab,Dicoumarol,Emapalumab,Moderate
DDInter1609,Rivaroxaban,DDInter634,Emapalumab,Emapalumab,Rivaroxaban,Moderate
DDInter1951,Warfarin,DDInter634,Emapalumab,Emapalumab,Warfarin,Moderate
DDInter421,Coagulation factor VIIa Recombinant Human,DDInter635,Emicizumab,Coagulation factor VIIa Recombinant Human,Emicizumab,Moderate
DDInter657,Epoprostenol,DDInter636,Empagliflozin,Empagliflozin,Epoprostenol,Moderate
DDInter908,Iloprost,DDInter636,Empagliflozin,Empagliflozin,Iloprost,Moderate
DDInter1123,Mannitol,DDInter636,Empagliflozin,Empagliflozin,Mannitol,Moderate
DDInter636,Empagliflozin,DDInter1656,Selexipag,Empagliflozin,Selexipag,Moderate
DDInter1852,Treprostinil,DDInter636,Empagliflozin,Empagliflozin,Treprostinil,Moderate
DDInter1903,Urea,DDInter636,Empagliflozin,Empagliflozin,Urea,Moderate
DDInter1070,Linagliptin,DDInter785,Fostamatinib,Fostamatinib,Linagliptin,Moderate
DDInter1595,Rilpivirine,DDInter1115,Magnesium citrate,Magnesium citrate,Rilpivirine,Moderate
DDInter1683,Sodium bicarbonate,DDInter1595,Rilpivirine,Rilpivirine,Sodium bicarbonate,Moderate
DDInter1802,Ticagrelor,DDInter1595,Rilpivirine,Rilpivirine,Ticagrelor,Moderate
DDInter99,Anistreplase,DDInter638,Enalapril,Anistreplase,Enalapril,Moderate
DDInter638,Enalapril,DDInter645,Enoxaparin,Enalapril,Enoxaparin,Moderate
DDInter671,Erythropoietin,DDInter638,Enalapril,Enalapril,Erythropoietin,Minor
DDInter638,Enalapril,DDInter657,Epoprostenol,Enalapril,Epoprostenol,Moderate
DDInter638,Enalapril,DDInter856,Heparin,Enalapril,Heparin,Moderate
DDInter638,Enalapril,DDInter902,Icatibant,Enalapril,Icatibant,Moderate
DDInter638,Enalapril,DDInter908,Iloprost,Enalapril,Iloprost,Moderate
DDInter638,Enalapril,DDInter978,Iron sucrose,Enalapril,Iron sucrose,Moderate
DDInter638,Enalapril,DDInter1123,Mannitol,Enalapril,Mannitol,Moderate
DDInter638,Enalapril,DDInter1406,Peginesatide,Enalapril,Peginesatide,Minor
DDInter638,Enalapril,DDInter1495,Potassium acetate,Enalapril,Potassium acetate,Major
DDInter638,Enalapril,DDInter1497,Potassium chloride,Enalapril,Potassium chloride,Major
DDInter1585,Reteplase,DDInter638,Enalapril,Enalapril,Reteplase,Moderate
DDInter638,Enalapril,DDInter1656,Selexipag,Enalapril,Selexipag,Moderate
DDInter638,Enalapril,DDInter1683,Sodium bicarbonate,Enalapril,Sodium bicarbonate,Minor
DDInter1712,Streptokinase,DDInter638,Enalapril,Enalapril,Streptokinase,Moderate
DDInter1764,Tenecteplase,DDInter638,Enalapril,Enalapril,Tenecteplase,Moderate
DDInter638,Enalapril,DDInter1812,Tinzaparin,Enalapril,Tinzaparin,Moderate
DDInter1852,Treprostinil,DDInter638,Enalapril,Enalapril,Treprostinil,Moderate
DDInter1905,Urokinase,DDInter638,Enalapril,Enalapril,Urokinase,Moderate
DDInter1106,Lusutrombopag,DDInter639,Enasidenib,Enasidenib,Lusutrombopag,Moderate
DDInter1609,Rivaroxaban,DDInter639,Enasidenib,Enasidenib,Rivaroxaban,Moderate
DDInter1656,Selexipag,DDInter639,Enasidenib,Enasidenib,Selexipag,Moderate
DDInter605,Drotrecogin alfa,DDInter640,Encorafenib,Drotrecogin alfa,Encorafenib,Major
DDInter640,Encorafenib,DDInter1106,Lusutrombopag,Encorafenib,Lusutrombopag,Moderate
DDInter1115,Magnesium citrate,DDInter640,Encorafenib,Encorafenib,Magnesium citrate,Moderate
DDInter1609,Rivaroxaban,DDInter640,Encorafenib,Encorafenib,Rivaroxaban,Moderate
DDInter1656,Selexipag,DDInter640,Encorafenib,Encorafenib,Selexipag,Moderate
DDInter1802,Ticagrelor,DDInter640,Encorafenib,Encorafenib,Ticagrelor,Moderate
DDInter1366,Oxycodone,DDInter785,Fostamatinib,Fostamatinib,Oxycodone,Moderate
DDInter1366,Oxycodone,DDInter1508,Prasugrel,Oxycodone,Prasugrel,Moderate
DDInter1366,Oxycodone,DDInter1802,Ticagrelor,Oxycodone,Ticagrelor,Moderate
DDInter108,Apixaban,DDInter1031,Ledipasvir,Apixaban,Ledipasvir,Moderate
DDInter1031,Ledipasvir,DDInter200,Betrixaban,Betrixaban,Ledipasvir,Moderate
DDInter542,Dicoumarol,DDInter1031,Ledipasvir,Dicoumarol,Ledipasvir,Moderate
DDInter1031,Ledipasvir,DDInter621,Edoxaban,Edoxaban,Ledipasvir,Major
DDInter1695,Sofosbuvir,DDInter785,Fostamatinib,Fostamatinib,Sofosbuvir,Moderate
DDInter1031,Ledipasvir,DDInter1106,Lusutrombopag,Ledipasvir,Lusutrombopag,Moderate
DDInter1609,Rivaroxaban,DDInter1031,Ledipasvir,Ledipasvir,Rivaroxaban,Moderate
DDInter1683,Sodium bicarbonate,DDInter1031,Ledipasvir,Ledipasvir,Sodium bicarbonate,Moderate
DDInter1031,Ledipasvir,DDInter1686,Sodium citrate,Ledipasvir,Sodium citrate,Moderate
DDInter1802,Ticagrelor,DDInter1031,Ledipasvir,Ledipasvir,Ticagrelor,Moderate
DDInter1951,Warfarin,DDInter1695,Sofosbuvir,Sofosbuvir,Warfarin,Moderate
DDInter1038,Lesinurad,DDInter785,Fostamatinib,Fostamatinib,Lesinurad,Moderate
DDInter1723,Sulfamethizole,DDInter1038,Lesinurad,Lesinurad,Sulfamethizole,Moderate
DDInter1802,Ticagrelor,DDInter1038,Lesinurad,Lesinurad,Ticagrelor,Moderate
DDInter1042,Leuprolide,DDInter1115,Magnesium citrate,Leuprolide,Magnesium citrate,Moderate
DDInter542,Dicoumarol,DDInter1052,Levocarnitine,Dicoumarol,Levocarnitine,Moderate
DDInter1052,Levocarnitine,DDInter1951,Warfarin,Levocarnitine,Warfarin,Moderate
DDInter1064,Levothyroxine,DDInter975,Iron,Iron,Levothyroxine,Moderate
DDInter542,Dicoumarol,DDInter1064,Levothyroxine,Dicoumarol,Levothyroxine,Moderate
DDInter1064,Levothyroxine,DDInter725,Ferrous fumarate,Ferrous fumarate,Levothyroxine,Moderate
DDInter1064,Levothyroxine,DDInter726,Ferrous gluconate,Ferrous gluconate,Levothyroxine,Moderate
DDInter1064,Levothyroxine,DDInter978,Iron sucrose,Iron sucrose,Levothyroxine,Moderate
DDInter1064,Levothyroxine,DDInter1951,Warfarin,Levothyroxine,Warfarin,Moderate
DDInter975,Iron,DDInter1799,"Thyroid, porcine",Iron,"Thyroid, porcine",Moderate
DDInter542,Dicoumarol,DDInter1799,"Thyroid, porcine",Dicoumarol,"Thyroid, porcine",Moderate
DDInter1799,"Thyroid, porcine",DDInter725,Ferrous fumarate,Ferrous fumarate,"Thyroid, porcine",Moderate
DDInter1799,"Thyroid, porcine",DDInter726,Ferrous gluconate,Ferrous gluconate,"Thyroid, porcine",Moderate
DDInter1799,"Thyroid, porcine",DDInter978,Iron sucrose,Iron sucrose,"Thyroid, porcine",Moderate
DDInter1951,Warfarin,DDInter1799,"Thyroid, porcine","Thyroid, porcine",Warfarin,Moderate
DDInter1067,Lidocaine (ophthalmic),DDInter1723,Sulfamethizole,Lidocaine (ophthalmic),Sulfamethizole,Moderate
DDInter1069,Linaclotide,DDInter1115,Magnesium citrate,Linaclotide,Magnesium citrate,Minor
DDInter1120,Magnesium sulfate,DDInter1069,Linaclotide,Linaclotide,Magnesium sulfate,Minor
DDInter1074,Liothyronine,DDInter975,Iron,Iron,Liothyronine,Moderate
DDInter542,Dicoumarol,DDInter1074,Liothyronine,Dicoumarol,Liothyronine,Moderate
DDInter1074,Liothyronine,DDInter725,Ferrous fumarate,Ferrous fumarate,Liothyronine,Moderate
DDInter1074,Liothyronine,DDInter726,Ferrous gluconate,Ferrous gluconate,Liothyronine,Moderate
DDInter1074,Liothyronine,DDInter978,Iron sucrose,Iron sucrose,Liothyronine,Moderate
DDInter1074,Liothyronine,DDInter1951,Warfarin,Liothyronine,Warfarin,Moderate
DDInter1075,Liotrix,DDInter975,Iron,Iron,Liotrix,Moderate
DDInter542,Dicoumarol,DDInter1075,Liotrix,Dicoumarol,Liotrix,Moderate
DDInter1075,Liotrix,DDInter725,Ferrous fumarate,Ferrous fumarate,Liotrix,Moderate
DDInter1075,Liotrix,DDInter726,Ferrous gluconate,Ferrous gluconate,Liotrix,Moderate
DDInter1075,Liotrix,DDInter978,Iron sucrose,Iron sucrose,Liotrix,Moderate
DDInter1951,Warfarin,DDInter1075,Liotrix,Liotrix,Warfarin,Moderate
DDInter1079,Lisinopril,DDInter1495,Potassium acetate,Lisinopril,Potassium acetate,Major
DDInter1079,Lisinopril,DDInter1497,Potassium chloride,Lisinopril,Potassium chloride,Major
DDInter542,Dicoumarol,DDInter1607,Ritonavir,Dicoumarol,Ritonavir,Moderate
DDInter1089,Lopinavir,DDInter631,Eltrombopag,Eltrombopag,Lopinavir,Moderate
DDInter1607,Ritonavir,DDInter785,Fostamatinib,Fostamatinib,Ritonavir,Major
DDInter1607,Ritonavir,DDInter1106,Lusutrombopag,Lusutrombopag,Ritonavir,Moderate
DDInter1089,Lopinavir,DDInter1115,Magnesium citrate,Lopinavir,Magnesium citrate,Moderate
DDInter1607,Ritonavir,DDInter1609,Rivaroxaban,Ritonavir,Rivaroxaban,Major
DDInter1089,Lopinavir,DDInter1656,Selexipag,Lopinavir,Selexipag,Minor
DDInter1607,Ritonavir,DDInter1802,Ticagrelor,Ritonavir,Ticagrelor,Major
DDInter1607,Ritonavir,DDInter1945,Vorapaxar,Ritonavir,Vorapaxar,Major
DDInter1607,Ritonavir,DDInter1951,Warfarin,Ritonavir,Warfarin,Moderate
DDInter1095,Losartan,DDInter645,Enoxaparin,Enoxaparin,Losartan,Moderate
DDInter1095,Losartan,DDInter785,Fostamatinib,Fostamatinib,Losartan,Moderate
DDInter1095,Losartan,DDInter856,Heparin,Heparin,Losartan,Moderate
DDInter1095,Losartan,DDInter908,Iloprost,Iloprost,Losartan,Moderate
DDInter1095,Losartan,DDInter1495,Potassium acetate,Losartan,Potassium acetate,Major
DDInter1095,Losartan,DDInter1497,Potassium chloride,Losartan,Potassium chloride,Major
DDInter1095,Losartan,DDInter1812,Tinzaparin,Losartan,Tinzaparin,Moderate
DDInter1852,Treprostinil,DDInter1095,Losartan,Losartan,Treprostinil,Moderate
DDInter108,Apixaban,DDInter1101,Lumacaftor,Apixaban,Lumacaftor,Major
DDInter1101,Lumacaftor,DDInter143,Avatrombopag,Avatrombopag,Lumacaftor,Moderate
DDInter379,Cilostazol,DDInter1101,Lumacaftor,Cilostazol,Lumacaftor,Moderate
DDInter413,Clopidogrel,DDInter1101,Lumacaftor,Clopidogrel,Lumacaftor,Moderate
DDInter1101,Lumacaftor,DDInter785,Fostamatinib,Fostamatinib,Lumacaftor,Major
DDInter1609,Rivaroxaban,DDInter1101,Lumacaftor,Lumacaftor,Rivaroxaban,Major
DDInter1802,Ticagrelor,DDInter1101,Lumacaftor,Lumacaftor,Ticagrelor,Major
DDInter1852,Treprostinil,DDInter1101,Lumacaftor,Lumacaftor,Treprostinil,Moderate
DDInter1945,Vorapaxar,DDInter1101,Lumacaftor,Lumacaftor,Vorapaxar,Major
DDInter99,Anistreplase,DDInter1844,Tranexamic acid,Anistreplase,Tranexamic acid,Moderate
DDInter440,Conjugated estrogens (topical),DDInter1844,Tranexamic acid,Conjugated estrogens (topical),Tranexamic acid,Major
DDInter1844,Tranexamic acid,DDInter545,Dienestrol (topical),Dienestrol (topical),Tranexamic acid,Major
DDInter548,Diethylstilbestrol,DDInter1844,Tranexamic acid,Diethylstilbestrol,Tranexamic acid,Major
DDInter1844,Tranexamic acid,DDInter678,Esterified estrogens,Esterified estrogens,Tranexamic acid,Major
DDInter1844,Tranexamic acid,DDInter680,Estradiol (topical),Estradiol (topical),Tranexamic acid,Major
DDInter1844,Tranexamic acid,DDInter681,Estramustine,Estramustine,Tranexamic acid,Major
DDInter1844,Tranexamic acid,DDInter682,Estrone,Estrone,Tranexamic acid,Major
DDInter1844,Tranexamic acid,DDInter683,Estrone sulfate,Estrone sulfate,Tranexamic acid,Major
DDInter1844,Tranexamic acid,DDInter684,Estrone sulfate (topical),Estrone sulfate (topical),Tranexamic acid,Major
DDInter701,Etonogestrel,DDInter1844,Tranexamic acid,Etonogestrel,Tranexamic acid,Major
DDInter1844,Tranexamic acid,DDInter709,Factor IX Complex (Human),Factor IX Complex (Human),Tranexamic acid,Major
DDInter1844,Tranexamic acid,DDInter1061,Levonorgestrel,Levonorgestrel,Tranexamic acid,Major
DDInter1844,Tranexamic acid,DDInter1137,Medroxyprogesterone acetate,Medroxyprogesterone acetate,Tranexamic acid,Major
DDInter1844,Tranexamic acid,DDInter1315,Norgestrel,Norgestrel,Tranexamic acid,Major
DDInter1844,Tranexamic acid,DDInter1353,Ospemifene,Ospemifene,Tranexamic acid,Major
DDInter1844,Tranexamic acid,DDInter1555,Quinestrol,Quinestrol,Tranexamic acid,Major
DDInter1844,Tranexamic acid,DDInter1562,Raloxifene,Raloxifene,Tranexamic acid,Major
DDInter1585,Reteplase,DDInter1844,Tranexamic acid,Reteplase,Tranexamic acid,Moderate
DDInter1712,Streptokinase,DDInter1844,Tranexamic acid,Streptokinase,Tranexamic acid,Moderate
DDInter1844,Tranexamic acid,DDInter1744,Tamoxifen,Tamoxifen,Tranexamic acid,Major
DDInter1764,Tenecteplase,DDInter1844,Tranexamic acid,Tenecteplase,Tranexamic acid,Moderate
DDInter1844,Tranexamic acid,DDInter1802,Ticagrelor,Ticagrelor,Tranexamic acid,Minor
DDInter1844,Tranexamic acid,DDInter1837,Toremifene,Toremifene,Tranexamic acid,Major
DDInter1844,Tranexamic acid,DDInter1853,Tretinoin,Tranexamic acid,Tretinoin,Major
DDInter1905,Urokinase,DDInter1844,Tranexamic acid,Tranexamic acid,Urokinase,Moderate
DDInter653,Epinephrine (ophthalmic),DDInter1476,Pirbuterol,Epinephrine (ophthalmic),Pirbuterol,Moderate
DDInter654,Epinephrine (topical),DDInter1476,Pirbuterol,Epinephrine (topical),Pirbuterol,Moderate
DDInter1123,Mannitol,DDInter1476,Pirbuterol,Mannitol,Pirbuterol,Moderate
DDInter1146,Memantine,DDInter1681,Sodium acetate,Memantine,Sodium acetate,Minor
DDInter1146,Memantine,DDInter1683,Sodium bicarbonate,Memantine,Sodium bicarbonate,Minor
DDInter1146,Memantine,DDInter1883,Tromethamine,Memantine,Tromethamine,Minor
DDInter542,Dicoumarol,DDInter430,Coenzyme M,Coenzyme M,Dicoumarol,Moderate
DDInter1951,Warfarin,DDInter430,Coenzyme M,Coenzyme M,Warfarin,Moderate
DDInter1169,Methenamine,DDInter1681,Sodium acetate,Methenamine,Sodium acetate,Moderate
DDInter1683,Sodium bicarbonate,DDInter1169,Methenamine,Methenamine,Sodium bicarbonate,Moderate
DDInter1883,Tromethamine,DDInter1169,Methenamine,Methenamine,Tromethamine,Moderate
DDInter1185,Methyldopa,DDInter975,Iron,Iron,Methyldopa,Moderate
DDInter1185,Methyldopa,DDInter725,Ferrous fumarate,Ferrous fumarate,Methyldopa,Moderate
DDInter1185,Methyldopa,DDInter726,Ferrous gluconate,Ferrous gluconate,Methyldopa,Moderate
DDInter1185,Methyldopa,DDInter908,Iloprost,Iloprost,Methyldopa,Moderate
DDInter1185,Methyldopa,DDInter1656,Selexipag,Methyldopa,Selexipag,Moderate
DDInter1852,Treprostinil,DDInter1185,Methyldopa,Methyldopa,Treprostinil,Moderate
DDInter6,Abciximab,DDInter1449,Phenyl salicylate,Abciximab,Phenyl salicylate,Moderate
DDInter56,Alteplase,DDInter1449,Phenyl salicylate,Alteplase,Phenyl salicylate,Moderate
DDInter99,Anistreplase,DDInter1449,Phenyl salicylate,Anistreplase,Phenyl salicylate,Moderate
DDInter108,Apixaban,DDInter1449,Phenyl salicylate,Apixaban,Phenyl salicylate,Moderate
DDInter117,Argatroban,DDInter1449,Phenyl salicylate,Argatroban,Phenyl salicylate,Moderate
DDInter1449,Phenyl salicylate,DDInter200,Betrixaban,Betrixaban,Phenyl salicylate,Moderate
DDInter217,Bivalirudin,DDInter1449,Phenyl salicylate,Bivalirudin,Phenyl salicylate,Moderate
DDInter413,Clopidogrel,DDInter1449,Phenyl salicylate,Clopidogrel,Phenyl salicylate,Moderate
DDInter470,Dalteparin,DDInter1449,Phenyl salicylate,Dalteparin,Phenyl salicylate,Moderate
DDInter471,Danaparoid,DDInter1449,Phenyl salicylate,Danaparoid,Phenyl salicylate,Moderate
DDInter1449,Phenyl salicylate,DDInter505,Desirudin,Desirudin,Phenyl salicylate,Moderate
DDInter542,Dicoumarol,DDInter1449,Phenyl salicylate,Dicoumarol,Phenyl salicylate,Moderate
DDInter605,Drotrecogin alfa,DDInter1449,Phenyl salicylate,Drotrecogin alfa,Phenyl salicylate,Moderate
DDInter621,Edoxaban,DDInter1449,Phenyl salicylate,Edoxaban,Phenyl salicylate,Moderate
DDInter645,Enoxaparin,DDInter1449,Phenyl salicylate,Enoxaparin,Phenyl salicylate,Moderate
DDInter653,Epinephrine (ophthalmic),DDInter1186,Methylene blue,Epinephrine (ophthalmic),Methylene blue,Moderate
DDInter654,Epinephrine (topical),DDInter1186,Methylene blue,Epinephrine (topical),Methylene blue,Moderate
DDInter657,Epoprostenol,DDInter1449,Phenyl salicylate,Epoprostenol,Phenyl salicylate,Moderate
DDInter659,Eptifibatide,DDInter1449,Phenyl salicylate,Eptifibatide,Phenyl salicylate,Moderate
DDInter775,Fondaparinux,DDInter1449,Phenyl salicylate,Fondaparinux,Phenyl salicylate,Moderate
DDInter856,Heparin,DDInter1449,Phenyl salicylate,Heparin,Phenyl salicylate,Moderate
DDInter1449,Phenyl salicylate,DDInter881,Hyaluronidase,Hyaluronidase,Phenyl salicylate,Minor
DDInter908,Iloprost,DDInter1449,Phenyl salicylate,Iloprost,Phenyl salicylate,Moderate
DDInter1037,Lepirudin,DDInter1449,Phenyl salicylate,Lepirudin,Phenyl salicylate,Moderate
DDInter1508,Prasugrel,DDInter1449,Phenyl salicylate,Phenyl salicylate,Prasugrel,Moderate
DDInter1585,Reteplase,DDInter1449,Phenyl salicylate,Phenyl salicylate,Reteplase,Moderate
DDInter1609,Rivaroxaban,DDInter1449,Phenyl salicylate,Phenyl salicylate,Rivaroxaban,Moderate
DDInter1712,Streptokinase,DDInter1449,Phenyl salicylate,Phenyl salicylate,Streptokinase,Moderate
DDInter1764,Tenecteplase,DDInter1449,Phenyl salicylate,Phenyl salicylate,Tenecteplase,Moderate
DDInter1802,Ticagrelor,DDInter1449,Phenyl salicylate,Phenyl salicylate,Ticagrelor,Moderate
DDInter1812,Tinzaparin,DDInter1449,Phenyl salicylate,Phenyl salicylate,Tinzaparin,Moderate
DDInter1818,Tirofiban,DDInter1449,Phenyl salicylate,Phenyl salicylate,Tirofiban,Moderate
DDInter1852,Treprostinil,DDInter1449,Phenyl salicylate,Phenyl salicylate,Treprostinil,Moderate
DDInter1905,Urokinase,DDInter1449,Phenyl salicylate,Phenyl salicylate,Urokinase,Moderate
DDInter1951,Warfarin,DDInter1449,Phenyl salicylate,Phenyl salicylate,Warfarin,Moderate
DDInter542,Dicoumarol,DDInter1193,Methyltestosterone,Dicoumarol,Methyltestosterone,Major
DDInter1951,Warfarin,DDInter1193,Methyltestosterone,Methyltestosterone,Warfarin,Major
DDInter1951,Warfarin,DDInter1203,Metronidazole (topical),Metronidazole (topical),Warfarin,Moderate
DDInter542,Dicoumarol,DDInter1210,Miconazole (topical),Dicoumarol,Miconazole (topical),Major
DDInter1951,Warfarin,DDInter1210,Miconazole (topical),Miconazole (topical),Warfarin,Major
DDInter1226,Minoxidil,DDInter657,Epoprostenol,Epoprostenol,Minoxidil,Moderate
DDInter1226,Minoxidil,DDInter908,Iloprost,Iloprost,Minoxidil,Moderate
DDInter1226,Minoxidil,DDInter1656,Selexipag,Minoxidil,Selexipag,Moderate
DDInter1226,Minoxidil,DDInter1852,Treprostinil,Minoxidil,Treprostinil,Moderate
DDInter1237,Moexipril,DDInter645,Enoxaparin,Enoxaparin,Moexipril,Moderate
DDInter1237,Moexipril,DDInter1495,Potassium acetate,Moexipril,Potassium acetate,Major
DDInter1237,Moexipril,DDInter1497,Potassium chloride,Moexipril,Potassium chloride,Major
DDInter975,Iron,DDInter1966,Zinc sulfate,Iron,Zinc sulfate,Minor
DDInter1966,Zinc sulfate,DDInter725,Ferrous fumarate,Ferrous fumarate,Zinc sulfate,Minor
DDInter1966,Zinc sulfate,DDInter726,Ferrous gluconate,Ferrous gluconate,Zinc sulfate,Minor
DDInter1723,Sulfamethizole,DDInter1263,Naltrexone,Naltrexone,Sulfamethizole,Moderate
DDInter99,Anistreplase,DDInter1266,Naproxen,Anistreplase,Naproxen,Moderate
DDInter117,Argatroban,DDInter1266,Naproxen,Argatroban,Naproxen,Moderate
DDInter676,Esomeprazole,DDInter975,Iron,Esomeprazole,Iron,Moderate
DDInter1266,Naproxen,DDInter471,Danaparoid,Danaparoid,Naproxen,Major
DDInter542,Dicoumarol,DDInter1266,Naproxen,Dicoumarol,Naproxen,Major
DDInter605,Drotrecogin alfa,DDInter1266,Naproxen,Drotrecogin alfa,Naproxen,Major
DDInter1266,Naproxen,DDInter645,Enoxaparin,Enoxaparin,Naproxen,Major
DDInter1266,Naproxen,DDInter657,Epoprostenol,Epoprostenol,Naproxen,Moderate
DDInter659,Eptifibatide,DDInter1266,Naproxen,Eptifibatide,Naproxen,Moderate
DDInter676,Esomeprazole,DDInter725,Ferrous fumarate,Esomeprazole,Ferrous fumarate,Moderate
DDInter775,Fondaparinux,DDInter1266,Naproxen,Fondaparinux,Naproxen,Major
DDInter1266,Naproxen,DDInter856,Heparin,Heparin,Naproxen,Moderate
DDInter1037,Lepirudin,DDInter1266,Naproxen,Lepirudin,Naproxen,Moderate
DDInter676,Esomeprazole,DDInter1277,Neomycin,Esomeprazole,Neomycin,Moderate
DDInter1497,Potassium chloride,DDInter1266,Naproxen,Naproxen,Potassium chloride,Moderate
DDInter1266,Naproxen,DDInter1508,Prasugrel,Naproxen,Prasugrel,Major
DDInter1585,Reteplase,DDInter1266,Naproxen,Naproxen,Reteplase,Moderate
DDInter1266,Naproxen,DDInter1609,Rivaroxaban,Naproxen,Rivaroxaban,Major
DDInter1712,Streptokinase,DDInter1266,Naproxen,Naproxen,Streptokinase,Moderate
DDInter1764,Tenecteplase,DDInter1266,Naproxen,Naproxen,Tenecteplase,Moderate
DDInter1804,Ticlopidine,DDInter1266,Naproxen,Naproxen,Ticlopidine,Moderate
DDInter1266,Naproxen,DDInter1812,Tinzaparin,Naproxen,Tinzaparin,Major
DDInter1818,Tirofiban,DDInter1266,Naproxen,Naproxen,Tirofiban,Moderate
DDInter1905,Urokinase,DDInter1266,Naproxen,Naproxen,Urokinase,Moderate
DDInter1266,Naproxen,DDInter1945,Vorapaxar,Naproxen,Vorapaxar,Major
DDInter1951,Warfarin,DDInter1266,Naproxen,Naproxen,Warfarin,Major
DDInter1915,Valsartan,DDInter657,Epoprostenol,Epoprostenol,Valsartan,Moderate
DDInter1915,Valsartan,DDInter908,Iloprost,Iloprost,Valsartan,Moderate
DDInter108,Apixaban,DDInter1284,Netupitant,Apixaban,Netupitant,Moderate
DDInter379,Cilostazol,DDInter1284,Netupitant,Cilostazol,Netupitant,Major
DDInter1284,Netupitant,DDInter785,Fostamatinib,Fostamatinib,Netupitant,Moderate
DDInter1284,Netupitant,DDInter1106,Lusutrombopag,Lusutrombopag,Netupitant,Moderate
DDInter1382,Palonosetron,DDInter1115,Magnesium citrate,Magnesium citrate,Palonosetron,Moderate
DDInter1609,Rivaroxaban,DDInter1284,Netupitant,Netupitant,Rivaroxaban,Moderate
DDInter1802,Ticagrelor,DDInter1284,Netupitant,Netupitant,Ticagrelor,Moderate
DDInter1305,Nitroprusside,DDInter657,Epoprostenol,Epoprostenol,Nitroprusside,Moderate
DDInter1305,Nitroprusside,DDInter908,Iloprost,Iloprost,Nitroprusside,Moderate
DDInter1305,Nitroprusside,DDInter1656,Selexipag,Nitroprusside,Selexipag,Moderate
DDInter1305,Nitroprusside,DDInter1852,Treprostinil,Nitroprusside,Treprostinil,Moderate
DDInter507,Desmopressin,DDInter856,Heparin,Desmopressin,Heparin,Moderate
DDInter507,Desmopressin,DDInter1903,Urea,Desmopressin,Urea,Moderate
DDInter1160,Mestranol,DDInter869,Human C1-esterase inhibitor,Human C1-esterase inhibitor,Mestranol,Moderate
DDInter1160,Mestranol,DDInter437,Conestat alfa,Conestat alfa,Mestranol,Moderate
DDInter542,Dicoumarol,DDInter1160,Mestranol,Dicoumarol,Mestranol,Moderate
DDInter1160,Mestranol,DDInter855,Hemin,Hemin,Mestranol,Major
DDInter1160,Mestranol,DDInter881,Hyaluronidase,Hyaluronidase,Mestranol,Minor
DDInter1277,Neomycin,DDInter1160,Mestranol,Mestranol,Neomycin,Moderate
DDInter1723,Sulfamethizole,DDInter1160,Mestranol,Mestranol,Sulfamethizole,Moderate
DDInter1951,Warfarin,DDInter1160,Mestranol,Mestranol,Warfarin,Moderate
DDInter654,Epinephrine (topical),DDInter426,Cocaine (nasal),Cocaine (nasal),Epinephrine (topical),Major
DDInter1723,Sulfamethizole,DDInter426,Cocaine (nasal),Cocaine (nasal),Sulfamethizole,Moderate
DDInter542,Dicoumarol,DDInter1319,Obeticholic acid,Dicoumarol,Obeticholic acid,Moderate
DDInter1951,Warfarin,DDInter1319,Obeticholic acid,Obeticholic acid,Warfarin,Moderate
DDInter99,Anistreplase,DDInter758,Fluoxetine,Anistreplase,Fluoxetine,Moderate
DDInter542,Dicoumarol,DDInter758,Fluoxetine,Dicoumarol,Fluoxetine,Moderate
DDInter758,Fluoxetine,DDInter645,Enoxaparin,Enoxaparin,Fluoxetine,Moderate
DDInter758,Fluoxetine,DDInter657,Epoprostenol,Epoprostenol,Fluoxetine,Moderate
DDInter758,Fluoxetine,DDInter856,Heparin,Fluoxetine,Heparin,Moderate
DDInter758,Fluoxetine,DDInter1115,Magnesium citrate,Fluoxetine,Magnesium citrate,Moderate
DDInter758,Fluoxetine,DDInter1123,Mannitol,Fluoxetine,Mannitol,Moderate
DDInter1326,Olanzapine,DDInter1497,Potassium chloride,Olanzapine,Potassium chloride,Major
DDInter1712,Streptokinase,DDInter758,Fluoxetine,Fluoxetine,Streptokinase,Moderate
DDInter1804,Ticlopidine,DDInter758,Fluoxetine,Fluoxetine,Ticlopidine,Moderate
DDInter1905,Urokinase,DDInter758,Fluoxetine,Fluoxetine,Urokinase,Moderate
DDInter758,Fluoxetine,DDInter1951,Warfarin,Fluoxetine,Warfarin,Moderate
DDInter542,Dicoumarol,DDInter1851,Trazodone,Dicoumarol,Trazodone,Minor
DDInter1851,Trazodone,DDInter785,Fostamatinib,Fostamatinib,Trazodone,Moderate
DDInter1851,Trazodone,DDInter1115,Magnesium citrate,Magnesium citrate,Trazodone,Moderate
DDInter1851,Trazodone,DDInter1951,Warfarin,Trazodone,Warfarin,Minor
DDInter1330,Olmesartan,DDInter908,Iloprost,Iloprost,Olmesartan,Moderate
DDInter1330,Olmesartan,DDInter1656,Selexipag,Olmesartan,Selexipag,Moderate
DDInter272,Calcium chloride,DDInter1336,Omadacycline,Calcium chloride,Omadacycline,Moderate
DDInter975,Iron,DDInter1336,Omadacycline,Iron,Omadacycline,Moderate
DDInter542,Dicoumarol,DDInter1336,Omadacycline,Dicoumarol,Omadacycline,Moderate
DDInter1336,Omadacycline,DDInter725,Ferrous fumarate,Ferrous fumarate,Omadacycline,Moderate
DDInter1336,Omadacycline,DDInter726,Ferrous gluconate,Ferrous gluconate,Omadacycline,Moderate
DDInter1114,Magnesium chloride,DDInter1336,Omadacycline,Magnesium chloride,Omadacycline,Moderate
DDInter1115,Magnesium citrate,DDInter1336,Omadacycline,Magnesium citrate,Omadacycline,Moderate
DDInter1120,Magnesium sulfate,DDInter1336,Omadacycline,Magnesium sulfate,Omadacycline,Moderate
DDInter978,Iron sucrose,DDInter1336,Omadacycline,Iron sucrose,Omadacycline,Moderate
DDInter1951,Warfarin,DDInter1336,Omadacycline,Omadacycline,Warfarin,Moderate
DDInter1336,Omadacycline,DDInter1964,Zinc chloride,Omadacycline,Zinc chloride,Moderate
DDInter1337,Omalizumab,DDInter1964,Zinc chloride,Omalizumab,Zinc chloride,Minor
DDInter542,Dicoumarol,DDInter1589,Rifabutin,Dicoumarol,Rifabutin,Major
DDInter1340,Omeprazole,DDInter1136,Mecobalamin,Mecobalamin,Omeprazole,Minor
DDInter1340,Omeprazole,DDInter1508,Prasugrel,Omeprazole,Prasugrel,Minor
DDInter1589,Rifabutin,DDInter1609,Rivaroxaban,Rifabutin,Rivaroxaban,Moderate
DDInter1589,Rifabutin,DDInter1802,Ticagrelor,Rifabutin,Ticagrelor,Moderate
DDInter1589,Rifabutin,DDInter1951,Warfarin,Rifabutin,Warfarin,Major
DDInter16,Acetohexamide,DDInter1683,Sodium bicarbonate,Acetohexamide,Sodium bicarbonate,Moderate
DDInter90,Amprenavir,DDInter1683,Sodium bicarbonate,Amprenavir,Sodium bicarbonate,Moderate
DDInter498,Demeclocycline,DDInter1683,Sodium bicarbonate,Demeclocycline,Sodium bicarbonate,Moderate
DDInter542,Dicoumarol,DDInter1340,Omeprazole,Dicoumarol,Omeprazole,Moderate
DDInter1683,Sodium bicarbonate,DDInter553,Digitoxin,Digitoxin,Sodium bicarbonate,Minor
DDInter650,Ephedrine,DDInter1683,Sodium bicarbonate,Ephedrine,Sodium bicarbonate,Moderate
DDInter651,Ephedrine (nasal),DDInter1683,Sodium bicarbonate,Ephedrine (nasal),Sodium bicarbonate,Moderate
DDInter1683,Sodium bicarbonate,DDInter725,Ferrous fumarate,Ferrous fumarate,Sodium bicarbonate,Moderate
DDInter1683,Sodium bicarbonate,DDInter727,Ferrous sulfate anhydrous,Ferrous sulfate anhydrous,Sodium bicarbonate,Moderate
DDInter740,Flecainide,DDInter1683,Sodium bicarbonate,Flecainide,Sodium bicarbonate,Minor
DDInter747,Fludrocortisone,DDInter1683,Sodium bicarbonate,Fludrocortisone,Sodium bicarbonate,Minor
DDInter781,Fosinopril,DDInter1683,Sodium bicarbonate,Fosinopril,Sodium bicarbonate,Minor
DDInter809,Gatifloxacin,DDInter1683,Sodium bicarbonate,Gatifloxacin,Sodium bicarbonate,Moderate
DDInter826,Glipizide,DDInter1683,Sodium bicarbonate,Glipizide,Sodium bicarbonate,Moderate
DDInter831,Glyburide,DDInter1683,Sodium bicarbonate,Glyburide,Sodium bicarbonate,Moderate
DDInter1683,Sodium bicarbonate,DDInter977,Iron protein succinylate,Iron protein succinylate,Sodium bicarbonate,Moderate
DDInter1018,Lactulose,DDInter1683,Sodium bicarbonate,Lactulose,Sodium bicarbonate,Minor
DDInter1055,Levofloxacin,DDInter1683,Sodium bicarbonate,Levofloxacin,Sodium bicarbonate,Moderate
DDInter1078,Lisdexamfetamine,DDInter1683,Sodium bicarbonate,Lisdexamfetamine,Sodium bicarbonate,Moderate
DDInter1079,Lisinopril,DDInter1683,Sodium bicarbonate,Lisinopril,Sodium bicarbonate,Minor
DDInter1683,Sodium bicarbonate,DDInter1081,Lithium carbonate,Lithium carbonate,Sodium bicarbonate,Moderate
DDInter1092,Lorazepam,DDInter1683,Sodium bicarbonate,Lorazepam,Sodium bicarbonate,Minor
DDInter1130,Mecamylamine,DDInter1683,Sodium bicarbonate,Mecamylamine,Sodium bicarbonate,Moderate
DDInter1683,Sodium bicarbonate,DDInter1161,Metamfetamine,Metamfetamine,Sodium bicarbonate,Moderate
DDInter1191,Methylprednisolone,DDInter1683,Sodium bicarbonate,Methylprednisolone,Sodium bicarbonate,Minor
DDInter1206,Mexiletine,DDInter1683,Sodium bicarbonate,Mexiletine,Sodium bicarbonate,Moderate
DDInter1237,Moexipril,DDInter1683,Sodium bicarbonate,Moexipril,Sodium bicarbonate,Minor
DDInter1247,Moxifloxacin,DDInter1683,Sodium bicarbonate,Moxifloxacin,Sodium bicarbonate,Moderate
DDInter1252,Mycophenolic acid,DDInter1683,Sodium bicarbonate,Mycophenolic acid,Sodium bicarbonate,Moderate
DDInter1259,Nalidixic acid,DDInter1683,Sodium bicarbonate,Nalidixic acid,Sodium bicarbonate,Moderate
DDInter1309,Nizatidine,DDInter1683,Sodium bicarbonate,Nizatidine,Sodium bicarbonate,Minor
DDInter1313,Norfloxacin,DDInter1683,Sodium bicarbonate,Norfloxacin,Sodium bicarbonate,Moderate
DDInter1325,Ofloxacin,DDInter1683,Sodium bicarbonate,Ofloxacin,Sodium bicarbonate,Moderate
DDInter1359,Oxazepam,DDInter1683,Sodium bicarbonate,Oxazepam,Sodium bicarbonate,Minor
DDInter1374,Oxytetracycline,DDInter1683,Sodium bicarbonate,Oxytetracycline,Sodium bicarbonate,Moderate
DDInter1431,Perindopril,DDInter1683,Sodium bicarbonate,Perindopril,Sodium bicarbonate,Minor
DDInter1513,Prednisolone,DDInter1683,Sodium bicarbonate,Prednisolone,Sodium bicarbonate,Minor
DDInter1515,Prednisone,DDInter1683,Sodium bicarbonate,Prednisone,Sodium bicarbonate,Minor
DDInter1535,Propantheline,DDInter1683,Sodium bicarbonate,Propantheline,Sodium bicarbonate,Moderate
DDInter1550,Pyrimethamine,DDInter1683,Sodium bicarbonate,Pyrimethamine,Sodium bicarbonate,Moderate
DDInter1554,Quinapril,DDInter1683,Sodium bicarbonate,Quinapril,Sodium bicarbonate,Minor
DDInter1556,Quinidine,DDInter1683,Sodium bicarbonate,Quinidine,Sodium bicarbonate,Moderate
DDInter1565,Ramipril,DDInter1683,Sodium bicarbonate,Ramipril,Sodium bicarbonate,Minor
DDInter1569,Ranitidine (bismuth citrate),DDInter1683,Sodium bicarbonate,Ranitidine (bismuth citrate),Sodium bicarbonate,Minor
DDInter1622,Rosuvastatin,DDInter1683,Sodium bicarbonate,Rosuvastatin,Sodium bicarbonate,Moderate
DDInter1683,Sodium bicarbonate,DDInter1637,Salsalate,Salsalate,Sodium bicarbonate,Moderate
DDInter1633,Salicylic acid (sodium),DDInter1683,Sodium bicarbonate,Salicylic acid (sodium),Sodium bicarbonate,Moderate
DDInter1717,Sucralfate,DDInter1683,Sodium bicarbonate,Sodium bicarbonate,Sucralfate,Moderate
DDInter1761,Temazepam,DDInter1683,Sodium bicarbonate,Sodium bicarbonate,Temazepam,Minor
DDInter1683,Sodium bicarbonate,DDInter1790,Thallous Chloride,Sodium bicarbonate,Thallous Chloride,Moderate
DDInter1804,Ticlopidine,DDInter1683,Sodium bicarbonate,Sodium bicarbonate,Ticlopidine,Minor
DDInter1817,Tipranavir,DDInter1683,Sodium bicarbonate,Sodium bicarbonate,Tipranavir,Moderate
DDInter1826,Tolazamide,DDInter1683,Sodium bicarbonate,Sodium bicarbonate,Tolazamide,Moderate
DDInter1828,Tolbutamide,DDInter1683,Sodium bicarbonate,Sodium bicarbonate,Tolbutamide,Moderate
DDInter1683,Sodium bicarbonate,DDInter1833,Tolvaptan,Sodium bicarbonate,Tolvaptan,Moderate
DDInter1843,Trandolapril,DDInter1683,Sodium bicarbonate,Sodium bicarbonate,Trandolapril,Minor
DDInter1683,Sodium bicarbonate,DDInter1940,Vismodegib,Sodium bicarbonate,Vismodegib,Minor
DDInter1340,Omeprazole,DDInter1951,Warfarin,Omeprazole,Warfarin,Moderate
DDInter1723,Sulfamethizole,DDInter1536,Proparacaine (ophthalmic),Proparacaine (ophthalmic),Sulfamethizole,Moderate
DDInter1497,Potassium chloride,DDInter1349,Orphenadrine,Orphenadrine,Potassium chloride,Major
DDInter1350,Oseltamivir,DDInter1951,Warfarin,Oseltamivir,Warfarin,Minor
DDInter1174,Methotrexate,DDInter785,Fostamatinib,Fostamatinib,Methotrexate,Moderate
DDInter1174,Methotrexate,DDInter1277,Neomycin,Methotrexate,Neomycin,Moderate
DDInter1174,Methotrexate,DDInter1495,Potassium acetate,Methotrexate,Potassium acetate,Minor
DDInter1174,Methotrexate,DDInter1681,Sodium acetate,Methotrexate,Sodium acetate,Minor
DDInter1174,Methotrexate,DDInter1683,Sodium bicarbonate,Methotrexate,Sodium bicarbonate,Minor
DDInter1174,Methotrexate,DDInter1723,Sulfamethizole,Methotrexate,Sulfamethizole,Moderate
DDInter1174,Methotrexate,DDInter1883,Tromethamine,Methotrexate,Tromethamine,Minor
DDInter1174,Methotrexate,DDInter1951,Warfarin,Methotrexate,Warfarin,Minor
DDInter542,Dicoumarol,DDInter1357,Oxandrolone,Dicoumarol,Oxandrolone,Major
DDInter1357,Oxandrolone,DDInter1951,Warfarin,Oxandrolone,Warfarin,Major
DDInter542,Dicoumarol,DDInter1371,Oxymetholone,Dicoumarol,Oxymetholone,Major
DDInter1951,Warfarin,DDInter1371,Oxymetholone,Oxymetholone,Warfarin,Major
DDInter975,Iron,DDInter1399,Patiromer,Iron,Patiromer,Moderate
DDInter1399,Patiromer,DDInter725,Ferrous fumarate,Ferrous fumarate,Patiromer,Moderate
DDInter1399,Patiromer,DDInter726,Ferrous gluconate,Ferrous gluconate,Patiromer,Moderate
DDInter1399,Patiromer,DDInter1114,Magnesium chloride,Magnesium chloride,Patiromer,Moderate
DDInter1399,Patiromer,DDInter1115,Magnesium citrate,Magnesium citrate,Patiromer,Moderate
DDInter1120,Magnesium sulfate,DDInter1399,Patiromer,Magnesium sulfate,Patiromer,Moderate
DDInter1406,Peginesatide,DDInter1411,Pegvaliase,Peginesatide,Pegvaliase,Moderate
DDInter542,Dicoumarol,DDInter189,Benzylpenicillin,Benzylpenicillin,Dicoumarol,Moderate
DDInter1951,Warfarin,DDInter189,Benzylpenicillin,Benzylpenicillin,Warfarin,Moderate
DDInter542,Dicoumarol,DDInter190,Benzylpenicillin (potassium),Benzylpenicillin (potassium),Dicoumarol,Moderate
DDInter190,Benzylpenicillin (potassium),DDInter856,Heparin,Benzylpenicillin (potassium),Heparin,Minor
DDInter1951,Warfarin,DDInter190,Benzylpenicillin (potassium),Benzylpenicillin (potassium),Warfarin,Moderate
DDInter542,Dicoumarol,DDInter1445,Phenoxymethylpenicillin,Dicoumarol,Phenoxymethylpenicillin,Moderate
DDInter1445,Phenoxymethylpenicillin,DDInter1277,Neomycin,Neomycin,Phenoxymethylpenicillin,Moderate
DDInter1445,Phenoxymethylpenicillin,DDInter1951,Warfarin,Phenoxymethylpenicillin,Warfarin,Moderate
DDInter1420,Pentamidine,DDInter1115,Magnesium citrate,Magnesium citrate,Pentamidine,Moderate
DDInter1421,Pentazocine,DDInter1508,Prasugrel,Pentazocine,Prasugrel,Moderate
DDInter1421,Pentazocine,DDInter1802,Ticagrelor,Pentazocine,Ticagrelor,Moderate
DDInter99,Anistreplase,DDInter1431,Perindopril,Anistreplase,Perindopril,Moderate
DDInter1431,Perindopril,DDInter645,Enoxaparin,Enoxaparin,Perindopril,Moderate
DDInter1431,Perindopril,DDInter856,Heparin,Heparin,Perindopril,Moderate
DDInter1431,Perindopril,DDInter902,Icatibant,Icatibant,Perindopril,Moderate
DDInter1431,Perindopril,DDInter978,Iron sucrose,Iron sucrose,Perindopril,Moderate
DDInter1123,Mannitol,DDInter1431,Perindopril,Mannitol,Perindopril,Moderate
DDInter1431,Perindopril,DDInter1495,Potassium acetate,Perindopril,Potassium acetate,Major
DDInter1497,Potassium chloride,DDInter1431,Perindopril,Perindopril,Potassium chloride,Major
DDInter1585,Reteplase,DDInter1431,Perindopril,Perindopril,Reteplase,Moderate
DDInter1712,Streptokinase,DDInter1431,Perindopril,Perindopril,Streptokinase,Moderate
DDInter1764,Tenecteplase,DDInter1431,Perindopril,Perindopril,Tenecteplase,Moderate
DDInter1431,Perindopril,DDInter1812,Tinzaparin,Perindopril,Tinzaparin,Moderate
DDInter1905,Urokinase,DDInter1431,Perindopril,Perindopril,Urokinase,Moderate
DDInter1846,Trastuzumab,DDInter542,Dicoumarol,Dicoumarol,Trastuzumab,Moderate
DDInter1846,Trastuzumab,DDInter1951,Warfarin,Trastuzumab,Warfarin,Moderate
DDInter1834,Topiramate,DDInter1951,Warfarin,Topiramate,Warfarin,Moderate
DDInter1448,Phentolamine,DDInter657,Epoprostenol,Epoprostenol,Phentolamine,Moderate
DDInter1448,Phentolamine,DDInter908,Iloprost,Iloprost,Phentolamine,Moderate
DDInter1448,Phentolamine,DDInter1656,Selexipag,Phentolamine,Selexipag,Moderate
DDInter1852,Treprostinil,DDInter1448,Phentolamine,Phentolamine,Treprostinil,Moderate
DDInter1461,Phylloquinone,DDInter98,Anisindione,Anisindione,Phylloquinone,Moderate
DDInter542,Dicoumarol,DDInter1461,Phylloquinone,Dicoumarol,Phylloquinone,Moderate
DDInter1461,Phylloquinone,DDInter1223,Mineral oil,Mineral oil,Phylloquinone,Minor
DDInter1461,Phylloquinone,DDInter1348,Orlistat,Orlistat,Phylloquinone,Minor
DDInter1663,Sevelamer,DDInter1461,Phylloquinone,Phylloquinone,Sevelamer,Moderate
DDInter1951,Warfarin,DDInter1461,Phylloquinone,Phylloquinone,Warfarin,Moderate
DDInter825,Glimepiride,DDInter856,Heparin,Glimepiride,Heparin,Moderate
DDInter825,Glimepiride,DDInter1723,Sulfamethizole,Glimepiride,Sulfamethizole,Moderate
DDInter825,Glimepiride,DDInter1951,Warfarin,Glimepiride,Warfarin,Moderate
DDInter542,Dicoumarol,DDInter1474,Piperacillin,Dicoumarol,Piperacillin,Moderate
DDInter1474,Piperacillin,DDInter856,Heparin,Heparin,Piperacillin,Minor
DDInter1474,Piperacillin,DDInter1951,Warfarin,Piperacillin,Warfarin,Moderate
DDInter1915,Valsartan,DDInter1852,Treprostinil,Treprostinil,Valsartan,Moderate
DDInter542,Dicoumarol,DDInter528,Dextropropoxyphene,Dextropropoxyphene,Dicoumarol,Moderate
DDInter528,Dextropropoxyphene,DDInter1115,Magnesium citrate,Dextropropoxyphene,Magnesium citrate,Moderate
DDInter528,Dextropropoxyphene,DDInter1508,Prasugrel,Dextropropoxyphene,Prasugrel,Moderate
DDInter528,Dextropropoxyphene,DDInter1802,Ticagrelor,Dextropropoxyphene,Ticagrelor,Moderate
DDInter1716,Succinylcholine,DDInter1114,Magnesium chloride,Magnesium chloride,Succinylcholine,Moderate
DDInter1716,Succinylcholine,DDInter1120,Magnesium sulfate,Magnesium sulfate,Succinylcholine,Moderate
DDInter1716,Succinylcholine,DDInter1123,Mannitol,Mannitol,Succinylcholine,Moderate
DDInter1716,Succinylcholine,DDInter1277,Neomycin,Neomycin,Succinylcholine,Major
DDInter1554,Quinapril,DDInter856,Heparin,Heparin,Quinapril,Moderate
DDInter1123,Mannitol,DDInter1554,Quinapril,Mannitol,Quinapril,Moderate
DDInter1554,Quinapril,DDInter1495,Potassium acetate,Potassium acetate,Quinapril,Major
DDInter1497,Potassium chloride,DDInter1554,Quinapril,Potassium chloride,Quinapril,Major
DDInter469,Dalfopristin,DDInter108,Apixaban,Apixaban,Dalfopristin,Moderate
DDInter379,Cilostazol,DDInter469,Dalfopristin,Cilostazol,Dalfopristin,Major
DDInter469,Dalfopristin,DDInter785,Fostamatinib,Dalfopristin,Fostamatinib,Moderate
DDInter469,Dalfopristin,DDInter1609,Rivaroxaban,Dalfopristin,Rivaroxaban,Moderate
DDInter469,Dalfopristin,DDInter1802,Ticagrelor,Dalfopristin,Ticagrelor,Moderate
DDInter542,Dicoumarol,DDInter1562,Raloxifene,Dicoumarol,Raloxifene,Minor
DDInter1562,Raloxifene,DDInter1951,Warfarin,Raloxifene,Warfarin,Minor
DDInter1581,Repaglinide,DDInter856,Heparin,Heparin,Repaglinide,Moderate
DDInter1723,Sulfamethizole,DDInter1581,Repaglinide,Repaglinide,Sulfamethizole,Moderate
DDInter1804,Ticlopidine,DDInter1619,Ropinirole,Ropinirole,Ticlopidine,Moderate
DDInter1619,Ropinirole,DDInter1951,Warfarin,Ropinirole,Warfarin,Moderate
DDInter542,Dicoumarol,DDInter1587,Ribavirin,Dicoumarol,Ribavirin,Moderate
DDInter1951,Warfarin,DDInter1587,Ribavirin,Ribavirin,Warfarin,Moderate
DDInter1951,Warfarin,DDInter1590,Rifampicin,Rifampicin,Warfarin,Major
DDInter226,Botulinum Toxin Type B,DDInter1277,Neomycin,Botulinum Toxin Type B,Neomycin,Major
DDInter1964,Zinc chloride,DDInter1602,Risankizumab,Risankizumab,Zinc chloride,Minor
DDInter1605,Risperidone,DDInter785,Fostamatinib,Fostamatinib,Risperidone,Moderate
DDInter1605,Risperidone,DDInter1115,Magnesium citrate,Magnesium citrate,Risperidone,Moderate
DDInter1608,Rituximab,DDInter1964,Zinc chloride,Rituximab,Zinc chloride,Minor
DDInter1833,Tolvaptan,DDInter785,Fostamatinib,Fostamatinib,Tolvaptan,Moderate
DDInter856,Heparin,DDInter1833,Tolvaptan,Heparin,Tolvaptan,Moderate
DDInter1833,Tolvaptan,DDInter1106,Lusutrombopag,Lusutrombopag,Tolvaptan,Moderate
DDInter1833,Tolvaptan,DDInter1495,Potassium acetate,Potassium acetate,Tolvaptan,Moderate
DDInter1497,Potassium chloride,DDInter1833,Tolvaptan,Potassium chloride,Tolvaptan,Moderate
DDInter1833,Tolvaptan,DDInter1609,Rivaroxaban,Rivaroxaban,Tolvaptan,Moderate
DDInter1833,Tolvaptan,DDInter1656,Selexipag,Selexipag,Tolvaptan,Moderate
DDInter1833,Tolvaptan,DDInter1685,Sodium chloride,Sodium chloride,Tolvaptan,Moderate
DDInter1833,Tolvaptan,DDInter1802,Ticagrelor,Ticagrelor,Tolvaptan,Moderate
DDInter1886,Trospium,DDInter1497,Potassium chloride,Potassium chloride,Trospium,Major
DDInter1679,Sitagliptin,DDInter785,Fostamatinib,Fostamatinib,Sitagliptin,Moderate
DDInter1688,Sodium glycerophosphate,DDInter661,Erdafitinib,Erdafitinib,Sodium glycerophosphate,Major
DDInter657,Epoprostenol,DDInter1306,Nitrous acid,Epoprostenol,Nitrous acid,Moderate
DDInter908,Iloprost,DDInter1306,Nitrous acid,Iloprost,Nitrous acid,Moderate
DDInter1123,Mannitol,DDInter1306,Nitrous acid,Mannitol,Nitrous acid,Moderate
DDInter1306,Nitrous acid,DDInter1656,Selexipag,Nitrous acid,Selexipag,Moderate
DDInter1723,Sulfamethizole,DDInter1306,Nitrous acid,Nitrous acid,Sulfamethizole,Major
DDInter1852,Treprostinil,DDInter1306,Nitrous acid,Nitrous acid,Treprostinil,Moderate
DDInter1903,Urea,DDInter1306,Nitrous acid,Nitrous acid,Urea,Moderate
DDInter1830,Tolevamer,DDInter975,Iron,Iron,Tolevamer,Moderate
DDInter1830,Tolevamer,DDInter725,Ferrous fumarate,Ferrous fumarate,Tolevamer,Moderate
DDInter1830,Tolevamer,DDInter726,Ferrous gluconate,Ferrous gluconate,Tolevamer,Moderate
DDInter1830,Tolevamer,DDInter1114,Magnesium chloride,Magnesium chloride,Tolevamer,Moderate
DDInter1830,Tolevamer,DDInter1115,Magnesium citrate,Magnesium citrate,Tolevamer,Moderate
DDInter1120,Magnesium sulfate,DDInter1830,Tolevamer,Magnesium sulfate,Tolevamer,Moderate
DDInter1830,Tolevamer,DDInter1703,Sorbitol,Sorbitol,Tolevamer,Major
DDInter67,Amikacin (liposome),DDInter1120,Magnesium sulfate,Amikacin (liposome),Magnesium sulfate,Major
DDInter20,Acetylsalicylic acid,DDInter1693,Sodium sulfate,Acetylsalicylic acid,Sodium sulfate,Moderate
DDInter1120,Magnesium sulfate,DDInter135,Atracurium,Atracurium,Magnesium sulfate,Moderate
DDInter975,Iron,DDInter1693,Sodium sulfate,Iron,Sodium sulfate,Moderate
DDInter379,Cilostazol,DDInter1693,Sodium sulfate,Cilostazol,Sodium sulfate,Moderate
DDInter1120,Magnesium sulfate,DDInter383,Cinoxacin,Cinoxacin,Magnesium sulfate,Moderate
DDInter498,Demeclocycline,DDInter1120,Magnesium sulfate,Demeclocycline,Magnesium sulfate,Moderate
DDInter1120,Magnesium sulfate,DDInter558,Dihydrotachysterol,Dihydrotachysterol,Magnesium sulfate,Moderate
DDInter644,Enoxacin,DDInter1120,Magnesium sulfate,Enoxacin,Magnesium sulfate,Moderate
DDInter1120,Magnesium sulfate,DDInter661,Erdafitinib,Erdafitinib,Magnesium sulfate,Major
DDInter662,Ergocalciferol,DDInter1120,Magnesium sulfate,Ergocalciferol,Magnesium sulfate,Moderate
DDInter1120,Magnesium sulfate,DDInter698,Etidronic acid,Etidronic acid,Magnesium sulfate,Moderate
DDInter1120,Magnesium sulfate,DDInter716,Felodipine,Felodipine,Magnesium sulfate,Moderate
DDInter1693,Sodium sulfate,DDInter725,Ferrous fumarate,Ferrous fumarate,Sodium sulfate,Moderate
DDInter1693,Sodium sulfate,DDInter726,Ferrous gluconate,Ferrous gluconate,Sodium sulfate,Moderate
DDInter1120,Magnesium sulfate,DDInter746,Fludeoxyglucose (18F),Fludeoxyglucose (18F),Magnesium sulfate,Moderate
DDInter1120,Magnesium sulfate,DDInter747,Fludrocortisone,Fludrocortisone,Magnesium sulfate,Moderate
DDInter1120,Magnesium sulfate,DDInter809,Gatifloxacin,Gatifloxacin,Magnesium sulfate,Moderate
DDInter1120,Magnesium sulfate,DDInter813,Gemifloxacin,Gemifloxacin,Magnesium sulfate,Moderate
DDInter1120,Magnesium sulfate,DDInter815,Gentamicin,Gentamicin,Magnesium sulfate,Major
DDInter1120,Magnesium sulfate,DDInter973,Irinotecan,Irinotecan,Magnesium sulfate,Moderate
DDInter1120,Magnesium sulfate,DDInter974,Irinotecan (liposomal),Irinotecan (liposomal),Magnesium sulfate,Moderate
DDInter1120,Magnesium sulfate,DDInter1004,Kanamycin,Kanamycin,Magnesium sulfate,Major
DDInter1018,Lactulose,DDInter1120,Magnesium sulfate,Lactulose,Magnesium sulfate,Moderate
DDInter1120,Magnesium sulfate,DDInter1045,Levamlodipine,Levamlodipine,Magnesium sulfate,Moderate
DDInter1120,Magnesium sulfate,DDInter1055,Levofloxacin,Levofloxacin,Magnesium sulfate,Moderate
DDInter1120,Magnesium sulfate,DDInter1084,Lomefloxacin,Lomefloxacin,Magnesium sulfate,Moderate
DDInter1120,Magnesium sulfate,DDInter1113,Magnesium carbonate,Magnesium carbonate,Magnesium sulfate,Moderate
DDInter1120,Magnesium sulfate,DDInter1114,Magnesium chloride,Magnesium chloride,Magnesium sulfate,Moderate
DDInter1120,Magnesium sulfate,DDInter1115,Magnesium citrate,Magnesium citrate,Magnesium sulfate,Moderate
DDInter1120,Magnesium sulfate,DDInter1116,Magnesium gluconate,Magnesium gluconate,Magnesium sulfate,Moderate
DDInter1120,Magnesium sulfate,DDInter1118,Magnesium hydroxide,Magnesium hydroxide,Magnesium sulfate,Moderate
DDInter1123,Mannitol,DDInter1693,Sodium sulfate,Mannitol,Sodium sulfate,Moderate
DDInter1120,Magnesium sulfate,DDInter1191,Methylprednisolone,Magnesium sulfate,Methylprednisolone,Moderate
DDInter1120,Magnesium sulfate,DDInter1235,Mivacurium,Magnesium sulfate,Mivacurium,Moderate
DDInter1247,Moxifloxacin,DDInter1120,Magnesium sulfate,Magnesium sulfate,Moxifloxacin,Moderate
DDInter1120,Magnesium sulfate,DDInter1259,Nalidixic acid,Magnesium sulfate,Nalidixic acid,Moderate
DDInter1120,Magnesium sulfate,DDInter1277,Neomycin,Magnesium sulfate,Neomycin,Major
DDInter1120,Magnesium sulfate,DDInter1283,Netilmicin,Magnesium sulfate,Netilmicin,Major
DDInter1287,Nicardipine,DDInter1120,Magnesium sulfate,Magnesium sulfate,Nicardipine,Moderate
DDInter1295,Nimodipine,DDInter1120,Magnesium sulfate,Magnesium sulfate,Nimodipine,Moderate
DDInter1298,Nisoldipine,DDInter1120,Magnesium sulfate,Magnesium sulfate,Nisoldipine,Moderate
DDInter1120,Magnesium sulfate,DDInter1313,Norfloxacin,Magnesium sulfate,Norfloxacin,Moderate
DDInter1120,Magnesium sulfate,DDInter1325,Ofloxacin,Magnesium sulfate,Ofloxacin,Moderate
DDInter1374,Oxytetracycline,DDInter1120,Magnesium sulfate,Magnesium sulfate,Oxytetracycline,Moderate
DDInter1120,Magnesium sulfate,DDInter1385,Pancuronium,Magnesium sulfate,Pancuronium,Moderate
DDInter1120,Magnesium sulfate,DDInter1394,Paricalcitol,Magnesium sulfate,Paricalcitol,Moderate
DDInter1120,Magnesium sulfate,DDInter1419,Penicillamine,Magnesium sulfate,Penicillamine,Moderate
DDInter1120,Magnesium sulfate,DDInter1482,Plazomicin,Magnesium sulfate,Plazomicin,Major
DDInter1120,Magnesium sulfate,DDInter1513,Prednisolone,Magnesium sulfate,Prednisolone,Moderate
DDInter1515,Prednisone,DDInter1120,Magnesium sulfate,Magnesium sulfate,Prednisone,Moderate
DDInter1120,Magnesium sulfate,DDInter1563,Raltegravir,Magnesium sulfate,Raltegravir,Moderate
DDInter1120,Magnesium sulfate,DDInter1612,Rocuronium,Magnesium sulfate,Rocuronium,Moderate
DDInter1120,Magnesium sulfate,DDInter1641,Sarecycline,Magnesium sulfate,Sarecycline,Moderate
DDInter1120,Magnesium sulfate,DDInter1713,Streptomycin,Magnesium sulfate,Streptomycin,Major
DDInter1120,Magnesium sulfate,DDInter1808,Tiludronic acid,Magnesium sulfate,Tiludronic acid,Moderate
DDInter1120,Magnesium sulfate,DDInter1822,Tobramycin,Magnesium sulfate,Tobramycin,Major
DDInter1857,Triamcinolone (ophthalmic),DDInter1120,Magnesium sulfate,Magnesium sulfate,Triamcinolone (ophthalmic),Moderate
DDInter1120,Magnesium sulfate,DDInter1887,Trovafloxacin,Magnesium sulfate,Trovafloxacin,Moderate
DDInter1903,Urea,DDInter1693,Sodium sulfate,Sodium sulfate,Urea,Moderate
DDInter1120,Magnesium sulfate,DDInter1922,Vecuronium,Magnesium sulfate,Vecuronium,Moderate
DDInter108,Apixaban,DDInter1924,Velpatasvir,Apixaban,Velpatasvir,Moderate
DDInter1924,Velpatasvir,DDInter200,Betrixaban,Betrixaban,Velpatasvir,Moderate
DDInter542,Dicoumarol,DDInter1924,Velpatasvir,Dicoumarol,Velpatasvir,Moderate
DDInter621,Edoxaban,DDInter1924,Velpatasvir,Edoxaban,Velpatasvir,Major
DDInter1924,Velpatasvir,DDInter1106,Lusutrombopag,Lusutrombopag,Velpatasvir,Moderate
DDInter1683,Sodium bicarbonate,DDInter1924,Velpatasvir,Sodium bicarbonate,Velpatasvir,Moderate
DDInter1686,Sodium citrate,DDInter1924,Velpatasvir,Sodium citrate,Velpatasvir,Moderate
DDInter108,Apixaban,DDInter1950,Voxilaprevir,Apixaban,Voxilaprevir,Moderate
DDInter621,Edoxaban,DDInter1950,Voxilaprevir,Edoxaban,Voxilaprevir,Major
DDInter631,Eltrombopag,DDInter1950,Voxilaprevir,Eltrombopag,Voxilaprevir,Moderate
DDInter542,Dicoumarol,DDInter1744,Tamoxifen,Dicoumarol,Tamoxifen,Major
DDInter1744,Tamoxifen,DDInter785,Fostamatinib,Fostamatinib,Tamoxifen,Moderate
DDInter1744,Tamoxifen,DDInter1106,Lusutrombopag,Lusutrombopag,Tamoxifen,Moderate
DDInter1744,Tamoxifen,DDInter1508,Prasugrel,Prasugrel,Tamoxifen,Minor
DDInter1744,Tamoxifen,DDInter1951,Warfarin,Tamoxifen,Warfarin,Major
DDInter1918,Vardenafil,DDInter657,Epoprostenol,Epoprostenol,Vardenafil,Moderate
DDInter1918,Vardenafil,DDInter785,Fostamatinib,Fostamatinib,Vardenafil,Moderate
DDInter1918,Vardenafil,DDInter908,Iloprost,Iloprost,Vardenafil,Moderate
DDInter1918,Vardenafil,DDInter1115,Magnesium citrate,Magnesium citrate,Vardenafil,Moderate
DDInter1723,Sulfamethizole,DDInter1918,Vardenafil,Sulfamethizole,Vardenafil,Moderate
DDInter1852,Treprostinil,DDInter1918,Vardenafil,Treprostinil,Vardenafil,Moderate
DDInter498,Demeclocycline,DDInter978,Iron sucrose,Demeclocycline,Iron sucrose,Moderate
DDInter558,Dihydrotachysterol,DDInter978,Iron sucrose,Dihydrotachysterol,Iron sucrose,Moderate
DDInter978,Iron sucrose,DDInter661,Erdafitinib,Erdafitinib,Iron sucrose,Major
DDInter662,Ergocalciferol,DDInter978,Iron sucrose,Ergocalciferol,Iron sucrose,Moderate
DDInter698,Etidronic acid,DDInter978,Iron sucrose,Etidronic acid,Iron sucrose,Moderate
DDInter1374,Oxytetracycline,DDInter978,Iron sucrose,Iron sucrose,Oxytetracycline,Moderate
DDInter1394,Paricalcitol,DDInter978,Iron sucrose,Iron sucrose,Paricalcitol,Moderate
DDInter978,Iron sucrose,DDInter1641,Sarecycline,Iron sucrose,Sarecycline,Moderate
DDInter1783,Tetracycline,DDInter978,Iron sucrose,Iron sucrose,Tetracycline,Moderate
DDInter1808,Tiludronic acid,DDInter978,Iron sucrose,Iron sucrose,Tiludronic acid,Moderate
DDInter1718,Sufentanil,DDInter785,Fostamatinib,Fostamatinib,Sufentanil,Moderate
DDInter1718,Sufentanil,DDInter1508,Prasugrel,Prasugrel,Sufentanil,Moderate
DDInter1718,Sufentanil,DDInter1802,Ticagrelor,Sufentanil,Ticagrelor,Moderate
DDInter542,Dicoumarol,DDInter1724,Sulfamethoxazole,Dicoumarol,Sulfamethoxazole,Major
DDInter1874,Trimethoprim,DDInter1106,Lusutrombopag,Lusutrombopag,Trimethoprim,Moderate
DDInter1874,Trimethoprim,DDInter1495,Potassium acetate,Potassium acetate,Trimethoprim,Major
DDInter1874,Trimethoprim,DDInter1497,Potassium chloride,Potassium chloride,Trimethoprim,Major
DDInter1874,Trimethoprim,DDInter1656,Selexipag,Selexipag,Trimethoprim,Moderate
DDInter1852,Treprostinil,DDInter1874,Trimethoprim,Treprostinil,Trimethoprim,Moderate
DDInter1951,Warfarin,DDInter1724,Sulfamethoxazole,Sulfamethoxazole,Warfarin,Major
DDInter1266,Naproxen,DDInter908,Iloprost,Iloprost,Naproxen,Moderate
DDInter1266,Naproxen,DDInter1106,Lusutrombopag,Lusutrombopag,Naproxen,Moderate
DDInter1266,Naproxen,DDInter1683,Sodium bicarbonate,Naproxen,Sodium bicarbonate,Minor
DDInter1266,Naproxen,DDInter1802,Ticagrelor,Naproxen,Ticagrelor,Moderate
DDInter1852,Treprostinil,DDInter1266,Naproxen,Naproxen,Treprostinil,Moderate
DDInter542,Dicoumarol,DDInter1783,Tetracycline,Dicoumarol,Tetracycline,Moderate
DDInter1123,Mannitol,DDInter1783,Tetracycline,Mannitol,Tetracycline,Minor
DDInter1951,Warfarin,DDInter1783,Tetracycline,Tetracycline,Warfarin,Moderate
DDInter1106,Lusutrombopag,DDInter1752,Tedizolid,Lusutrombopag,Tedizolid,Moderate
DDInter1609,Rivaroxaban,DDInter1752,Tedizolid,Rivaroxaban,Tedizolid,Moderate
DDInter1656,Selexipag,DDInter1752,Tedizolid,Selexipag,Tedizolid,Moderate
DDInter1759,Telmisartan,DDInter645,Enoxaparin,Enoxaparin,Telmisartan,Moderate
DDInter1759,Telmisartan,DDInter856,Heparin,Heparin,Telmisartan,Moderate
DDInter1759,Telmisartan,DDInter1495,Potassium acetate,Potassium acetate,Telmisartan,Major
DDInter1497,Potassium chloride,DDInter1759,Telmisartan,Potassium chloride,Telmisartan,Major
DDInter1759,Telmisartan,DDInter1812,Tinzaparin,Telmisartan,Tinzaparin,Moderate
DDInter1951,Warfarin,DDInter1759,Telmisartan,Telmisartan,Warfarin,Minor
DDInter542,Dicoumarol,DDInter1803,Ticarcillin,Dicoumarol,Ticarcillin,Moderate
DDInter856,Heparin,DDInter1803,Ticarcillin,Heparin,Ticarcillin,Minor
DDInter1951,Warfarin,DDInter1803,Ticarcillin,Ticarcillin,Warfarin,Moderate
DDInter542,Dicoumarol,DDInter1805,Tigecycline,Dicoumarol,Tigecycline,Moderate
DDInter1805,Tigecycline,DDInter1951,Warfarin,Tigecycline,Warfarin,Moderate
DDInter1806,Tildrakizumab,DDInter1964,Zinc chloride,Tildrakizumab,Zinc chloride,Minor
DDInter653,Epinephrine (ophthalmic),DDInter1331,Olodaterol,Epinephrine (ophthalmic),Olodaterol,Moderate
DDInter654,Epinephrine (topical),DDInter1331,Olodaterol,Epinephrine (topical),Olodaterol,Moderate
DDInter1123,Mannitol,DDInter1331,Olodaterol,Mannitol,Olodaterol,Moderate
DDInter99,Anistreplase,DDInter1843,Trandolapril,Anistreplase,Trandolapril,Moderate
DDInter1843,Trandolapril,DDInter645,Enoxaparin,Enoxaparin,Trandolapril,Moderate
DDInter671,Erythropoietin,DDInter1843,Trandolapril,Erythropoietin,Trandolapril,Minor
DDInter1843,Trandolapril,DDInter856,Heparin,Heparin,Trandolapril,Moderate
DDInter1843,Trandolapril,DDInter902,Icatibant,Icatibant,Trandolapril,Moderate
DDInter1843,Trandolapril,DDInter978,Iron sucrose,Iron sucrose,Trandolapril,Moderate
DDInter1843,Trandolapril,DDInter1123,Mannitol,Mannitol,Trandolapril,Moderate
DDInter1843,Trandolapril,DDInter1495,Potassium acetate,Potassium acetate,Trandolapril,Major
DDInter1843,Trandolapril,DDInter1497,Potassium chloride,Potassium chloride,Trandolapril,Major
DDInter1585,Reteplase,DDInter1843,Trandolapril,Reteplase,Trandolapril,Moderate
DDInter1843,Trandolapril,DDInter1656,Selexipag,Selexipag,Trandolapril,Moderate
DDInter1712,Streptokinase,DDInter1843,Trandolapril,Streptokinase,Trandolapril,Moderate
DDInter1764,Tenecteplase,DDInter1843,Trandolapril,Tenecteplase,Trandolapril,Moderate
DDInter1843,Trandolapril,DDInter1812,Tinzaparin,Tinzaparin,Trandolapril,Moderate
DDInter1905,Urokinase,DDInter1843,Trandolapril,Trandolapril,Urokinase,Moderate
DDInter1879,Triprolidine,DDInter1497,Potassium chloride,Potassium chloride,Triprolidine,Major
DDInter975,Iron,DDInter1864,Triethylenetetramine,Iron,Triethylenetetramine,Moderate
DDInter1864,Triethylenetetramine,DDInter725,Ferrous fumarate,Ferrous fumarate,Triethylenetetramine,Moderate
DDInter1864,Triethylenetetramine,DDInter726,Ferrous gluconate,Ferrous gluconate,Triethylenetetramine,Moderate
DDInter1864,Triethylenetetramine,DDInter1114,Magnesium chloride,Magnesium chloride,Triethylenetetramine,Moderate
DDInter1864,Triethylenetetramine,DDInter1115,Magnesium citrate,Magnesium citrate,Triethylenetetramine,Moderate
DDInter1880,Triptorelin,DDInter1115,Magnesium citrate,Magnesium citrate,Triptorelin,Moderate
DDInter16,Acetohexamide,DDInter1883,Tromethamine,Acetohexamide,Tromethamine,Minor
DDInter498,Demeclocycline,DDInter1883,Tromethamine,Demeclocycline,Tromethamine,Moderate
DDInter650,Ephedrine,DDInter1883,Tromethamine,Ephedrine,Tromethamine,Moderate
DDInter651,Ephedrine (nasal),DDInter1883,Tromethamine,Ephedrine (nasal),Tromethamine,Moderate
DDInter740,Flecainide,DDInter1883,Tromethamine,Flecainide,Tromethamine,Minor
DDInter826,Glipizide,DDInter1883,Tromethamine,Glipizide,Tromethamine,Minor
DDInter831,Glyburide,DDInter1883,Tromethamine,Glyburide,Tromethamine,Minor
DDInter1078,Lisdexamfetamine,DDInter1883,Tromethamine,Lisdexamfetamine,Tromethamine,Moderate
DDInter1883,Tromethamine,DDInter1081,Lithium carbonate,Lithium carbonate,Tromethamine,Moderate
DDInter1130,Mecamylamine,DDInter1883,Tromethamine,Mecamylamine,Tromethamine,Moderate
DDInter1161,Metamfetamine,DDInter1883,Tromethamine,Metamfetamine,Tromethamine,Moderate
DDInter1374,Oxytetracycline,DDInter1883,Tromethamine,Oxytetracycline,Tromethamine,Moderate
DDInter1556,Quinidine,DDInter1883,Tromethamine,Quinidine,Tromethamine,Moderate
DDInter1637,Salsalate,DDInter1883,Tromethamine,Salsalate,Tromethamine,Moderate
DDInter1633,Salicylic acid (sodium),DDInter1883,Tromethamine,Salicylic acid (sodium),Tromethamine,Moderate
DDInter1826,Tolazamide,DDInter1883,Tromethamine,Tolazamide,Tromethamine,Minor
DDInter1828,Tolbutamide,DDInter1883,Tromethamine,Tolbutamide,Tromethamine,Minor
DDInter1841,Tramadol,DDInter542,Dicoumarol,Dicoumarol,Tramadol,Moderate
DDInter1841,Tramadol,DDInter1951,Warfarin,Tramadol,Warfarin,Moderate
DDInter379,Cilostazol,DDInter1934,Vilanterol,Cilostazol,Vilanterol,Moderate
DDInter652,Epinephrine,DDInter1934,Vilanterol,Epinephrine,Vilanterol,Moderate
DDInter653,Epinephrine (ophthalmic),DDInter1934,Vilanterol,Epinephrine (ophthalmic),Vilanterol,Moderate
DDInter654,Epinephrine (topical),DDInter1934,Vilanterol,Epinephrine (topical),Vilanterol,Moderate
DDInter1934,Vilanterol,DDInter785,Fostamatinib,Fostamatinib,Vilanterol,Moderate
DDInter1123,Mannitol,DDInter1934,Vilanterol,Mannitol,Vilanterol,Moderate
DDInter1916,Vancomycin,DDInter1277,Neomycin,Neomycin,Vancomycin,Moderate
DDInter1923,Vedolizumab,DDInter1964,Zinc chloride,Vedolizumab,Zinc chloride,Minor
DDInter542,Dicoumarol,DDInter1947,Vorinostat,Dicoumarol,Vorinostat,Moderate
DDInter1951,Warfarin,DDInter1947,Vorinostat,Vorinostat,Warfarin,Moderate
DDInter975,Iron,DDInter1963,Zinc acetate,Iron,Zinc acetate,Minor
DDInter1963,Zinc acetate,DDInter725,Ferrous fumarate,Ferrous fumarate,Zinc acetate,Minor
DDInter1963,Zinc acetate,DDInter726,Ferrous gluconate,Ferrous gluconate,Zinc acetate,Minor
DDInter99,Anistreplase,DDInter926,Inotersen,Anistreplase,Inotersen,Major
DDInter117,Argatroban,DDInter926,Inotersen,Argatroban,Inotersen,Major
DDInter471,Danaparoid,DDInter926,Inotersen,Danaparoid,Inotersen,Major
DDInter542,Dicoumarol,DDInter926,Inotersen,Dicoumarol,Inotersen,Major
DDInter605,Drotrecogin alfa,DDInter926,Inotersen,Drotrecogin alfa,Inotersen,Major
DDInter645,Enoxaparin,DDInter926,Inotersen,Enoxaparin,Inotersen,Major
DDInter657,Epoprostenol,DDInter926,Inotersen,Epoprostenol,Inotersen,Major
DDInter659,Eptifibatide,DDInter926,Inotersen,Eptifibatide,Inotersen,Major
DDInter775,Fondaparinux,DDInter926,Inotersen,Fondaparinux,Inotersen,Major
DDInter855,Hemin,DDInter926,Inotersen,Hemin,Inotersen,Moderate
DDInter856,Heparin,DDInter926,Inotersen,Heparin,Inotersen,Major
DDInter908,Iloprost,DDInter926,Inotersen,Iloprost,Inotersen,Major
DDInter1037,Lepirudin,DDInter926,Inotersen,Inotersen,Lepirudin,Major
DDInter1277,Neomycin,DDInter926,Inotersen,Inotersen,Neomycin,Major
DDInter1508,Prasugrel,DDInter926,Inotersen,Inotersen,Prasugrel,Major
DDInter1585,Reteplase,DDInter926,Inotersen,Inotersen,Reteplase,Major
DDInter1609,Rivaroxaban,DDInter926,Inotersen,Inotersen,Rivaroxaban,Major
DDInter1712,Streptokinase,DDInter926,Inotersen,Inotersen,Streptokinase,Major
DDInter1764,Tenecteplase,DDInter926,Inotersen,Inotersen,Tenecteplase,Major
DDInter1802,Ticagrelor,DDInter926,Inotersen,Inotersen,Ticagrelor,Major
DDInter1804,Ticlopidine,DDInter926,Inotersen,Inotersen,Ticlopidine,Major
DDInter1812,Tinzaparin,DDInter926,Inotersen,Inotersen,Tinzaparin,Major
DDInter1818,Tirofiban,DDInter926,Inotersen,Inotersen,Tirofiban,Major
DDInter1852,Treprostinil,DDInter926,Inotersen,Inotersen,Treprostinil,Major
DDInter1905,Urokinase,DDInter926,Inotersen,Inotersen,Urokinase,Major
DDInter1945,Vorapaxar,DDInter926,Inotersen,Inotersen,Vorapaxar,Major
DDInter1951,Warfarin,DDInter926,Inotersen,Inotersen,Warfarin,Major
DDInter927,Inotuzumab ozogamicin,DDInter1115,Magnesium citrate,Inotuzumab ozogamicin,Magnesium citrate,Moderate
DDInter929,Insulin aspart (aspart),DDInter1495,Potassium acetate,Insulin aspart (aspart),Potassium acetate,Minor
DDInter1497,Potassium chloride,DDInter929,Insulin aspart (aspart),Insulin aspart (aspart),Potassium chloride,Minor
DDInter1723,Sulfamethizole,DDInter929,Insulin aspart (aspart),Insulin aspart (aspart),Sulfamethizole,Moderate
DDInter930,Insulin degludec,DDInter1495,Potassium acetate,Insulin degludec,Potassium acetate,Minor
DDInter1497,Potassium chloride,DDInter930,Insulin degludec,Insulin degludec,Potassium chloride,Minor
DDInter1723,Sulfamethizole,DDInter930,Insulin degludec,Insulin degludec,Sulfamethizole,Moderate
DDInter931,Insulin detemir,DDInter1495,Potassium acetate,Insulin detemir,Potassium acetate,Minor
DDInter1497,Potassium chloride,DDInter931,Insulin detemir,Insulin detemir,Potassium chloride,Minor
DDInter1723,Sulfamethizole,DDInter931,Insulin detemir,Insulin detemir,Sulfamethizole,Moderate
DDInter932,Insulin glargine,DDInter1495,Potassium acetate,Insulin glargine,Potassium acetate,Minor
DDInter932,Insulin glargine,DDInter1497,Potassium chloride,Insulin glargine,Potassium chloride,Minor
DDInter932,Insulin glargine,DDInter1723,Sulfamethizole,Insulin glargine,Sulfamethizole,Moderate
DDInter933,Insulin glulisine,DDInter1495,Potassium acetate,Insulin glulisine,Potassium acetate,Minor
DDInter1497,Potassium chloride,DDInter933,Insulin glulisine,Insulin glulisine,Potassium chloride,Minor
DDInter1723,Sulfamethizole,DDInter933,Insulin glulisine,Insulin glulisine,Sulfamethizole,Moderate
DDInter936,Insulin human (isophane),DDInter1495,Potassium acetate,Insulin human (isophane),Potassium acetate,Minor
DDInter936,Insulin human (isophane),DDInter1497,Potassium chloride,Insulin human (isophane),Potassium chloride,Minor
DDInter936,Insulin human (isophane),DDInter1723,Sulfamethizole,Insulin human (isophane),Sulfamethizole,Moderate
DDInter937,Insulin human (regular),DDInter1723,Sulfamethizole,Insulin human (regular),Sulfamethizole,Moderate
DDInter935,"Insulin human (inhalation, rapid acting)",DDInter908,Iloprost,Iloprost,"Insulin human (inhalation, rapid acting)",Moderate
DDInter935,"Insulin human (inhalation, rapid acting)",DDInter1495,Potassium acetate,"Insulin human (inhalation, rapid acting)",Potassium acetate,Minor
DDInter935,"Insulin human (inhalation, rapid acting)",DDInter1497,Potassium chloride,"Insulin human (inhalation, rapid acting)",Potassium chloride,Minor
DDInter935,"Insulin human (inhalation, rapid acting)",DDInter1723,Sulfamethizole,"Insulin human (inhalation, rapid acting)",Sulfamethizole,Moderate
DDInter937,Insulin human (regular),DDInter1495,Potassium acetate,Insulin human (regular),Potassium acetate,Minor
DDInter937,Insulin human (regular),DDInter1497,Potassium chloride,Insulin human (regular),Potassium chloride,Minor
DDInter943,Interferon alfa-2b,DDInter542,Dicoumarol,Dicoumarol,Interferon alfa-2b,Moderate
DDInter943,Interferon alfa-2b,DDInter1951,Warfarin,Interferon alfa-2b,Warfarin,Moderate
DDInter947,Interferon beta-1a,DDInter542,Dicoumarol,Dicoumarol,Interferon beta-1a,Moderate
DDInter947,Interferon beta-1a,DDInter785,Fostamatinib,Fostamatinib,Interferon beta-1a,Moderate
DDInter947,Interferon beta-1a,DDInter1723,Sulfamethizole,Interferon beta-1a,Sulfamethizole,Moderate
DDInter947,Interferon beta-1a,DDInter1951,Warfarin,Interferon beta-1a,Warfarin,Moderate
DDInter948,Interferon beta-1b,DDInter542,Dicoumarol,Dicoumarol,Interferon beta-1b,Moderate
DDInter948,Interferon beta-1b,DDInter785,Fostamatinib,Fostamatinib,Interferon beta-1b,Moderate
DDInter948,Interferon beta-1b,DDInter1723,Sulfamethizole,Interferon beta-1b,Sulfamethizole,Moderate
DDInter948,Interferon beta-1b,DDInter1951,Warfarin,Interferon beta-1b,Warfarin,Moderate
DDInter949,Interferon gamma-1b,DDInter542,Dicoumarol,Dicoumarol,Interferon gamma-1b,Moderate
DDInter949,Interferon gamma-1b,DDInter1951,Warfarin,Interferon gamma-1b,Warfarin,Moderate
DDInter1381,Paliperidone,DDInter1115,Magnesium citrate,Magnesium citrate,Paliperidone,Moderate
DDInter542,Dicoumarol,DDInter1640,Saquinavir,Dicoumarol,Saquinavir,Moderate
DDInter1640,Saquinavir,DDInter785,Fostamatinib,Fostamatinib,Saquinavir,Major
DDInter1640,Saquinavir,DDInter1106,Lusutrombopag,Lusutrombopag,Saquinavir,Moderate
DDInter1640,Saquinavir,DDInter1115,Magnesium citrate,Magnesium citrate,Saquinavir,Moderate
DDInter1640,Saquinavir,DDInter1609,Rivaroxaban,Rivaroxaban,Saquinavir,Major
DDInter1640,Saquinavir,DDInter1802,Ticagrelor,Saquinavir,Ticagrelor,Major
DDInter1640,Saquinavir,DDInter1945,Vorapaxar,Saquinavir,Vorapaxar,Major
DDInter1951,Warfarin,DDInter1640,Saquinavir,Saquinavir,Warfarin,Moderate
DDInter1123,Mannitol,DDInter964,Iopromide,Iopromide,Mannitol,Moderate
DDInter1277,Neomycin,DDInter964,Iopromide,Iopromide,Neomycin,Major
DDInter1903,Urea,DDInter964,Iopromide,Iopromide,Urea,Moderate
DDInter117,Argatroban,DDInter969,Ipilimumab,Argatroban,Ipilimumab,Major
DDInter969,Ipilimumab,DDInter471,Danaparoid,Danaparoid,Ipilimumab,Major
DDInter542,Dicoumarol,DDInter969,Ipilimumab,Dicoumarol,Ipilimumab,Major
DDInter645,Enoxaparin,DDInter969,Ipilimumab,Enoxaparin,Ipilimumab,Major
DDInter775,Fondaparinux,DDInter969,Ipilimumab,Fondaparinux,Ipilimumab,Major
DDInter856,Heparin,DDInter969,Ipilimumab,Heparin,Ipilimumab,Major
DDInter1037,Lepirudin,DDInter969,Ipilimumab,Ipilimumab,Lepirudin,Major
DDInter969,Ipilimumab,DDInter1609,Rivaroxaban,Ipilimumab,Rivaroxaban,Major
DDInter969,Ipilimumab,DDInter1812,Tinzaparin,Ipilimumab,Tinzaparin,Major
DDInter1951,Warfarin,DDInter969,Ipilimumab,Ipilimumab,Warfarin,Major
DDInter972,Irbesartan,DDInter645,Enoxaparin,Enoxaparin,Irbesartan,Moderate
DDInter972,Irbesartan,DDInter856,Heparin,Heparin,Irbesartan,Moderate
DDInter972,Irbesartan,DDInter908,Iloprost,Iloprost,Irbesartan,Moderate
DDInter972,Irbesartan,DDInter1495,Potassium acetate,Irbesartan,Potassium acetate,Major
DDInter1497,Potassium chloride,DDInter972,Irbesartan,Irbesartan,Potassium chloride,Major
DDInter972,Irbesartan,DDInter1812,Tinzaparin,Irbesartan,Tinzaparin,Moderate
DDInter1852,Treprostinil,DDInter972,Irbesartan,Irbesartan,Treprostinil,Moderate
DDInter973,Irinotecan,DDInter785,Fostamatinib,Fostamatinib,Irinotecan,Moderate
DDInter973,Irinotecan,DDInter1115,Magnesium citrate,Irinotecan,Magnesium citrate,Moderate
DDInter1123,Mannitol,DDInter973,Irinotecan,Irinotecan,Mannitol,Moderate
DDInter973,Irinotecan,DDInter1802,Ticagrelor,Irinotecan,Ticagrelor,Moderate
DDInter976,Iron Dextran,DDInter975,Iron,Iron,Iron Dextran,Moderate
DDInter976,Iron Dextran,DDInter725,Ferrous fumarate,Ferrous fumarate,Iron Dextran,Moderate
DDInter976,Iron Dextran,DDInter726,Ferrous gluconate,Ferrous gluconate,Iron Dextran,Moderate
DDInter975,Iron,DDInter978,Iron sucrose,Iron,Iron sucrose,Moderate
DDInter978,Iron sucrose,DDInter725,Ferrous fumarate,Ferrous fumarate,Iron sucrose,Moderate
DDInter978,Iron sucrose,DDInter726,Ferrous gluconate,Ferrous gluconate,Iron sucrose,Moderate
DDInter978,Iron sucrose,DDInter727,Ferrous sulfate anhydrous,Ferrous sulfate anhydrous,Iron sucrose,Moderate
DDInter781,Fosinopril,DDInter978,Iron sucrose,Fosinopril,Iron sucrose,Moderate
DDInter978,Iron sucrose,DDInter803,Gallium chloride Ga-67,Gallium chloride Ga-67,Iron sucrose,Moderate
DDInter978,Iron sucrose,DDInter977,Iron protein succinylate,Iron protein succinylate,Iron sucrose,Moderate
DDInter1079,Lisinopril,DDInter978,Iron sucrose,Iron sucrose,Lisinopril,Moderate
DDInter1237,Moexipril,DDInter978,Iron sucrose,Iron sucrose,Moexipril,Moderate
DDInter1554,Quinapril,DDInter978,Iron sucrose,Iron sucrose,Quinapril,Moderate
DDInter1565,Ramipril,DDInter978,Iron sucrose,Iron sucrose,Ramipril,Moderate
DDInter1943,Vitamin E,DDInter978,Iron sucrose,Iron sucrose,Vitamin E,Moderate
DDInter980,Isavuconazonium,DDInter785,Fostamatinib,Fostamatinib,Isavuconazonium,Moderate
DDInter980,Isavuconazonium,DDInter1106,Lusutrombopag,Isavuconazonium,Lusutrombopag,Moderate
DDInter1609,Rivaroxaban,DDInter980,Isavuconazonium,Isavuconazonium,Rivaroxaban,Moderate
DDInter980,Isavuconazonium,DDInter1802,Ticagrelor,Isavuconazonium,Ticagrelor,Moderate
DDInter653,Epinephrine (ophthalmic),DDInter981,Isocarboxazid,Epinephrine (ophthalmic),Isocarboxazid,Moderate
DDInter654,Epinephrine (topical),DDInter981,Isocarboxazid,Epinephrine (topical),Isocarboxazid,Moderate
DDInter657,Epoprostenol,DDInter981,Isocarboxazid,Epoprostenol,Isocarboxazid,Moderate
DDInter908,Iloprost,DDInter981,Isocarboxazid,Iloprost,Isocarboxazid,Moderate
DDInter981,Isocarboxazid,DDInter1656,Selexipag,Isocarboxazid,Selexipag,Moderate
DDInter1852,Treprostinil,DDInter981,Isocarboxazid,Isocarboxazid,Treprostinil,Moderate
DDInter653,Epinephrine (ophthalmic),DDInter987,Isoprenaline,Epinephrine (ophthalmic),Isoprenaline,Moderate
DDInter654,Epinephrine (topical),DDInter987,Isoprenaline,Epinephrine (topical),Isoprenaline,Moderate
DDInter989,Isosorbide dinitrate,DDInter657,Epoprostenol,Epoprostenol,Isosorbide dinitrate,Moderate
DDInter989,Isosorbide dinitrate,DDInter908,Iloprost,Iloprost,Isosorbide dinitrate,Moderate
DDInter989,Isosorbide dinitrate,DDInter1656,Selexipag,Isosorbide dinitrate,Selexipag,Moderate
DDInter1852,Treprostinil,DDInter989,Isosorbide dinitrate,Isosorbide dinitrate,Treprostinil,Moderate
DDInter657,Epoprostenol,DDInter882,Hydralazine,Epoprostenol,Hydralazine,Moderate
DDInter882,Hydralazine,DDInter1656,Selexipag,Hydralazine,Selexipag,Moderate
DDInter990,Isosorbide mononitrate,DDInter657,Epoprostenol,Epoprostenol,Isosorbide mononitrate,Moderate
DDInter990,Isosorbide mononitrate,DDInter908,Iloprost,Iloprost,Isosorbide mononitrate,Moderate
DDInter990,Isosorbide mononitrate,DDInter1656,Selexipag,Isosorbide mononitrate,Selexipag,Moderate
DDInter1852,Treprostinil,DDInter990,Isosorbide mononitrate,Isosorbide mononitrate,Treprostinil,Moderate
DDInter1123,Mannitol,DDInter961,Iopamidol,Iopamidol,Mannitol,Moderate
DDInter1277,Neomycin,DDInter961,Iopamidol,Iopamidol,Neomycin,Major
DDInter1903,Urea,DDInter961,Iopamidol,Iopamidol,Urea,Moderate
DDInter657,Epoprostenol,DDInter992,Isoxsuprine,Epoprostenol,Isoxsuprine,Moderate
DDInter908,Iloprost,DDInter992,Isoxsuprine,Iloprost,Isoxsuprine,Moderate
DDInter992,Isoxsuprine,DDInter1656,Selexipag,Isoxsuprine,Selexipag,Moderate
DDInter1852,Treprostinil,DDInter992,Isoxsuprine,Isoxsuprine,Treprostinil,Moderate
DDInter994,Istradefylline,DDInter1106,Lusutrombopag,Istradefylline,Lusutrombopag,Moderate
DDInter1802,Ticagrelor,DDInter994,Istradefylline,Istradefylline,Ticagrelor,Moderate
DDInter542,Dicoumarol,DDInter995,Itraconazole,Dicoumarol,Itraconazole,Moderate
DDInter995,Itraconazole,DDInter785,Fostamatinib,Fostamatinib,Itraconazole,Major
DDInter995,Itraconazole,DDInter1106,Lusutrombopag,Itraconazole,Lusutrombopag,Moderate
DDInter995,Itraconazole,DDInter1609,Rivaroxaban,Itraconazole,Rivaroxaban,Major
DDInter995,Itraconazole,DDInter1683,Sodium bicarbonate,Itraconazole,Sodium bicarbonate,Moderate
DDInter995,Itraconazole,DDInter1802,Ticagrelor,Itraconazole,Ticagrelor,Major
DDInter995,Itraconazole,DDInter1945,Vorapaxar,Itraconazole,Vorapaxar,Major
DDInter1951,Warfarin,DDInter995,Itraconazole,Itraconazole,Warfarin,Moderate
DDInter996,Ivabradine,DDInter785,Fostamatinib,Fostamatinib,Ivabradine,Moderate
DDInter1802,Ticagrelor,DDInter996,Ivabradine,Ivabradine,Ticagrelor,Moderate
DDInter542,Dicoumarol,DDInter998,Ivermectin,Dicoumarol,Ivermectin,Moderate
DDInter998,Ivermectin,DDInter785,Fostamatinib,Fostamatinib,Ivermectin,Moderate
DDInter998,Ivermectin,DDInter1951,Warfarin,Ivermectin,Warfarin,Moderate
DDInter785,Fostamatinib,DDInter1000,Ivosidenib,Fostamatinib,Ivosidenib,Moderate
DDInter1115,Magnesium citrate,DDInter1000,Ivosidenib,Ivosidenib,Magnesium citrate,Moderate
DDInter1609,Rivaroxaban,DDInter1000,Ivosidenib,Ivosidenib,Rivaroxaban,Moderate
DDInter1802,Ticagrelor,DDInter1000,Ivosidenib,Ivosidenib,Ticagrelor,Moderate
DDInter1001,Ixabepilone,DDInter785,Fostamatinib,Fostamatinib,Ixabepilone,Moderate
DDInter1001,Ixabepilone,DDInter1106,Lusutrombopag,Ixabepilone,Lusutrombopag,Moderate
DDInter1002,Ixazomib,DDInter785,Fostamatinib,Fostamatinib,Ixazomib,Moderate
DDInter542,Dicoumarol,DDInter1003,Ixekizumab,Dicoumarol,Ixekizumab,Moderate
DDInter1609,Rivaroxaban,DDInter1003,Ixekizumab,Ixekizumab,Rivaroxaban,Moderate
DDInter1951,Warfarin,DDInter1003,Ixekizumab,Ixekizumab,Warfarin,Moderate
DDInter1003,Ixekizumab,DDInter1964,Zinc chloride,Ixekizumab,Zinc chloride,Minor
DDInter117,Argatroban,DDInter954,Iodide I-131,Argatroban,Iodide I-131,Moderate
DDInter471,Danaparoid,DDInter954,Iodide I-131,Danaparoid,Iodide I-131,Moderate
DDInter542,Dicoumarol,DDInter954,Iodide I-131,Dicoumarol,Iodide I-131,Moderate
DDInter605,Drotrecogin alfa,DDInter954,Iodide I-131,Drotrecogin alfa,Iodide I-131,Moderate
DDInter645,Enoxaparin,DDInter954,Iodide I-131,Enoxaparin,Iodide I-131,Moderate
DDInter775,Fondaparinux,DDInter954,Iodide I-131,Fondaparinux,Iodide I-131,Moderate
DDInter856,Heparin,DDInter954,Iodide I-131,Heparin,Iodide I-131,Moderate
DDInter891,Hydroxocobalamin,DDInter954,Iodide I-131,Hydroxocobalamin,Iodide I-131,Moderate
DDInter1037,Lepirudin,DDInter954,Iodide I-131,Iodide I-131,Lepirudin,Moderate
DDInter1609,Rivaroxaban,DDInter954,Iodide I-131,Iodide I-131,Rivaroxaban,Moderate
DDInter1723,Sulfamethizole,DDInter954,Iodide I-131,Iodide I-131,Sulfamethizole,Moderate
DDInter1812,Tinzaparin,DDInter954,Iodide I-131,Iodide I-131,Tinzaparin,Moderate
DDInter1951,Warfarin,DDInter954,Iodide I-131,Iodide I-131,Warfarin,Moderate
DDInter71,Aminoglutethimide,DDInter1951,Warfarin,Aminoglutethimide,Warfarin,Moderate
DDInter82,Amoxapine,DDInter1951,Warfarin,Amoxapine,Warfarin,Moderate
DDInter1951,Warfarin,DDInter90,Amprenavir,Amprenavir,Warfarin,Moderate
DDInter99,Anistreplase,DDInter1951,Warfarin,Anistreplase,Warfarin,Major
DDInter115,Ardeparin,DDInter1951,Warfarin,Ardeparin,Warfarin,Major
DDInter117,Argatroban,DDInter1951,Warfarin,Argatroban,Warfarin,Major
DDInter1951,Warfarin,DDInter159,Bacampicillin,Bacampicillin,Warfarin,Moderate
DDInter179,Bendroflumethiazide,DDInter1951,Warfarin,Bendroflumethiazide,Warfarin,Minor
DDInter188,Benzthiazide,DDInter1951,Warfarin,Benzthiazide,Warfarin,Minor
DDInter1951,Warfarin,DDInter391,Citrus bioflavonoids,Citrus bioflavonoids,Warfarin,Moderate
DDInter1951,Warfarin,DDInter215,Bismuth subsalicylate,Bismuth subsalicylate,Warfarin,Moderate
DDInter1951,Warfarin,DDInter221,Boceprevir,Boceprevir,Warfarin,Moderate
DDInter1951,Warfarin,DDInter241,Bromfenac,Bromfenac,Warfarin,Major
DDInter256,Butabarbital,DDInter1951,Warfarin,Butabarbital,Warfarin,Major
DDInter1951,Warfarin,DDInter291,Capsicum,Capsicum,Warfarin,Minor
DDInter295,Carbenicillin,DDInter1951,Warfarin,Carbenicillin,Warfarin,Moderate
DDInter1951,Warfarin,DDInter309,Cefaclor,Cefaclor,Warfarin,Moderate
DDInter1951,Warfarin,DDInter312,Cefamandole,Cefamandole,Warfarin,Moderate
DDInter320,Cefmetazole,DDInter1951,Warfarin,Cefmetazole,Warfarin,Moderate
DDInter1951,Warfarin,DDInter321,Cefonicid,Cefonicid,Warfarin,Moderate
DDInter1951,Warfarin,DDInter322,Cefoperazone,Cefoperazone,Warfarin,Moderate
DDInter1951,Warfarin,DDInter332,Ceftizoxime,Ceftizoxime,Warfarin,Moderate
DDInter311,Cefalotin,DDInter1951,Warfarin,Cefalotin,Warfarin,Moderate
DDInter1951,Warfarin,DDInter313,Cefapirin,Cefapirin,Warfarin,Moderate
DDInter1951,Warfarin,DDInter328,Cefradine,Cefradine,Warfarin,Moderate
DDInter1951,Warfarin,DDInter347,Chamomile,Chamomile,Warfarin,Minor
DDInter1951,Warfarin,DDInter24,Activated charcoal,Activated charcoal,Warfarin,Moderate
DDInter1951,Warfarin,DDInter349,Chloral hydrate,Chloral hydrate,Warfarin,Moderate
DDInter1951,Warfarin,DDInter371,Chondroitin sulfate,Chondroitin sulfate,Warfarin,Moderate
DDInter1951,Warfarin,DDInter383,Cinoxacin,Cinoxacin,Warfarin,Major
DDInter385,Cisapride,DDInter1951,Warfarin,Cisapride,Warfarin,Moderate
DDInter408,Clofibrate,DDInter1951,Warfarin,Clofibrate,Warfarin,Major
DDInter1951,Warfarin,DDInter417,Clove,Clove,Warfarin,Minor
DDInter1951,Warfarin,DDInter418,Cloxacillin,Cloxacillin,Warfarin,Moderate
DDInter440,Conjugated estrogens (topical),DDInter1951,Warfarin,Conjugated estrogens (topical),Warfarin,Moderate
DDInter1951,Warfarin,DDInter446,Cranberry,Cranberry,Warfarin,Moderate
DDInter1951,Warfarin,DDInter471,Danaparoid,Danaparoid,Warfarin,Major
DDInter498,Demeclocycline,DDInter1951,Warfarin,Demeclocycline,Warfarin,Moderate
DDInter1951,Warfarin,DDInter518,Dexfenfluramine,Dexfenfluramine,Warfarin,Moderate
DDInter530,Dextrothyroxine,DDInter1951,Warfarin,Dextrothyroxine,Warfarin,Moderate
DDInter541,Dicloxacillin,DDInter1951,Warfarin,Dicloxacillin,Warfarin,Major
DDInter1951,Warfarin,DDInter545,Dienestrol (topical),Dienestrol (topical),Warfarin,Moderate
DDInter548,Diethylstilbestrol,DDInter1951,Warfarin,Diethylstilbestrol,Warfarin,Moderate
DDInter1951,Warfarin,DDInter551,Diflunisal,Diflunisal,Warfarin,Major
DDInter1951,Warfarin,DDInter597,Doxorubicin (liposomal),Doxorubicin (liposomal),Warfarin,Minor
DDInter605,Drotrecogin alfa,DDInter1951,Warfarin,Drotrecogin alfa,Warfarin,Major
DDInter1951,Warfarin,DDInter614,Echinacea,Echinacea,Warfarin,Moderate
DDInter644,Enoxacin,DDInter1951,Warfarin,Enoxacin,Warfarin,Major
DDInter1951,Warfarin,DDInter645,Enoxaparin,Enoxaparin,Warfarin,Major
DDInter646,Entacapone,DDInter1951,Warfarin,Entacapone,Warfarin,Minor
DDInter1951,Warfarin,DDInter649,Enzalutamide,Enzalutamide,Warfarin,Moderate
DDInter1951,Warfarin,DDInter657,Epoprostenol,Epoprostenol,Warfarin,Moderate
DDInter659,Eptifibatide,DDInter1951,Warfarin,Eptifibatide,Warfarin,Major
DDInter1951,Warfarin,DDInter660,Eravacycline,Eravacycline,Warfarin,Moderate
DDInter667,Erlotinib,DDInter1951,Warfarin,Erlotinib,Warfarin,Moderate
DDInter1951,Warfarin,DDInter672,Escitalopram,Escitalopram,Warfarin,Moderate
DDInter1951,Warfarin,DDInter674,Eslicarbazepine,Eslicarbazepine,Warfarin,Moderate
DDInter1951,Warfarin,DDInter676,Esomeprazole,Esomeprazole,Warfarin,Moderate
DDInter1951,Warfarin,DDInter678,Esterified estrogens,Esterified estrogens,Warfarin,Moderate
DDInter1951,Warfarin,DDInter680,Estradiol (topical),Estradiol (topical),Warfarin,Moderate
DDInter1951,Warfarin,DDInter681,Estramustine,Estramustine,Warfarin,Moderate
DDInter682,Estrone,DDInter1951,Warfarin,Estrone,Warfarin,Moderate
DDInter1951,Warfarin,DDInter683,Estrone sulfate,Estrone sulfate,Warfarin,Moderate
DDInter1951,Warfarin,DDInter684,Estrone sulfate (topical),Estrone sulfate (topical),Warfarin,Moderate
DDInter687,Etanercept,DDInter1951,Warfarin,Etanercept,Warfarin,Moderate
DDInter1951,Warfarin,DDInter686,Etacrynic acid,Etacrynic acid,Warfarin,Moderate
DDInter691,Ethchlorvynol,DDInter1951,Warfarin,Ethchlorvynol,Warfarin,Minor
DDInter1951,Warfarin,DDInter696,Ethotoin,Ethotoin,Warfarin,Moderate
DDInter1951,Warfarin,DDInter699,Etodolac,Etodolac,Warfarin,Major
DDInter1951,Warfarin,DDInter702,Etoposide,Etoposide,Warfarin,Moderate
DDInter1951,Warfarin,DDInter703,Etravirine,Etravirine,Warfarin,Moderate
DDInter1951,Warfarin,DDInter706,Exenatide,Exenatide,Warfarin,Moderate
DDInter1951,Warfarin,DDInter715,Felbamate,Felbamate,Warfarin,Moderate
DDInter717,Fenfluramine,DDInter1951,Warfarin,Fenfluramine,Warfarin,Moderate
DDInter1951,Warfarin,DDInter719,Fenofibric acid,Fenofibric acid,Warfarin,Major
DDInter721,Fenoprofen,DDInter1951,Warfarin,Fenoprofen,Warfarin,Major
DDInter743,Fluconazole,DDInter1951,Warfarin,Fluconazole,Warfarin,Major
DDInter1951,Warfarin,DDInter747,Fludrocortisone,Fludrocortisone,Warfarin,Moderate
DDInter757,Fluorouracil,DDInter1951,Warfarin,Fluorouracil,Warfarin,Major
DDInter1951,Warfarin,DDInter759,Fluoxymesterone,Fluoxymesterone,Warfarin,Major
DDInter1951,Warfarin,DDInter763,Flurbiprofen,Flurbiprofen,Warfarin,Major
DDInter1951,Warfarin,DDInter764,Flurbiprofen (ophthalmic),Flurbiprofen (ophthalmic),Warfarin,Moderate
DDInter765,Flutamide,DDInter1951,Warfarin,Flutamide,Warfarin,Moderate
DDInter1951,Warfarin,DDInter769,Fluvastatin,Fluvastatin,Warfarin,Minor
DDInter770,Fluvoxamine,DDInter1951,Warfarin,Fluvoxamine,Warfarin,Moderate
DDInter775,Fondaparinux,DDInter1951,Warfarin,Fondaparinux,Warfarin,Major
DDInter1951,Warfarin,DDInter777,Fosamprenavir,Fosamprenavir,Warfarin,Moderate
DDInter1951,Warfarin,DDInter778,Fosaprepitant,Fosaprepitant,Warfarin,Moderate
DDInter1951,Warfarin,DDInter783,Fosphenytoin,Fosphenytoin,Warfarin,Moderate
DDInter1951,Warfarin,DDInter785,Fostamatinib,Fostamatinib,Warfarin,Moderate
DDInter1951,Warfarin,DDInter808,Garlic,Garlic,Warfarin,Moderate
DDInter1951,Warfarin,DDInter809,Gatifloxacin,Gatifloxacin,Warfarin,Major
DDInter810,Gefitinib,DDInter1951,Warfarin,Gefitinib,Warfarin,Moderate
DDInter811,Gemcitabine,DDInter1951,Warfarin,Gemcitabine,Warfarin,Moderate
DDInter1951,Warfarin,DDInter812,Gemfibrozil,Gemfibrozil,Warfarin,Major
DDInter1951,Warfarin,DDInter813,Gemifloxacin,Gemifloxacin,Warfarin,Major
DDInter1951,Warfarin,DDInter819,Ginkgo biloba,Ginkgo biloba,Warfarin,Moderate
DDInter1951,Warfarin,DDInter820,Ginseng,Ginseng,Warfarin,Moderate
DDInter1951,Warfarin,DDInter821,Givosiran,Givosiran,Warfarin,Moderate
DDInter1951,Warfarin,DDInter826,Glipizide,Glipizide,Warfarin,Moderate
DDInter827,Glucagon,DDInter1951,Warfarin,Glucagon,Warfarin,Minor
DDInter1951,Warfarin,DDInter829,Glucosamine,Glucosamine,Warfarin,Moderate
DDInter1951,Warfarin,DDInter831,Glyburide,Glyburide,Warfarin,Moderate
DDInter1951,Warfarin,DDInter837,Golimumab,Golimumab,Warfarin,Moderate
DDInter842,Grepafloxacin,DDInter1951,Warfarin,Grepafloxacin,Warfarin,Major
DDInter843,Griseofulvin,DDInter1951,Warfarin,Griseofulvin,Warfarin,Moderate
DDInter1951,Warfarin,DDInter849,Guselkumab,Guselkumab,Warfarin,Moderate
DDInter1951,Warfarin,DDInter855,Hemin,Hemin,Warfarin,Moderate
DDInter1951,Warfarin,DDInter856,Heparin,Heparin,Warfarin,Major
DDInter1951,Warfarin,DDInter889,Hydroflumethiazide,Hydroflumethiazide,Warfarin,Minor
DDInter898,Ibritumomab tiuxetan,DDInter1951,Warfarin,Ibritumomab tiuxetan,Warfarin,Major
DDInter1951,Warfarin,DDInter899,Ibrutinib,Ibrutinib,Warfarin,Major
DDInter903,Icosapent,DDInter1951,Warfarin,Icosapent,Warfarin,Moderate
DDInter1951,Warfarin,DDInter905,Idelalisib,Idelalisib,Warfarin,Moderate
DDInter1951,Warfarin,DDInter906,Ifosfamide,Ifosfamide,Warfarin,Moderate
DDInter1951,Warfarin,DDInter908,Iloprost,Iloprost,Warfarin,Moderate
DDInter909,Imatinib,DDInter1951,Warfarin,Imatinib,Warfarin,Major
DDInter912,Imipramine,DDInter1951,Warfarin,Imipramine,Warfarin,Moderate
DDInter1951,Warfarin,DDInter916,Indapamide,Indapamide,Warfarin,Minor
DDInter917,Indinavir,DDInter1951,Warfarin,Indinavir,Warfarin,Moderate
DDInter921,Indomethacin,DDInter1951,Warfarin,Indomethacin,Warfarin,Major
DDInter923,Infliximab,DDInter1951,Warfarin,Infliximab,Warfarin,Moderate
DDInter942,"Interferon alfa-2a, Recombinant",DDInter1951,Warfarin,"Interferon alfa-2a, Recombinant",Warfarin,Moderate
DDInter944,Interferon alfa-n1,DDInter1951,Warfarin,Interferon alfa-n1,Warfarin,Moderate
DDInter945,Interferon alfa-n3,DDInter1951,Warfarin,Interferon alfa-n3,Warfarin,Moderate
DDInter946,Interferon alfacon-1,DDInter1951,Warfarin,Interferon alfacon-1,Warfarin,Moderate
DDInter1839,Tositumomab (I-131),DDInter1951,Warfarin,Tositumomab (I-131),Warfarin,Major
DDInter1951,Warfarin,DDInter986,Isoniazid,Isoniazid,Warfarin,Moderate
DDInter1951,Warfarin,DDInter1008,Ketoconazole,Ketoconazole,Warfarin,Moderate
DDInter1951,Warfarin,DDInter1009,Ketoprofen,Ketoprofen,Warfarin,Major
DDInter1013,Labetalol,DDInter1951,Warfarin,Labetalol,Warfarin,Minor
DDInter1022,Lansoprazole,DDInter1951,Warfarin,Lansoprazole,Warfarin,Moderate
DDInter1951,Warfarin,DDInter1023,Lanthanum carbonate,Lanthanum carbonate,Warfarin,Moderate
DDInter1951,Warfarin,DDInter1026,Larotrectinib,Larotrectinib,Warfarin,Moderate
DDInter1951,Warfarin,DDInter1032,Lefamulin,Lefamulin,Warfarin,Moderate
DDInter1951,Warfarin,DDInter1033,Leflunomide,Leflunomide,Warfarin,Moderate
DDInter1035,Lenalidomide,DDInter1951,Warfarin,Lenalidomide,Warfarin,Minor
DDInter1037,Lepirudin,DDInter1951,Warfarin,Lepirudin,Warfarin,Major
DDInter1951,Warfarin,DDInter1039,Letermovir,Letermovir,Warfarin,Moderate
DDInter1951,Warfarin,DDInter1044,Levamisole,Levamisole,Warfarin,Moderate
DDInter1951,Warfarin,DDInter1055,Levofloxacin,Levofloxacin,Warfarin,Major
DDInter1951,Warfarin,DDInter1059,Levomilnacipran,Levomilnacipran,Warfarin,Moderate
DDInter1073,Linezolid,DDInter1951,Warfarin,Linezolid,Warfarin,Moderate
DDInter1951,Warfarin,DDInter1082,Lixisenatide,Lixisenatide,Warfarin,Minor
DDInter1951,Warfarin,DDInter1084,Lomefloxacin,Lomefloxacin,Warfarin,Major
DDInter1951,Warfarin,DDInter1085,Lomitapide,Lomitapide,Warfarin,Moderate
DDInter1951,Warfarin,DDInter1087,Lonafarnib,Lonafarnib,Warfarin,Moderate
DDInter1090,Loracarbef,DDInter1951,Warfarin,Loracarbef,Warfarin,Moderate
DDInter1951,Warfarin,DDInter1094,Lorlatinib,Lorlatinib,Warfarin,Moderate
DDInter1098,Lovastatin,DDInter1951,Warfarin,Lovastatin,Warfarin,Moderate
DDInter1951,Warfarin,DDInter1133,Mechlorethamine,Mechlorethamine,Warfarin,Minor
DDInter1951,Warfarin,DDInter1135,Meclofenamic acid,Meclofenamic acid,Warfarin,Major
DDInter1951,Warfarin,DDInter1139,Mefenamic acid,Mefenamic acid,Warfarin,Major
DDInter1951,Warfarin,DDInter1142,Melatonin,Melatonin,Warfarin,Moderate
DDInter1951,Warfarin,DDInter1143,Meloxicam,Meloxicam,Warfarin,Major
DDInter1152,Mephenytoin,DDInter1951,Warfarin,Mephenytoin,Warfarin,Moderate
DDInter1951,Warfarin,DDInter1190,Methylphenobarbital,Methylphenobarbital,Warfarin,Major
DDInter1951,Warfarin,DDInter1156,Mercaptopurine,Mercaptopurine,Warfarin,Moderate
DDInter1951,Warfarin,DDInter1195,Meticillin,Meticillin,Warfarin,Moderate
DDInter1951,Warfarin,DDInter1170,Methimazole,Methimazole,Warfarin,Moderate
DDInter1173,Methohexital,DDInter1951,Warfarin,Methohexital,Warfarin,Major
DDInter1951,Warfarin,DDInter1191,Methylprednisolone,Methylprednisolone,Warfarin,Moderate
DDInter1199,Metolazone,DDInter1951,Warfarin,Metolazone,Warfarin,Minor
DDInter1951,Warfarin,DDInter1201,Metreleptin,Metreleptin,Warfarin,Moderate
DDInter1951,Warfarin,DDInter1207,Mezlocillin,Mezlocillin,Warfarin,Moderate
DDInter1951,Warfarin,DDInter1209,Miconazole,Miconazole,Warfarin,Major
DDInter1951,Warfarin,DDInter1215,Mifepristone,Mifepristone,Warfarin,Major
DDInter1951,Warfarin,DDInter1220,Milnacipran,Milnacipran,Warfarin,Moderate
DDInter1951,Warfarin,DDInter1229,Mirabegron,Mirabegron,Warfarin,Minor
DDInter1230,Mirtazapine,DDInter1951,Warfarin,Mirtazapine,Warfarin,Moderate
DDInter1233,Mitotane,DDInter1951,Warfarin,Mitotane,Warfarin,Moderate
DDInter1951,Warfarin,DDInter1236,Modafinil,Modafinil,Warfarin,Moderate
DDInter1243,Moricizine,DDInter1951,Warfarin,Moricizine,Warfarin,Minor
DDInter1247,Moxifloxacin,DDInter1951,Warfarin,Moxifloxacin,Warfarin,Major
DDInter1254,Nabumetone,DDInter1951,Warfarin,Nabumetone,Warfarin,Major
DDInter1256,Nafcillin,DDInter1951,Warfarin,Nafcillin,Warfarin,Major
DDInter1951,Warfarin,DDInter1259,Nalidixic acid,Nalidixic acid,Warfarin,Major
DDInter1951,Warfarin,DDInter1269,Nateglinide,Nateglinide,Warfarin,Moderate
DDInter1276,Nelfinavir,DDInter1951,Warfarin,Nelfinavir,Warfarin,Moderate
DDInter1951,Warfarin,DDInter1277,Neomycin,Neomycin,Warfarin,Moderate
DDInter1951,Warfarin,DDInter1280,Nepafenac (ophthalmic),Nepafenac (ophthalmic),Warfarin,Moderate
DDInter1285,Nevirapine,DDInter1951,Warfarin,Nevirapine,Warfarin,Moderate
DDInter1951,Warfarin,DDInter1293,Nilotinib,Nilotinib,Warfarin,Moderate
DDInter1951,Warfarin,DDInter1296,Nintedanib,Nintedanib,Warfarin,Moderate
DDInter1951,Warfarin,DDInter1297,Niraparib,Niraparib,Warfarin,Moderate
DDInter1300,Nitisinone,DDInter1951,Warfarin,Nitisinone,Warfarin,Moderate
DDInter1951,Warfarin,DDInter1313,Norfloxacin,Norfloxacin,Warfarin,Major
DDInter1316,Nortriptyline,DDInter1951,Warfarin,Nortriptyline,Warfarin,Moderate
DDInter1951,Warfarin,DDInter1325,Ofloxacin,Ofloxacin,Warfarin,Major
DDInter1951,Warfarin,DDInter1334,Olsalazine,Olsalazine,Warfarin,Minor
DDInter1951,Warfarin,DDInter1335,Omacetaxine mepesuccinate,Omacetaxine mepesuccinate,Warfarin,Major
DDInter1951,Warfarin,DDInter1347,Oritavancin,Oritavancin,Warfarin,Moderate
DDInter1951,Warfarin,DDInter1348,Orlistat,Orlistat,Warfarin,Moderate
DDInter1951,Warfarin,DDInter1351,Osilodrostat,Osilodrostat,Warfarin,Moderate
DDInter1951,Warfarin,DDInter1352,Osimertinib,Osimertinib,Warfarin,Moderate
DDInter1951,Warfarin,DDInter1354,Oxacillin,Oxacillin,Warfarin,Moderate
DDInter1374,Oxytetracycline,DDInter1951,Warfarin,Oxytetracycline,Warfarin,Moderate
DDInter1951,Warfarin,DDInter1387,Panobinostat,Panobinostat,Warfarin,Major
DDInter1388,Pantoprazole,DDInter1951,Warfarin,Pantoprazole,Warfarin,Moderate
DDInter1951,Warfarin,DDInter1390,Papaya,Papaya,Warfarin,Minor
DDInter1951,Warfarin,DDInter1391,Paraldehyde,Paraldehyde,Warfarin,Minor
DDInter1951,Warfarin,DDInter1397,Paroxetine,Paroxetine,Warfarin,Moderate
DDInter1404,Pegaspargase,DDInter1951,Warfarin,Pegaspargase,Warfarin,Moderate
DDInter1407,Peginterferon alfa-2a,DDInter1951,Warfarin,Peginterferon alfa-2a,Warfarin,Moderate
DDInter1408,Peginterferon alfa-2b,DDInter1951,Warfarin,Peginterferon alfa-2b,Warfarin,Moderate
DDInter1951,Warfarin,DDInter1417,Penbutolol,Penbutolol,Warfarin,Minor
DDInter1951,Warfarin,DDInter191,Benzylpenicillin (sodium),Benzylpenicillin (sodium),Warfarin,Moderate
DDInter1423,Pentobarbital,DDInter1951,Warfarin,Pentobarbital,Warfarin,Major
DDInter1951,Warfarin,DDInter1424,Pentosan polysulfate,Pentosan polysulfate,Warfarin,Moderate
DDInter1951,Warfarin,DDInter1426,Pentoxifylline,Pentoxifylline,Warfarin,Moderate
DDInter1951,Warfarin,DDInter1451,Phenylbutazone,Phenylbutazone,Warfarin,Major
DDInter1460,Phenytoin,DDInter1951,Warfarin,Phenytoin,Warfarin,Moderate
DDInter1478,Piroxicam,DDInter1951,Warfarin,Piroxicam,Warfarin,Major
DDInter1951,Warfarin,DDInter1479,Pitavastatin,Pitavastatin,Warfarin,Minor
DDInter1951,Warfarin,DDInter1480,Pitolisant,Pitolisant,Warfarin,Moderate
DDInter1951,Warfarin,DDInter1490,Polythiazide,Polythiazide,Warfarin,Minor
DDInter1951,Warfarin,DDInter1492,Ponatinib,Ponatinib,Warfarin,Major
DDInter1951,Warfarin,DDInter1494,Posaconazole,Posaconazole,Warfarin,Moderate
DDInter1951,Warfarin,DDInter1508,Prasugrel,Prasugrel,Warfarin,Major
DDInter1509,Pravastatin,DDInter1951,Warfarin,Pravastatin,Warfarin,Minor
DDInter1951,Warfarin,DDInter1513,Prednisolone,Prednisolone,Warfarin,Moderate
DDInter1515,Prednisone,DDInter1951,Warfarin,Prednisone,Warfarin,Moderate
DDInter1951,Warfarin,DDInter1521,Primidone,Primidone,Warfarin,Major
DDInter1951,Warfarin,DDInter1526,Procarbazine,Procarbazine,Warfarin,Minor
DDInter1951,Warfarin,DDInter1534,Propafenone,Propafenone,Warfarin,Moderate
DDInter528,Dextropropoxyphene,DDInter1951,Warfarin,Dextropropoxyphene,Warfarin,Moderate
DDInter1539,Propranolol,DDInter1951,Warfarin,Propranolol,Warfarin,Minor
DDInter1541,Propylthiouracil,DDInter1951,Warfarin,Propylthiouracil,Warfarin,Moderate
DDInter1951,Warfarin,DDInter1542,Protein C,Protein C,Warfarin,Moderate
DDInter1543,Protriptyline,DDInter1951,Warfarin,Protriptyline,Warfarin,Moderate
DDInter1951,Warfarin,DDInter1553,Quetiapine,Quetiapine,Warfarin,Moderate
DDInter1951,Warfarin,DDInter1555,Quinestrol,Quinestrol,Warfarin,Moderate
DDInter1951,Warfarin,DDInter1556,Quinidine,Quinidine,Warfarin,Moderate
DDInter1557,Quinine,DDInter1951,Warfarin,Quinine,Warfarin,Moderate
DDInter1951,Warfarin,DDInter1566,Ramucirumab,Ramucirumab,Warfarin,Major
DDInter1951,Warfarin,DDInter1569,Ranitidine (bismuth citrate),Ranitidine (bismuth citrate),Warfarin,Moderate
DDInter1951,Warfarin,DDInter1576,Regorafenib,Regorafenib,Warfarin,Major
DDInter1585,Reteplase,DDInter1951,Warfarin,Reteplase,Warfarin,Major
DDInter1951,Warfarin,DDInter1592,Rifapentine,Rifapentine,Warfarin,Moderate
DDInter1951,Warfarin,DDInter1593,Rifaximin,Rifaximin,Warfarin,Moderate
DDInter1951,Warfarin,DDInter1594,Rilonacept,Rilonacept,Warfarin,Moderate
DDInter1951,Warfarin,DDInter1609,Rivaroxaban,Rivaroxaban,Warfarin,Major
DDInter1613,Rofecoxib,DDInter1951,Warfarin,Rofecoxib,Warfarin,Moderate
DDInter1951,Warfarin,DDInter1616,Romidepsin,Romidepsin,Warfarin,Moderate
DDInter1951,Warfarin,DDInter1622,Rosuvastatin,Rosuvastatin,Warfarin,Moderate
DDInter1951,Warfarin,DDInter1626,Rucaparib,Rucaparib,Warfarin,Moderate
DDInter1951,Warfarin,DDInter1627,Rufinamide,Rufinamide,Warfarin,Moderate
DDInter1951,Warfarin,DDInter1637,Salsalate,Salsalate,Warfarin,Moderate
DDInter1951,Warfarin,DDInter1641,Sarecycline,Sarecycline,Warfarin,Moderate
DDInter1951,Warfarin,DDInter1643,Sarilumab,Sarilumab,Warfarin,Moderate
DDInter1951,Warfarin,DDInter1644,Satralizumab,Satralizumab,Warfarin,Moderate
DDInter1650,Secobarbital,DDInter1951,Warfarin,Secobarbital,Warfarin,Major
DDInter1951,Warfarin,DDInter1652,Secukinumab,Secukinumab,Warfarin,Moderate
DDInter1951,Warfarin,DDInter1658,Selpercatinib,Selpercatinib,Warfarin,Moderate
DDInter1951,Warfarin,DDInter1659,Selumetinib,Selumetinib,Warfarin,Moderate
DDInter1951,Warfarin,DDInter1662,Sertraline,Sertraline,Warfarin,Moderate
DDInter1951,Warfarin,DDInter1665,Sibutramine,Sibutramine,Warfarin,Moderate
DDInter1666,Sildenafil,DDInter1951,Warfarin,Sildenafil,Warfarin,Moderate
DDInter1951,Warfarin,DDInter1668,Siltuximab,Siltuximab,Warfarin,Moderate
DDInter1951,Warfarin,DDInter1673,Simeprevir,Simeprevir,Warfarin,Moderate
DDInter1675,Simvastatin,DDInter1951,Warfarin,Simvastatin,Warfarin,Minor
DDInter1951,Warfarin,DDInter953,Iodide I-123,Iodide I-123,Warfarin,Moderate
DDInter1951,Warfarin,DDInter1633,Salicylic acid (sodium),Salicylic acid (sodium),Warfarin,Moderate
DDInter1951,Warfarin,DDInter1698,Somapacitan,Somapacitan,Warfarin,Moderate
DDInter1951,Warfarin,DDInter1700,Somatrem,Somatrem,Warfarin,Moderate
DDInter1699,Somatotropin,DDInter1951,Warfarin,Somatotropin,Warfarin,Moderate
DDInter1702,Sorafenib,DDInter1951,Warfarin,Sorafenib,Warfarin,Moderate
DDInter1951,Warfarin,DDInter1705,Sparfloxacin,Sparfloxacin,Warfarin,Major
DDInter1951,Warfarin,DDInter1708,St. John's Wort,St. John's Wort,Warfarin,Moderate
DDInter1951,Warfarin,DDInter1709,Stanozolol,Stanozolol,Warfarin,Major
DDInter1712,Streptokinase,DDInter1951,Warfarin,Streptokinase,Warfarin,Major
DDInter1717,Sucralfate,DDInter1951,Warfarin,Sucralfate,Warfarin,Moderate
DDInter1951,Warfarin,DDInter1719,Sugammadex,Sugammadex,Warfarin,Moderate
DDInter1721,Sulfadiazine,DDInter1951,Warfarin,Sulfadiazine,Warfarin,Major
DDInter1951,Warfarin,DDInter1722,Sulfadoxine,Sulfadoxine,Warfarin,Major
DDInter1723,Sulfamethizole,DDInter1951,Warfarin,Sulfamethizole,Warfarin,Major
DDInter1951,Warfarin,DDInter1725,Sulfasalazine,Sulfasalazine,Warfarin,Major
DDInter1951,Warfarin,DDInter1726,Sulfinpyrazone,Sulfinpyrazone,Warfarin,Major
DDInter1727,Sulfisoxazole,DDInter1951,Warfarin,Sulfisoxazole,Warfarin,Major
DDInter1729,Sulindac,DDInter1951,Warfarin,Sulindac,Warfarin,Major
DDInter1951,Warfarin,DDInter1731,Sunitinib,Sunitinib,Warfarin,Moderate
DDInter1951,Warfarin,DDInter1732,Suprofen (ophthalmic),Suprofen (ophthalmic),Warfarin,Moderate
DDInter1951,Warfarin,DDInter1750,Tazemetostat,Tazemetostat,Warfarin,Moderate
DDInter1951,Warfarin,DDInter1755,Telaprevir,Telaprevir,Warfarin,Moderate
DDInter1951,Warfarin,DDInter1758,Telithromycin,Telithromycin,Warfarin,Moderate
DDInter1951,Warfarin,DDInter1763,Temsirolimus,Temsirolimus,Warfarin,Major
DDInter1764,Tenecteplase,DDInter1951,Warfarin,Tenecteplase,Warfarin,Major
DDInter1951,Warfarin,DDInter1768,Terbinafine,Terbinafine,Warfarin,Moderate
DDInter1951,Warfarin,DDInter1771,Teriflunomide,Teriflunomide,Warfarin,Moderate
DDInter1951,Warfarin,DDInter1774,Testolactone,Testolactone,Warfarin,Moderate
DDInter1776,Testosterone (topical),DDInter1951,Warfarin,Testosterone (topical),Warfarin,Major
DDInter1795,Thiopental,DDInter1951,Warfarin,Thiopental,Warfarin,Major
DDInter1951,Warfarin,DDInter1802,Ticagrelor,Ticagrelor,Warfarin,Moderate
DDInter1804,Ticlopidine,DDInter1951,Warfarin,Ticlopidine,Warfarin,Moderate
DDInter1809,Timolol,DDInter1951,Warfarin,Timolol,Warfarin,Minor
DDInter1951,Warfarin,DDInter1811,Tinidazole,Tinidazole,Warfarin,Moderate
DDInter1951,Warfarin,DDInter1812,Tinzaparin,Tinzaparin,Warfarin,Major
DDInter1951,Warfarin,DDInter1817,Tipranavir,Tipranavir,Warfarin,Major
DDInter1951,Warfarin,DDInter1818,Tirofiban,Tirofiban,Warfarin,Major
DDInter1951,Warfarin,DDInter1824,Tocilizumab,Tocilizumab,Warfarin,Moderate
DDInter1951,Warfarin,DDInter1828,Tolbutamide,Tolbutamide,Warfarin,Moderate
DDInter1829,Tolcapone,DDInter1951,Warfarin,Tolcapone,Warfarin,Minor
DDInter1831,Tolmetin,DDInter1951,Warfarin,Tolmetin,Warfarin,Major
DDInter1951,Warfarin,DDInter1832,Tolterodine,Tolterodine,Warfarin,Moderate
DDInter1837,Toremifene,DDInter1951,Warfarin,Toremifene,Warfarin,Moderate
DDInter1836,Torasemide,DDInter1951,Warfarin,Torasemide,Warfarin,Moderate
DDInter1838,Tositumomab,DDInter1951,Warfarin,Tositumomab,Warfarin,Major
DDInter1852,Treprostinil,DDInter1951,Warfarin,Treprostinil,Warfarin,Moderate
DDInter1857,Triamcinolone (ophthalmic),DDInter1951,Warfarin,Triamcinolone (ophthalmic),Warfarin,Moderate
DDInter1951,Warfarin,DDInter1861,Trichlormethiazide,Trichlormethiazide,Warfarin,Minor
DDInter1874,Trimethoprim,DDInter1951,Warfarin,Trimethoprim,Warfarin,Moderate
DDInter1951,Warfarin,DDInter1876,Trimipramine,Trimipramine,Warfarin,Moderate
DDInter1881,Troglitazone,DDInter1951,Warfarin,Troglitazone,Warfarin,Moderate
DDInter1951,Warfarin,DDInter1882,Troleandomycin,Troleandomycin,Warfarin,Major
DDInter1951,Warfarin,DDInter1887,Trovafloxacin,Trovafloxacin,Warfarin,Major
DDInter1951,Warfarin,DDInter1891,Tucatinib,Tucatinib,Warfarin,Moderate
DDInter1951,Warfarin,DDInter1892,Turmeric,Turmeric,Warfarin,Minor
DDInter1905,Urokinase,DDInter1951,Warfarin,Urokinase,Warfarin,Major
DDInter1951,Warfarin,DDInter1907,Ustekinumab,Ustekinumab,Warfarin,Moderate
DDInter1910,Valdecoxib,DDInter1951,Warfarin,Valdecoxib,Warfarin,Moderate
DDInter1951,Warfarin,DDInter1917,Vandetanib,Vandetanib,Warfarin,Moderate
DDInter1951,Warfarin,DDInter1925,Vemurafenib,Vemurafenib,Warfarin,Moderate
DDInter1951,Warfarin,DDInter1926,Venetoclax,Venetoclax,Warfarin,Moderate
DDInter1927,Venlafaxine,DDInter1951,Warfarin,Venlafaxine,Warfarin,Moderate
DDInter1929,Verteporfin,DDInter1951,Warfarin,Verteporfin,Warfarin,Moderate
DDInter1951,Warfarin,DDInter1935,Vilazodone,Vilazodone,Warfarin,Moderate
DDInter1937,Vincristine,DDInter1951,Warfarin,Vincristine,Warfarin,Minor
DDInter1938,Vincristine (liposome),DDInter1951,Warfarin,Vincristine (liposome),Warfarin,Minor
DDInter1943,Vitamin E,DDInter1951,Warfarin,Vitamin E,Warfarin,Moderate
DDInter1951,Warfarin,DDInter1945,Vorapaxar,Vorapaxar,Warfarin,Major
DDInter1946,Voriconazole,DDInter1951,Warfarin,Voriconazole,Warfarin,Major
DDInter1951,Warfarin,DDInter1948,Vortioxetine,Vortioxetine,Warfarin,Moderate
DDInter1951,Warfarin,DDInter1949,Voxelotor,Voxelotor,Warfarin,Moderate
DDInter1955,Zafirlukast,DDInter1951,Warfarin,Warfarin,Zafirlukast,Moderate
DDInter1951,Warfarin,DDInter1959,Zanubrutinib,Warfarin,Zanubrutinib,Major
DDInter1951,Warfarin,DDInter1962,Zileuton,Warfarin,Zileuton,Moderate
DDInter1123,Mannitol,DDInter1004,Kanamycin,Kanamycin,Mannitol,Major
DDInter1277,Neomycin,DDInter1004,Kanamycin,Kanamycin,Neomycin,Moderate
DDInter1007,Ketamine,DDInter785,Fostamatinib,Fostamatinib,Ketamine,Moderate
DDInter542,Dicoumarol,DDInter1008,Ketoconazole,Dicoumarol,Ketoconazole,Moderate
DDInter1008,Ketoconazole,DDInter785,Fostamatinib,Fostamatinib,Ketoconazole,Major
DDInter1008,Ketoconazole,DDInter1106,Lusutrombopag,Ketoconazole,Lusutrombopag,Moderate
DDInter1008,Ketoconazole,DDInter1115,Magnesium citrate,Ketoconazole,Magnesium citrate,Moderate
DDInter542,Dicoumarol,DDInter1233,Mitotane,Dicoumarol,Mitotane,Moderate
DDInter1233,Mitotane,DDInter785,Fostamatinib,Fostamatinib,Mitotane,Major
DDInter1233,Mitotane,DDInter1106,Lusutrombopag,Lusutrombopag,Mitotane,Moderate
DDInter1233,Mitotane,DDInter1609,Rivaroxaban,Mitotane,Rivaroxaban,Major
DDInter1233,Mitotane,DDInter1802,Ticagrelor,Mitotane,Ticagrelor,Major
DDInter1233,Mitotane,DDInter1945,Vorapaxar,Mitotane,Vorapaxar,Major
DDInter1234,Mitoxantrone,DDInter785,Fostamatinib,Fostamatinib,Mitoxantrone,Moderate
DDInter1235,Mivacurium,DDInter1114,Magnesium chloride,Magnesium chloride,Mivacurium,Moderate
DDInter1123,Mannitol,DDInter1235,Mivacurium,Mannitol,Mivacurium,Moderate
DDInter1277,Neomycin,DDInter1235,Mivacurium,Mivacurium,Neomycin,Major
DDInter542,Dicoumarol,DDInter1236,Modafinil,Dicoumarol,Modafinil,Moderate
DDInter1236,Modafinil,DDInter785,Fostamatinib,Fostamatinib,Modafinil,Moderate
DDInter1236,Modafinil,DDInter1609,Rivaroxaban,Modafinil,Rivaroxaban,Minor
DDInter1236,Modafinil,DDInter1802,Ticagrelor,Modafinil,Ticagrelor,Moderate
DDInter671,Erythropoietin,DDInter1237,Moexipril,Erythropoietin,Moexipril,Minor
DDInter1237,Moexipril,DDInter657,Epoprostenol,Epoprostenol,Moexipril,Moderate
DDInter1237,Moexipril,DDInter856,Heparin,Heparin,Moexipril,Moderate
DDInter1237,Moexipril,DDInter902,Icatibant,Icatibant,Moexipril,Moderate
DDInter1237,Moexipril,DDInter908,Iloprost,Iloprost,Moexipril,Moderate
DDInter1237,Moexipril,DDInter1123,Mannitol,Mannitol,Moexipril,Moderate
DDInter1237,Moexipril,DDInter1406,Peginesatide,Moexipril,Peginesatide,Minor
DDInter1585,Reteplase,DDInter1237,Moexipril,Moexipril,Reteplase,Moderate
DDInter1237,Moexipril,DDInter1656,Selexipag,Moexipril,Selexipag,Moderate
DDInter1712,Streptokinase,DDInter1237,Moexipril,Moexipril,Streptokinase,Moderate
DDInter1764,Tenecteplase,DDInter1237,Moexipril,Moexipril,Tenecteplase,Moderate
DDInter1237,Moexipril,DDInter1812,Tinzaparin,Moexipril,Tinzaparin,Moderate
DDInter1852,Treprostinil,DDInter1237,Moexipril,Moexipril,Treprostinil,Moderate
DDInter1905,Urokinase,DDInter1237,Moexipril,Moexipril,Urokinase,Moderate
DDInter1238,Mogamulizumab,DDInter1964,Zinc chloride,Mogamulizumab,Zinc chloride,Minor
DDInter1497,Potassium chloride,DDInter1239,Molindone,Molindone,Potassium chloride,Major
DDInter1242,Montelukast,DDInter785,Fostamatinib,Fostamatinib,Montelukast,Moderate
DDInter1242,Montelukast,DDInter1723,Sulfamethizole,Montelukast,Sulfamethizole,Moderate
DDInter1247,Moxifloxacin,DDInter975,Iron,Iron,Moxifloxacin,Moderate
DDInter1247,Moxifloxacin,DDInter542,Dicoumarol,Dicoumarol,Moxifloxacin,Major
DDInter1247,Moxifloxacin,DDInter725,Ferrous fumarate,Ferrous fumarate,Moxifloxacin,Moderate
DDInter1247,Moxifloxacin,DDInter726,Ferrous gluconate,Ferrous gluconate,Moxifloxacin,Moderate
DDInter1247,Moxifloxacin,DDInter1114,Magnesium chloride,Magnesium chloride,Moxifloxacin,Moderate
DDInter1247,Moxifloxacin,DDInter1115,Magnesium citrate,Magnesium citrate,Moxifloxacin,Moderate
DDInter1247,Moxifloxacin,DDInter1964,Zinc chloride,Moxifloxacin,Zinc chloride,Moderate
DDInter1251,Mycophenolate mofetil,DDInter975,Iron,Iron,Mycophenolate mofetil,Minor
DDInter1251,Mycophenolate mofetil,DDInter725,Ferrous fumarate,Ferrous fumarate,Mycophenolate mofetil,Minor
DDInter1251,Mycophenolate mofetil,DDInter726,Ferrous gluconate,Ferrous gluconate,Mycophenolate mofetil,Minor
DDInter1251,Mycophenolate mofetil,DDInter1277,Neomycin,Mycophenolate mofetil,Neomycin,Moderate
DDInter1251,Mycophenolate mofetil,DDInter1683,Sodium bicarbonate,Mycophenolate mofetil,Sodium bicarbonate,Moderate
DDInter1723,Sulfamethizole,DDInter1251,Mycophenolate mofetil,Mycophenolate mofetil,Sulfamethizole,Moderate
DDInter1251,Mycophenolate mofetil,DDInter1964,Zinc chloride,Mycophenolate mofetil,Zinc chloride,Minor
DDInter1252,Mycophenolic acid,DDInter975,Iron,Iron,Mycophenolic acid,Minor
DDInter1252,Mycophenolic acid,DDInter725,Ferrous fumarate,Ferrous fumarate,Mycophenolic acid,Minor
DDInter1252,Mycophenolic acid,DDInter726,Ferrous gluconate,Ferrous gluconate,Mycophenolic acid,Minor
DDInter1277,Neomycin,DDInter1252,Mycophenolic acid,Mycophenolic acid,Neomycin,Moderate
DDInter1723,Sulfamethizole,DDInter1252,Mycophenolic acid,Mycophenolic acid,Sulfamethizole,Moderate
DDInter1252,Mycophenolic acid,DDInter1964,Zinc chloride,Mycophenolic acid,Zinc chloride,Minor
DDInter99,Anistreplase,DDInter1254,Nabumetone,Anistreplase,Nabumetone,Moderate
DDInter117,Argatroban,DDInter1254,Nabumetone,Argatroban,Nabumetone,Moderate
DDInter1254,Nabumetone,DDInter471,Danaparoid,Danaparoid,Nabumetone,Major
DDInter542,Dicoumarol,DDInter1254,Nabumetone,Dicoumarol,Nabumetone,Major
DDInter605,Drotrecogin alfa,DDInter1254,Nabumetone,Drotrecogin alfa,Nabumetone,Major
DDInter1254,Nabumetone,DDInter645,Enoxaparin,Enoxaparin,Nabumetone,Major
DDInter1254,Nabumetone,DDInter657,Epoprostenol,Epoprostenol,Nabumetone,Moderate
DDInter659,Eptifibatide,DDInter1254,Nabumetone,Eptifibatide,Nabumetone,Moderate
DDInter1254,Nabumetone,DDInter775,Fondaparinux,Fondaparinux,Nabumetone,Major
DDInter1254,Nabumetone,DDInter856,Heparin,Heparin,Nabumetone,Moderate
DDInter1254,Nabumetone,DDInter908,Iloprost,Iloprost,Nabumetone,Moderate
DDInter1037,Lepirudin,DDInter1254,Nabumetone,Lepirudin,Nabumetone,Moderate
DDInter1254,Nabumetone,DDInter1497,Potassium chloride,Nabumetone,Potassium chloride,Moderate
DDInter1254,Nabumetone,DDInter1508,Prasugrel,Nabumetone,Prasugrel,Major
DDInter1585,Reteplase,DDInter1254,Nabumetone,Nabumetone,Reteplase,Moderate
DDInter1254,Nabumetone,DDInter1609,Rivaroxaban,Nabumetone,Rivaroxaban,Major
DDInter1712,Streptokinase,DDInter1254,Nabumetone,Nabumetone,Streptokinase,Moderate
DDInter1764,Tenecteplase,DDInter1254,Nabumetone,Nabumetone,Tenecteplase,Moderate
DDInter1254,Nabumetone,DDInter1802,Ticagrelor,Nabumetone,Ticagrelor,Moderate
DDInter1804,Ticlopidine,DDInter1254,Nabumetone,Nabumetone,Ticlopidine,Moderate
DDInter1254,Nabumetone,DDInter1812,Tinzaparin,Nabumetone,Tinzaparin,Major
DDInter1254,Nabumetone,DDInter1818,Tirofiban,Nabumetone,Tirofiban,Moderate
DDInter1852,Treprostinil,DDInter1254,Nabumetone,Nabumetone,Treprostinil,Moderate
DDInter1905,Urokinase,DDInter1254,Nabumetone,Nabumetone,Urokinase,Moderate
DDInter1254,Nabumetone,DDInter1945,Vorapaxar,Nabumetone,Vorapaxar,Major
DDInter654,Epinephrine (topical),DDInter1255,Nadolol,Epinephrine (topical),Nadolol,Moderate
DDInter1255,Nadolol,DDInter657,Epoprostenol,Epoprostenol,Nadolol,Moderate
DDInter908,Iloprost,DDInter1255,Nadolol,Iloprost,Nadolol,Moderate
DDInter1277,Neomycin,DDInter1255,Nadolol,Nadolol,Neomycin,Minor
DDInter1255,Nadolol,DDInter1656,Selexipag,Nadolol,Selexipag,Moderate
DDInter1255,Nadolol,DDInter1802,Ticagrelor,Nadolol,Ticagrelor,Minor
DDInter1852,Treprostinil,DDInter1255,Nadolol,Nadolol,Treprostinil,Moderate
DDInter1257,Nalbuphine,DDInter1508,Prasugrel,Nalbuphine,Prasugrel,Moderate
DDInter1257,Nalbuphine,DDInter1802,Ticagrelor,Nalbuphine,Ticagrelor,Moderate
DDInter1258,Naldemedine,DDInter785,Fostamatinib,Fostamatinib,Naldemedine,Moderate
DDInter1802,Ticagrelor,DDInter1258,Naldemedine,Naldemedine,Ticagrelor,Moderate
DDInter1261,Naloxegol,DDInter785,Fostamatinib,Fostamatinib,Naloxegol,Moderate
DDInter1802,Ticagrelor,DDInter1261,Naloxegol,Naloxegol,Ticagrelor,Minor
DDInter1263,Naltrexone,DDInter785,Fostamatinib,Fostamatinib,Naltrexone,Moderate
DDInter99,Anistreplase,DDInter1009,Ketoprofen,Anistreplase,Ketoprofen,Moderate
DDInter117,Argatroban,DDInter1009,Ketoprofen,Argatroban,Ketoprofen,Moderate
DDInter1009,Ketoprofen,DDInter471,Danaparoid,Danaparoid,Ketoprofen,Major
DDInter542,Dicoumarol,DDInter1009,Ketoprofen,Dicoumarol,Ketoprofen,Major
DDInter605,Drotrecogin alfa,DDInter1009,Ketoprofen,Drotrecogin alfa,Ketoprofen,Major
DDInter1009,Ketoprofen,DDInter645,Enoxaparin,Enoxaparin,Ketoprofen,Major
DDInter1009,Ketoprofen,DDInter657,Epoprostenol,Epoprostenol,Ketoprofen,Moderate
DDInter659,Eptifibatide,DDInter1009,Ketoprofen,Eptifibatide,Ketoprofen,Moderate
DDInter775,Fondaparinux,DDInter1009,Ketoprofen,Fondaparinux,Ketoprofen,Major
DDInter1009,Ketoprofen,DDInter856,Heparin,Heparin,Ketoprofen,Moderate
DDInter1009,Ketoprofen,DDInter908,Iloprost,Iloprost,Ketoprofen,Moderate
DDInter1037,Lepirudin,DDInter1009,Ketoprofen,Ketoprofen,Lepirudin,Moderate
DDInter1497,Potassium chloride,DDInter1009,Ketoprofen,Ketoprofen,Potassium chloride,Moderate
DDInter1009,Ketoprofen,DDInter1508,Prasugrel,Ketoprofen,Prasugrel,Major
DDInter1585,Reteplase,DDInter1009,Ketoprofen,Ketoprofen,Reteplase,Moderate
DDInter1009,Ketoprofen,DDInter1609,Rivaroxaban,Ketoprofen,Rivaroxaban,Major
DDInter1712,Streptokinase,DDInter1009,Ketoprofen,Ketoprofen,Streptokinase,Moderate
DDInter1764,Tenecteplase,DDInter1009,Ketoprofen,Ketoprofen,Tenecteplase,Moderate
DDInter1009,Ketoprofen,DDInter1802,Ticagrelor,Ketoprofen,Ticagrelor,Moderate
DDInter1804,Ticlopidine,DDInter1009,Ketoprofen,Ketoprofen,Ticlopidine,Moderate
DDInter1009,Ketoprofen,DDInter1812,Tinzaparin,Ketoprofen,Tinzaparin,Major
DDInter1818,Tirofiban,DDInter1009,Ketoprofen,Ketoprofen,Tirofiban,Moderate
DDInter1852,Treprostinil,DDInter1009,Ketoprofen,Ketoprofen,Treprostinil,Moderate
DDInter1905,Urokinase,DDInter1009,Ketoprofen,Ketoprofen,Urokinase,Moderate
DDInter1009,Ketoprofen,DDInter1945,Vorapaxar,Ketoprofen,Vorapaxar,Major
DDInter1061,Levonorgestrel,DDInter785,Fostamatinib,Fostamatinib,Levonorgestrel,Moderate
DDInter1061,Levonorgestrel,DDInter1802,Ticagrelor,Levonorgestrel,Ticagrelor,Minor
DDInter542,Dicoumarol,DDInter1013,Labetalol,Dicoumarol,Labetalol,Minor
DDInter1013,Labetalol,DDInter654,Epinephrine (topical),Epinephrine (topical),Labetalol,Moderate
DDInter1013,Labetalol,DDInter657,Epoprostenol,Epoprostenol,Labetalol,Moderate
DDInter1013,Labetalol,DDInter908,Iloprost,Iloprost,Labetalol,Moderate
DDInter1013,Labetalol,DDInter1656,Selexipag,Labetalol,Selexipag,Moderate
DDInter1013,Labetalol,DDInter1802,Ticagrelor,Labetalol,Ticagrelor,Minor
DDInter1852,Treprostinil,DDInter1013,Labetalol,Labetalol,Treprostinil,Moderate
DDInter1022,Lansoprazole,DDInter975,Iron,Iron,Lansoprazole,Moderate
DDInter542,Dicoumarol,DDInter1022,Lansoprazole,Dicoumarol,Lansoprazole,Moderate
DDInter1022,Lansoprazole,DDInter725,Ferrous fumarate,Ferrous fumarate,Lansoprazole,Moderate
DDInter1022,Lansoprazole,DDInter726,Ferrous gluconate,Ferrous gluconate,Lansoprazole,Moderate
DDInter1022,Lansoprazole,DDInter785,Fostamatinib,Fostamatinib,Lansoprazole,Moderate
DDInter1022,Lansoprazole,DDInter1136,Mecobalamin,Lansoprazole,Mecobalamin,Minor
DDInter1022,Lansoprazole,DDInter1277,Neomycin,Lansoprazole,Neomycin,Moderate
DDInter1022,Lansoprazole,DDInter1508,Prasugrel,Lansoprazole,Prasugrel,Minor
DDInter975,Iron,DDInter1023,Lanthanum carbonate,Iron,Lanthanum carbonate,Moderate
DDInter542,Dicoumarol,DDInter1023,Lanthanum carbonate,Dicoumarol,Lanthanum carbonate,Moderate
DDInter1023,Lanthanum carbonate,DDInter725,Ferrous fumarate,Ferrous fumarate,Lanthanum carbonate,Moderate
DDInter1023,Lanthanum carbonate,DDInter726,Ferrous gluconate,Ferrous gluconate,Lanthanum carbonate,Moderate
DDInter1024,Lapatinib,DDInter785,Fostamatinib,Fostamatinib,Lapatinib,Moderate
DDInter1024,Lapatinib,DDInter1106,Lusutrombopag,Lapatinib,Lusutrombopag,Moderate
DDInter1024,Lapatinib,DDInter1115,Magnesium citrate,Lapatinib,Magnesium citrate,Moderate
DDInter1024,Lapatinib,DDInter1609,Rivaroxaban,Lapatinib,Rivaroxaban,Moderate
DDInter1024,Lapatinib,DDInter1656,Selexipag,Lapatinib,Selexipag,Moderate
DDInter1852,Treprostinil,DDInter1024,Lapatinib,Lapatinib,Treprostinil,Moderate
DDInter785,Fostamatinib,DDInter1026,Larotrectinib,Fostamatinib,Larotrectinib,Moderate
DDInter1609,Rivaroxaban,DDInter1026,Larotrectinib,Larotrectinib,Rivaroxaban,Moderate
DDInter1656,Selexipag,DDInter1026,Larotrectinib,Larotrectinib,Selexipag,Moderate
DDInter1802,Ticagrelor,DDInter1026,Larotrectinib,Larotrectinib,Ticagrelor,Moderate
DDInter1945,Vorapaxar,DDInter1026,Larotrectinib,Larotrectinib,Vorapaxar,Moderate
DDInter1027,Lasmiditan,DDInter1106,Lusutrombopag,Lasmiditan,Lusutrombopag,Moderate
DDInter1609,Rivaroxaban,DDInter1027,Lasmiditan,Lasmiditan,Rivaroxaban,Moderate
DDInter1656,Selexipag,DDInter1027,Lasmiditan,Lasmiditan,Selexipag,Moderate
DDInter1802,Ticagrelor,DDInter1027,Lasmiditan,Lasmiditan,Ticagrelor,Moderate
DDInter785,Fostamatinib,DDInter1032,Lefamulin,Fostamatinib,Lefamulin,Moderate
DDInter1115,Magnesium citrate,DDInter1032,Lefamulin,Lefamulin,Magnesium citrate,Moderate
DDInter1609,Rivaroxaban,DDInter1032,Lefamulin,Lefamulin,Rivaroxaban,Moderate
DDInter1656,Selexipag,DDInter1032,Lefamulin,Lefamulin,Selexipag,Moderate
DDInter1802,Ticagrelor,DDInter1032,Lefamulin,Lefamulin,Ticagrelor,Moderate
DDInter1945,Vorapaxar,DDInter1032,Lefamulin,Lefamulin,Vorapaxar,Moderate
DDInter542,Dicoumarol,DDInter1033,Leflunomide,Dicoumarol,Leflunomide,Moderate
DDInter1033,Leflunomide,DDInter785,Fostamatinib,Fostamatinib,Leflunomide,Major
DDInter1033,Leflunomide,DDInter1964,Zinc chloride,Leflunomide,Zinc chloride,Minor
DDInter1034,Lemborexant,DDInter785,Fostamatinib,Fostamatinib,Lemborexant,Moderate
DDInter1609,Rivaroxaban,DDInter1034,Lemborexant,Lemborexant,Rivaroxaban,Moderate
DDInter1802,Ticagrelor,DDInter1034,Lemborexant,Lemborexant,Ticagrelor,Moderate
DDInter671,Erythropoietin,DDInter1035,Lenalidomide,Erythropoietin,Lenalidomide,Major
DDInter1035,Lenalidomide,DDInter785,Fostamatinib,Fostamatinib,Lenalidomide,Moderate
DDInter1035,Lenalidomide,DDInter1406,Peginesatide,Lenalidomide,Peginesatide,Major
DDInter1036,Lenvatinib,DDInter1115,Magnesium citrate,Lenvatinib,Magnesium citrate,Moderate
DDInter1609,Rivaroxaban,DDInter1039,Letermovir,Letermovir,Rivaroxaban,Moderate
DDInter1656,Selexipag,DDInter1039,Letermovir,Letermovir,Selexipag,Moderate
DDInter1802,Ticagrelor,DDInter1039,Letermovir,Letermovir,Ticagrelor,Moderate
DDInter1852,Treprostinil,DDInter1039,Letermovir,Letermovir,Treprostinil,Moderate
DDInter1040,Letrozole,DDInter785,Fostamatinib,Fostamatinib,Letrozole,Moderate
DDInter653,Epinephrine (ophthalmic),DDInter1063,Levosalbutamol,Epinephrine (ophthalmic),Levosalbutamol,Moderate
DDInter654,Epinephrine (topical),DDInter1063,Levosalbutamol,Epinephrine (topical),Levosalbutamol,Moderate
DDInter1123,Mannitol,DDInter1063,Levosalbutamol,Levosalbutamol,Mannitol,Moderate
DDInter272,Calcium chloride,DDInter1045,Levamlodipine,Calcium chloride,Levamlodipine,Moderate
DDInter657,Epoprostenol,DDInter1045,Levamlodipine,Epoprostenol,Levamlodipine,Moderate
DDInter1045,Levamlodipine,DDInter785,Fostamatinib,Fostamatinib,Levamlodipine,Moderate
DDInter908,Iloprost,DDInter1045,Levamlodipine,Iloprost,Levamlodipine,Moderate
DDInter1045,Levamlodipine,DDInter1656,Selexipag,Levamlodipine,Selexipag,Moderate
DDInter1802,Ticagrelor,DDInter1045,Levamlodipine,Levamlodipine,Ticagrelor,Minor
DDInter1852,Treprostinil,DDInter1045,Levamlodipine,Levamlodipine,Treprostinil,Moderate
DDInter654,Epinephrine (topical),DDInter1050,Levobunolol (ophthalmic),Epinephrine (topical),Levobunolol (ophthalmic),Moderate
DDInter1050,Levobunolol (ophthalmic),DDInter1802,Ticagrelor,Levobunolol (ophthalmic),Ticagrelor,Minor
DDInter1055,Levofloxacin,DDInter975,Iron,Iron,Levofloxacin,Moderate
DDInter542,Dicoumarol,DDInter1055,Levofloxacin,Dicoumarol,Levofloxacin,Major
DDInter1055,Levofloxacin,DDInter725,Ferrous fumarate,Ferrous fumarate,Levofloxacin,Moderate
DDInter1055,Levofloxacin,DDInter726,Ferrous gluconate,Ferrous gluconate,Levofloxacin,Moderate
DDInter1055,Levofloxacin,DDInter1114,Magnesium chloride,Levofloxacin,Magnesium chloride,Moderate
DDInter1055,Levofloxacin,DDInter1115,Magnesium citrate,Levofloxacin,Magnesium citrate,Moderate
DDInter1055,Levofloxacin,DDInter1964,Zinc chloride,Levofloxacin,Zinc chloride,Moderate
DDInter99,Anistreplase,DDInter1059,Levomilnacipran,Anistreplase,Levomilnacipran,Moderate
DDInter117,Argatroban,DDInter1059,Levomilnacipran,Argatroban,Levomilnacipran,Moderate
DDInter471,Danaparoid,DDInter1059,Levomilnacipran,Danaparoid,Levomilnacipran,Moderate
DDInter542,Dicoumarol,DDInter1059,Levomilnacipran,Dicoumarol,Levomilnacipran,Moderate
DDInter605,Drotrecogin alfa,DDInter1059,Levomilnacipran,Drotrecogin alfa,Levomilnacipran,Moderate
DDInter645,Enoxaparin,DDInter1059,Levomilnacipran,Enoxaparin,Levomilnacipran,Moderate
DDInter653,Epinephrine (ophthalmic),DDInter1059,Levomilnacipran,Epinephrine (ophthalmic),Levomilnacipran,Moderate
DDInter654,Epinephrine (topical),DDInter1059,Levomilnacipran,Epinephrine (topical),Levomilnacipran,Moderate
DDInter657,Epoprostenol,DDInter1059,Levomilnacipran,Epoprostenol,Levomilnacipran,Moderate
DDInter659,Eptifibatide,DDInter1059,Levomilnacipran,Eptifibatide,Levomilnacipran,Moderate
DDInter775,Fondaparinux,DDInter1059,Levomilnacipran,Fondaparinux,Levomilnacipran,Moderate
DDInter856,Heparin,DDInter1059,Levomilnacipran,Heparin,Levomilnacipran,Moderate
DDInter908,Iloprost,DDInter1059,Levomilnacipran,Iloprost,Levomilnacipran,Moderate
DDInter1037,Lepirudin,DDInter1059,Levomilnacipran,Lepirudin,Levomilnacipran,Moderate
DDInter1123,Mannitol,DDInter1059,Levomilnacipran,Levomilnacipran,Mannitol,Moderate
DDInter1508,Prasugrel,DDInter1059,Levomilnacipran,Levomilnacipran,Prasugrel,Moderate
DDInter1585,Reteplase,DDInter1059,Levomilnacipran,Levomilnacipran,Reteplase,Moderate
DDInter1609,Rivaroxaban,DDInter1059,Levomilnacipran,Levomilnacipran,Rivaroxaban,Moderate
DDInter1712,Streptokinase,DDInter1059,Levomilnacipran,Levomilnacipran,Streptokinase,Moderate
DDInter1764,Tenecteplase,DDInter1059,Levomilnacipran,Levomilnacipran,Tenecteplase,Moderate
DDInter1802,Ticagrelor,DDInter1059,Levomilnacipran,Levomilnacipran,Ticagrelor,Moderate
DDInter1804,Ticlopidine,DDInter1059,Levomilnacipran,Levomilnacipran,Ticlopidine,Moderate
DDInter1812,Tinzaparin,DDInter1059,Levomilnacipran,Levomilnacipran,Tinzaparin,Moderate
DDInter1818,Tirofiban,DDInter1059,Levomilnacipran,Levomilnacipran,Tirofiban,Moderate
DDInter1852,Treprostinil,DDInter1059,Levomilnacipran,Levomilnacipran,Treprostinil,Moderate
DDInter1903,Urea,DDInter1059,Levomilnacipran,Levomilnacipran,Urea,Moderate
DDInter1905,Urokinase,DDInter1059,Levomilnacipran,Levomilnacipran,Urokinase,Moderate
DDInter1059,Levomilnacipran,DDInter1945,Vorapaxar,Levomilnacipran,Vorapaxar,Moderate
DDInter1062,Levorphanol,DDInter1508,Prasugrel,Levorphanol,Prasugrel,Moderate
DDInter1062,Levorphanol,DDInter1802,Ticagrelor,Levorphanol,Ticagrelor,Moderate
DDInter542,Dicoumarol,DDInter1073,Linezolid,Dicoumarol,Linezolid,Moderate
DDInter1073,Linezolid,DDInter653,Epinephrine (ophthalmic),Epinephrine (ophthalmic),Linezolid,Moderate
DDInter1073,Linezolid,DDInter654,Epinephrine (topical),Epinephrine (topical),Linezolid,Moderate
DDInter1073,Linezolid,DDInter657,Epoprostenol,Epoprostenol,Linezolid,Moderate
DDInter1073,Linezolid,DDInter908,Iloprost,Iloprost,Linezolid,Moderate
DDInter1073,Linezolid,DDInter1656,Selexipag,Linezolid,Selexipag,Moderate
DDInter1852,Treprostinil,DDInter1073,Linezolid,Linezolid,Treprostinil,Moderate
DDInter1078,Lisdexamfetamine,DDInter80,Ammonium chloride,Ammonium chloride,Lisdexamfetamine,Moderate
DDInter1078,Lisdexamfetamine,DDInter1115,Magnesium citrate,Lisdexamfetamine,Magnesium citrate,Moderate
DDInter1078,Lisdexamfetamine,DDInter1681,Sodium acetate,Lisdexamfetamine,Sodium acetate,Moderate
DDInter99,Anistreplase,DDInter1079,Lisinopril,Anistreplase,Lisinopril,Moderate
DDInter1079,Lisinopril,DDInter645,Enoxaparin,Enoxaparin,Lisinopril,Moderate
DDInter671,Erythropoietin,DDInter1079,Lisinopril,Erythropoietin,Lisinopril,Minor
DDInter1079,Lisinopril,DDInter657,Epoprostenol,Epoprostenol,Lisinopril,Moderate
DDInter1079,Lisinopril,DDInter856,Heparin,Heparin,Lisinopril,Moderate
DDInter1079,Lisinopril,DDInter902,Icatibant,Icatibant,Lisinopril,Moderate
DDInter1079,Lisinopril,DDInter908,Iloprost,Iloprost,Lisinopril,Moderate
DDInter1079,Lisinopril,DDInter1123,Mannitol,Lisinopril,Mannitol,Moderate
DDInter1079,Lisinopril,DDInter1406,Peginesatide,Lisinopril,Peginesatide,Minor
DDInter1585,Reteplase,DDInter1079,Lisinopril,Lisinopril,Reteplase,Moderate
DDInter1079,Lisinopril,DDInter1656,Selexipag,Lisinopril,Selexipag,Moderate
DDInter1712,Streptokinase,DDInter1079,Lisinopril,Lisinopril,Streptokinase,Moderate
DDInter1764,Tenecteplase,DDInter1079,Lisinopril,Lisinopril,Tenecteplase,Moderate
DDInter1079,Lisinopril,DDInter1812,Tinzaparin,Lisinopril,Tinzaparin,Moderate
DDInter1852,Treprostinil,DDInter1079,Lisinopril,Lisinopril,Treprostinil,Moderate
DDInter1905,Urokinase,DDInter1079,Lisinopril,Lisinopril,Urokinase,Moderate
DDInter1681,Sodium acetate,DDInter1081,Lithium carbonate,Lithium carbonate,Sodium acetate,Moderate
DDInter1685,Sodium chloride,DDInter1081,Lithium carbonate,Lithium carbonate,Sodium chloride,Moderate
DDInter1903,Urea,DDInter1081,Lithium carbonate,Lithium carbonate,Urea,Minor
DDInter542,Dicoumarol,DDInter1082,Lixisenatide,Dicoumarol,Lixisenatide,Minor
DDInter115,Ardeparin,DDInter525,Dextran (low molecular weight),Ardeparin,Dextran (low molecular weight),Major
DDInter471,Danaparoid,DDInter525,Dextran (low molecular weight),Danaparoid,Dextran (low molecular weight),Major
DDInter605,Drotrecogin alfa,DDInter525,Dextran (low molecular weight),Dextran (low molecular weight),Drotrecogin alfa,Major
DDInter645,Enoxaparin,DDInter525,Dextran (low molecular weight),Dextran (low molecular weight),Enoxaparin,Major
DDInter775,Fondaparinux,DDInter525,Dextran (low molecular weight),Dextran (low molecular weight),Fondaparinux,Major
DDInter903,Icosapent,DDInter525,Dextran (low molecular weight),Dextran (low molecular weight),Icosapent,Moderate
DDInter525,Dextran (low molecular weight),DDInter1297,Niraparib,Dextran (low molecular weight),Niraparib,Moderate
DDInter1335,Omacetaxine mepesuccinate,DDInter525,Dextran (low molecular weight),Dextran (low molecular weight),Omacetaxine mepesuccinate,Major
DDInter1426,Pentoxifylline,DDInter525,Dextran (low molecular weight),Dextran (low molecular weight),Pentoxifylline,Moderate
DDInter1508,Prasugrel,DDInter525,Dextran (low molecular weight),Dextran (low molecular weight),Prasugrel,Major
DDInter1566,Ramucirumab,DDInter525,Dextran (low molecular weight),Dextran (low molecular weight),Ramucirumab,Major
DDInter1609,Rivaroxaban,DDInter525,Dextran (low molecular weight),Dextran (low molecular weight),Rivaroxaban,Major
DDInter1812,Tinzaparin,DDInter525,Dextran (low molecular weight),Dextran (low molecular weight),Tinzaparin,Major
DDInter1945,Vorapaxar,DDInter525,Dextran (low molecular weight),Dextran (low molecular weight),Vorapaxar,Major
DDInter525,Dextran (low molecular weight),DDInter1959,Zanubrutinib,Dextran (low molecular weight),Zanubrutinib,Major
DDInter657,Epoprostenol,DDInter1083,Lofexidine,Epoprostenol,Lofexidine,Moderate
DDInter908,Iloprost,DDInter1083,Lofexidine,Iloprost,Lofexidine,Moderate
DDInter1083,Lofexidine,DDInter1115,Magnesium citrate,Lofexidine,Magnesium citrate,Moderate
DDInter1083,Lofexidine,DDInter1656,Selexipag,Lofexidine,Selexipag,Moderate
DDInter1852,Treprostinil,DDInter1083,Lofexidine,Lofexidine,Treprostinil,Moderate
DDInter785,Fostamatinib,DDInter1094,Lorlatinib,Fostamatinib,Lorlatinib,Moderate
DDInter1609,Rivaroxaban,DDInter1094,Lorlatinib,Lorlatinib,Rivaroxaban,Moderate
DDInter1656,Selexipag,DDInter1094,Lorlatinib,Lorlatinib,Selexipag,Moderate
DDInter1802,Ticagrelor,DDInter1094,Lorlatinib,Lorlatinib,Ticagrelor,Moderate
DDInter1945,Vorapaxar,DDInter1094,Lorlatinib,Lorlatinib,Vorapaxar,Moderate
DDInter1095,Losartan,DDInter657,Epoprostenol,Epoprostenol,Losartan,Moderate
DDInter1095,Losartan,DDInter1656,Selexipag,Losartan,Selexipag,Moderate
DDInter1098,Lovastatin,DDInter542,Dicoumarol,Dicoumarol,Lovastatin,Moderate
DDInter1098,Lovastatin,DDInter785,Fostamatinib,Fostamatinib,Lovastatin,Moderate
DDInter1098,Lovastatin,DDInter1106,Lusutrombopag,Lovastatin,Lusutrombopag,Moderate
DDInter1098,Lovastatin,DDInter1802,Ticagrelor,Lovastatin,Ticagrelor,Moderate
DDInter1099,Loxapine,DDInter1497,Potassium chloride,Loxapine,Potassium chloride,Major
DDInter1102,Lumateperone,DDInter785,Fostamatinib,Fostamatinib,Lumateperone,Moderate
DDInter1104,Lurasidone,DDInter785,Fostamatinib,Fostamatinib,Lurasidone,Moderate
DDInter1104,Lurasidone,DDInter1802,Ticagrelor,Lurasidone,Ticagrelor,Moderate
DDInter1802,Ticagrelor,DDInter1105,Lurbinectedin,Lurbinectedin,Ticagrelor,Moderate
DDInter128,Astemizole,DDInter1106,Lusutrombopag,Astemizole,Lusutrombopag,Moderate
DDInter192,Bepridil,DDInter1106,Lusutrombopag,Bepridil,Lusutrombopag,Moderate
DDInter1106,Lusutrombopag,DDInter193,Berotralstat,Berotralstat,Lusutrombopag,Moderate
DDInter221,Boceprevir,DDInter1106,Lusutrombopag,Boceprevir,Lusutrombopag,Moderate
DDInter648,Entrectinib,DDInter1106,Lusutrombopag,Entrectinib,Lusutrombopag,Moderate
DDInter649,Enzalutamide,DDInter1106,Lusutrombopag,Enzalutamide,Lusutrombopag,Moderate
DDInter703,Etravirine,DDInter1106,Lusutrombopag,Etravirine,Lusutrombopag,Moderate
DDInter708,Ezogabine,DDInter1106,Lusutrombopag,Ezogabine,Lusutrombopag,Moderate
DDInter716,Felodipine,DDInter1106,Lusutrombopag,Felodipine,Lusutrombopag,Moderate
DDInter734,Fidaxomicin,DDInter1106,Lusutrombopag,Fidaxomicin,Lusutrombopag,Moderate
DDInter741,Flibanserin,DDInter1106,Lusutrombopag,Flibanserin,Lusutrombopag,Moderate
DDInter785,Fostamatinib,DDInter1106,Lusutrombopag,Fostamatinib,Lusutrombopag,Moderate
DDInter786,Fostemsavir,DDInter1106,Lusutrombopag,Fostemsavir,Lusutrombopag,Moderate
DDInter810,Gefitinib,DDInter1106,Lusutrombopag,Gefitinib,Lusutrombopag,Moderate
DDInter817,Gilteritinib,DDInter1106,Lusutrombopag,Gilteritinib,Lusutrombopag,Moderate
DDInter822,Glasdegib,DDInter1106,Lusutrombopag,Glasdegib,Lusutrombopag,Moderate
DDInter899,Ibrutinib,DDInter1106,Lusutrombopag,Ibrutinib,Lusutrombopag,Moderate
DDInter905,Idelalisib,DDInter1106,Lusutrombopag,Idelalisib,Lusutrombopag,Moderate
DDInter1085,Lomitapide,DDInter1106,Lusutrombopag,Lomitapide,Lusutrombopag,Moderate
DDInter1214,Midostaurin,DDInter1106,Lusutrombopag,Lusutrombopag,Midostaurin,Moderate
DDInter1215,Mifepristone,DDInter1106,Lusutrombopag,Lusutrombopag,Mifepristone,Moderate
DDInter1229,Mirabegron,DDInter1106,Lusutrombopag,Lusutrombopag,Mirabegron,Moderate
DDInter1274,Nefazodone,DDInter1106,Lusutrombopag,Lusutrombopag,Nefazodone,Moderate
DDInter1276,Nelfinavir,DDInter1106,Lusutrombopag,Lusutrombopag,Nelfinavir,Moderate
DDInter1281,Neratinib,DDInter1106,Lusutrombopag,Lusutrombopag,Neratinib,Moderate
DDInter1287,Nicardipine,DDInter1106,Lusutrombopag,Lusutrombopag,Nicardipine,Moderate
DDInter1293,Nilotinib,DDInter1106,Lusutrombopag,Lusutrombopag,Nilotinib,Moderate
DDInter1297,Niraparib,DDInter1106,Lusutrombopag,Lusutrombopag,Niraparib,Moderate
DDInter1327,Olaparib,DDInter1106,Lusutrombopag,Lusutrombopag,Olaparib,Moderate
DDInter1352,Osimertinib,DDInter1106,Lusutrombopag,Lusutrombopag,Osimertinib,Moderate
DDInter1379,Palbociclib,DDInter1106,Lusutrombopag,Lusutrombopag,Palbociclib,Moderate
DDInter1492,Ponatinib,DDInter1106,Lusutrombopag,Lusutrombopag,Ponatinib,Moderate
DDInter1494,Posaconazole,DDInter1106,Lusutrombopag,Lusutrombopag,Posaconazole,Moderate
DDInter1529,Progesterone,DDInter1106,Lusutrombopag,Lusutrombopag,Progesterone,Moderate
DDInter1534,Propafenone,DDInter1106,Lusutrombopag,Lusutrombopag,Propafenone,Moderate
DDInter1556,Quinidine,DDInter1106,Lusutrombopag,Lusutrombopag,Quinidine,Moderate
DDInter1557,Quinine,DDInter1106,Lusutrombopag,Lusutrombopag,Quinine,Moderate
DDInter1570,Ranolazine,DDInter1106,Lusutrombopag,Lusutrombopag,Ranolazine,Moderate
DDInter1576,Regorafenib,DDInter1106,Lusutrombopag,Lusutrombopag,Regorafenib,Moderate
DDInter1582,Reserpine,DDInter1106,Lusutrombopag,Lusutrombopag,Reserpine,Moderate
DDInter1588,Ribociclib,DDInter1106,Lusutrombopag,Lusutrombopag,Ribociclib,Moderate
DDInter1615,Rolapitant,DDInter1106,Lusutrombopag,Lusutrombopag,Rolapitant,Moderate
DDInter1626,Rucaparib,DDInter1106,Lusutrombopag,Lusutrombopag,Rucaparib,Moderate
DDInter1631,Safinamide,DDInter1106,Lusutrombopag,Lusutrombopag,Safinamide,Moderate
DDInter1641,Sarecycline,DDInter1106,Lusutrombopag,Lusutrombopag,Sarecycline,Moderate
DDInter1673,Simeprevir,DDInter1106,Lusutrombopag,Lusutrombopag,Simeprevir,Moderate
DDInter1675,Simvastatin,DDInter1106,Lusutrombopag,Lusutrombopag,Simvastatin,Moderate
DDInter1701,Sonidegib,DDInter1106,Lusutrombopag,Lusutrombopag,Sonidegib,Moderate
DDInter1702,Sorafenib,DDInter1106,Lusutrombopag,Lusutrombopag,Sorafenib,Moderate
DDInter1733,Suvorexant,DDInter1106,Lusutrombopag,Lusutrombopag,Suvorexant,Moderate
DDInter1735,Tacrolimus,DDInter1106,Lusutrombopag,Lusutrombopag,Tacrolimus,Moderate
DDInter1737,Tafamidis,DDInter1106,Lusutrombopag,Lusutrombopag,Tafamidis,Moderate
DDInter1755,Telaprevir,DDInter1106,Lusutrombopag,Lusutrombopag,Telaprevir,Moderate
DDInter1758,Telithromycin,DDInter1106,Lusutrombopag,Lusutrombopag,Telithromycin,Moderate
DDInter1770,Terfenadine,DDInter1106,Lusutrombopag,Lusutrombopag,Terfenadine,Moderate
DDInter1771,Teriflunomide,DDInter1106,Lusutrombopag,Lusutrombopag,Teriflunomide,Moderate
DDInter1802,Ticagrelor,DDInter1106,Lusutrombopag,Lusutrombopag,Ticagrelor,Moderate
DDInter1828,Tolbutamide,DDInter1106,Lusutrombopag,Lusutrombopag,Tolbutamide,Moderate
DDInter1866,Trifluoperazine,DDInter1106,Lusutrombopag,Lusutrombopag,Trifluoperazine,Moderate
DDInter1106,Lusutrombopag,DDInter1882,Troleandomycin,Lusutrombopag,Troleandomycin,Moderate
DDInter1891,Tucatinib,DDInter1106,Lusutrombopag,Lusutrombopag,Tucatinib,Moderate
DDInter1897,Ulipristal,DDInter1106,Lusutrombopag,Lusutrombopag,Ulipristal,Moderate
DDInter1909,Valbenazine,DDInter1106,Lusutrombopag,Lusutrombopag,Valbenazine,Moderate
DDInter1913,Valproic acid,DDInter1106,Lusutrombopag,Lusutrombopag,Valproic acid,Moderate
DDInter1917,Vandetanib,DDInter1106,Lusutrombopag,Lusutrombopag,Vandetanib,Moderate
DDInter1925,Vemurafenib,DDInter1106,Lusutrombopag,Lusutrombopag,Vemurafenib,Moderate
DDInter1926,Venetoclax,DDInter1106,Lusutrombopag,Lusutrombopag,Venetoclax,Moderate
DDInter1111,Macitentan,DDInter785,Fostamatinib,Fostamatinib,Macitentan,Moderate
DDInter1802,Ticagrelor,DDInter1111,Macitentan,Macitentan,Ticagrelor,Moderate
DDInter1114,Magnesium chloride,DDInter135,Atracurium,Atracurium,Magnesium chloride,Moderate
DDInter383,Cinoxacin,DDInter1114,Magnesium chloride,Cinoxacin,Magnesium chloride,Moderate
DDInter498,Demeclocycline,DDInter1114,Magnesium chloride,Demeclocycline,Magnesium chloride,Moderate
DDInter558,Dihydrotachysterol,DDInter1114,Magnesium chloride,Dihydrotachysterol,Magnesium chloride,Moderate
DDInter644,Enoxacin,DDInter1114,Magnesium chloride,Enoxacin,Magnesium chloride,Moderate
DDInter1114,Magnesium chloride,DDInter661,Erdafitinib,Erdafitinib,Magnesium chloride,Major
DDInter662,Ergocalciferol,DDInter1114,Magnesium chloride,Ergocalciferol,Magnesium chloride,Moderate
DDInter698,Etidronic acid,DDInter1114,Magnesium chloride,Etidronic acid,Magnesium chloride,Moderate
DDInter809,Gatifloxacin,DDInter1114,Magnesium chloride,Gatifloxacin,Magnesium chloride,Moderate
DDInter813,Gemifloxacin,DDInter1114,Magnesium chloride,Gemifloxacin,Magnesium chloride,Moderate
DDInter842,Grepafloxacin,DDInter1114,Magnesium chloride,Grepafloxacin,Magnesium chloride,Moderate
DDInter1084,Lomefloxacin,DDInter1114,Magnesium chloride,Lomefloxacin,Magnesium chloride,Moderate
DDInter1114,Magnesium chloride,DDInter1113,Magnesium carbonate,Magnesium carbonate,Magnesium chloride,Moderate
DDInter1114,Magnesium chloride,DDInter1115,Magnesium citrate,Magnesium chloride,Magnesium citrate,Moderate
DDInter1114,Magnesium chloride,DDInter1116,Magnesium gluconate,Magnesium chloride,Magnesium gluconate,Moderate
DDInter1118,Magnesium hydroxide,DDInter1114,Magnesium chloride,Magnesium chloride,Magnesium hydroxide,Moderate
DDInter1259,Nalidixic acid,DDInter1114,Magnesium chloride,Magnesium chloride,Nalidixic acid,Moderate
DDInter1313,Norfloxacin,DDInter1114,Magnesium chloride,Magnesium chloride,Norfloxacin,Moderate
DDInter1325,Ofloxacin,DDInter1114,Magnesium chloride,Magnesium chloride,Ofloxacin,Moderate
DDInter1374,Oxytetracycline,DDInter1114,Magnesium chloride,Magnesium chloride,Oxytetracycline,Moderate
DDInter1385,Pancuronium,DDInter1114,Magnesium chloride,Magnesium chloride,Pancuronium,Moderate
DDInter1394,Paricalcitol,DDInter1114,Magnesium chloride,Magnesium chloride,Paricalcitol,Moderate
DDInter1419,Penicillamine,DDInter1114,Magnesium chloride,Magnesium chloride,Penicillamine,Moderate
DDInter1563,Raltegravir,DDInter1114,Magnesium chloride,Magnesium chloride,Raltegravir,Moderate
DDInter1612,Rocuronium,DDInter1114,Magnesium chloride,Magnesium chloride,Rocuronium,Moderate
DDInter1114,Magnesium chloride,DDInter1641,Sarecycline,Magnesium chloride,Sarecycline,Moderate
DDInter1705,Sparfloxacin,DDInter1114,Magnesium chloride,Magnesium chloride,Sparfloxacin,Moderate
DDInter1808,Tiludronic acid,DDInter1114,Magnesium chloride,Magnesium chloride,Tiludronic acid,Moderate
DDInter1887,Trovafloxacin,DDInter1114,Magnesium chloride,Magnesium chloride,Trovafloxacin,Moderate
DDInter1922,Vecuronium,DDInter1114,Magnesium chloride,Magnesium chloride,Vecuronium,Moderate
DDInter67,Amikacin (liposome),DDInter1123,Mannitol,Amikacin (liposome),Mannitol,Major
DDInter1123,Mannitol,DDInter135,Atracurium,Atracurium,Mannitol,Moderate
DDInter1123,Mannitol,DDInter787,Frangula purshiana bark,Frangula purshiana bark,Mannitol,Moderate
DDInter1123,Mannitol,DDInter307,Castor oil,Castor oil,Mannitol,Moderate
DDInter498,Demeclocycline,DDInter1123,Mannitol,Demeclocycline,Mannitol,Minor
DDInter1123,Mannitol,DDInter553,Digitoxin,Digitoxin,Mannitol,Moderate
DDInter1123,Mannitol,DDInter657,Epoprostenol,Epoprostenol,Mannitol,Moderate
DDInter1123,Mannitol,DDInter669,Ertugliflozin,Ertugliflozin,Mannitol,Moderate
DDInter1123,Mannitol,DDInter672,Escitalopram,Escitalopram,Mannitol,Moderate
DDInter1123,Mannitol,DDInter674,Eslicarbazepine,Eslicarbazepine,Mannitol,Moderate
DDInter1123,Mannitol,DDInter706,Exenatide,Exenatide,Mannitol,Moderate
DDInter1123,Mannitol,DDInter720,Fenoldopam,Fenoldopam,Mannitol,Moderate
DDInter770,Fluvoxamine,DDInter1123,Mannitol,Fluvoxamine,Mannitol,Moderate
DDInter781,Fosinopril,DDInter1123,Mannitol,Fosinopril,Mannitol,Moderate
DDInter1123,Mannitol,DDInter808,Garlic,Garlic,Mannitol,Minor
DDInter1123,Mannitol,DDInter815,Gentamicin,Gentamicin,Mannitol,Major
DDInter1123,Mannitol,DDInter832,Glycerin,Glycerin,Mannitol,Moderate
DDInter1123,Mannitol,DDInter847,Guanfacine,Guanfacine,Mannitol,Moderate
DDInter1123,Mannitol,DDInter908,Iloprost,Iloprost,Mannitol,Moderate
DDInter1123,Mannitol,DDInter915,Indacaterol,Indacaterol,Mannitol,Moderate
DDInter1123,Mannitol,DDInter957,Iodipamide,Iodipamide,Mannitol,Moderate
DDInter1123,Mannitol,DDInter958,Iodixanol,Iodixanol,Mannitol,Moderate
DDInter1123,Mannitol,DDInter960,Iohexol,Iohexol,Mannitol,Moderate
DDInter1123,Mannitol,DDInter966,Ioversol,Ioversol,Mannitol,Moderate
DDInter1123,Mannitol,DDInter967,Ioxilan,Ioxilan,Mannitol,Moderate
DDInter1123,Mannitol,DDInter974,Irinotecan (liposomal),Irinotecan (liposomal),Mannitol,Moderate
DDInter982,Isoetharine,DDInter1123,Mannitol,Isoetharine,Mannitol,Moderate
DDInter1123,Mannitol,DDInter1016,Lactitol,Lactitol,Mannitol,Moderate
DDInter1018,Lactulose,DDInter1123,Mannitol,Lactulose,Mannitol,Moderate
DDInter1123,Mannitol,DDInter1065,Licorice,Licorice,Mannitol,Moderate
DDInter1123,Mannitol,DDInter1115,Magnesium citrate,Magnesium citrate,Mannitol,Moderate
DDInter1123,Mannitol,DDInter1118,Magnesium hydroxide,Magnesium hydroxide,Mannitol,Moderate
DDInter1123,Mannitol,DDInter1125,Maraviroc,Mannitol,Maraviroc,Moderate
DDInter1123,Mannitol,DDInter1346,Orciprenaline,Mannitol,Orciprenaline,Moderate
DDInter1123,Mannitol,DDInter1220,Milnacipran,Mannitol,Milnacipran,Moderate
DDInter1123,Mannitol,DDInter1223,Mineral oil,Mannitol,Mineral oil,Moderate
DDInter1123,Mannitol,DDInter1274,Nefazodone,Mannitol,Nefazodone,Moderate
DDInter1123,Mannitol,DDInter1277,Neomycin,Mannitol,Neomycin,Major
DDInter1123,Mannitol,DDInter1283,Netilmicin,Mannitol,Netilmicin,Major
DDInter1374,Oxytetracycline,DDInter1123,Mannitol,Mannitol,Oxytetracycline,Minor
DDInter1123,Mannitol,DDInter1385,Pancuronium,Mannitol,Pancuronium,Moderate
DDInter1397,Paroxetine,DDInter1123,Mannitol,Mannitol,Paroxetine,Moderate
DDInter1123,Mannitol,DDInter1426,Pentoxifylline,Mannitol,Pentoxifylline,Moderate
DDInter1123,Mannitol,DDInter1443,Phenolphthalein,Mannitol,Phenolphthalein,Moderate
DDInter1123,Mannitol,DDInter1482,Plazomicin,Mannitol,Plazomicin,Major
DDInter1123,Mannitol,DDInter1488,Polyethylene glycol (3350),Mannitol,Polyethylene glycol (3350),Moderate
DDInter1565,Ramipril,DDInter1123,Mannitol,Mannitol,Ramipril,Moderate
DDInter1123,Mannitol,DDInter1600,Riociguat,Mannitol,Riociguat,Moderate
DDInter1612,Rocuronium,DDInter1123,Mannitol,Mannitol,Rocuronium,Moderate
DDInter1123,Mannitol,DDInter1635,Salmeterol,Mannitol,Salmeterol,Moderate
DDInter1123,Mannitol,DDInter1656,Selexipag,Mannitol,Selexipag,Moderate
DDInter1123,Mannitol,DDInter1662,Sertraline,Mannitol,Sertraline,Moderate
DDInter1123,Mannitol,DDInter1665,Sibutramine,Mannitol,Sibutramine,Moderate
DDInter1123,Mannitol,DDInter1713,Streptomycin,Mannitol,Streptomycin,Major
DDInter1123,Mannitol,DDInter1769,Terbutaline,Mannitol,Terbutaline,Moderate
DDInter1822,Tobramycin,DDInter1123,Mannitol,Mannitol,Tobramycin,Major
DDInter1852,Treprostinil,DDInter1123,Mannitol,Mannitol,Treprostinil,Moderate
DDInter1123,Mannitol,DDInter1922,Vecuronium,Mannitol,Vecuronium,Moderate
DDInter1927,Venlafaxine,DDInter1123,Mannitol,Mannitol,Venlafaxine,Moderate
DDInter1929,Verteporfin,DDInter1123,Mannitol,Mannitol,Verteporfin,Moderate
DDInter1123,Mannitol,DDInter1935,Vilazodone,Mannitol,Vilazodone,Moderate
DDInter1123,Mannitol,DDInter1948,Vortioxetine,Mannitol,Vortioxetine,Moderate
DDInter1497,Potassium chloride,DDInter1124,Maprotiline,Maprotiline,Potassium chloride,Major
DDInter657,Epoprostenol,DDInter1125,Maraviroc,Epoprostenol,Maraviroc,Moderate
DDInter1125,Maraviroc,DDInter785,Fostamatinib,Fostamatinib,Maraviroc,Moderate
DDInter908,Iloprost,DDInter1125,Maraviroc,Iloprost,Maraviroc,Moderate
DDInter1125,Maraviroc,DDInter1656,Selexipag,Maraviroc,Selexipag,Moderate
DDInter1125,Maraviroc,DDInter1802,Ticagrelor,Maraviroc,Ticagrelor,Moderate
DDInter1852,Treprostinil,DDInter1125,Maraviroc,Maraviroc,Treprostinil,Moderate
DDInter1903,Urea,DDInter1125,Maraviroc,Maraviroc,Urea,Moderate
DDInter1937,Vincristine,DDInter785,Fostamatinib,Fostamatinib,Vincristine,Moderate
DDInter1937,Vincristine,DDInter1802,Ticagrelor,Ticagrelor,Vincristine,Moderate
DDInter1130,Mecamylamine,DDInter657,Epoprostenol,Epoprostenol,Mecamylamine,Moderate
DDInter1130,Mecamylamine,DDInter908,Iloprost,Iloprost,Mecamylamine,Moderate
DDInter1130,Mecamylamine,DDInter1656,Selexipag,Mecamylamine,Selexipag,Moderate
DDInter1130,Mecamylamine,DDInter1681,Sodium acetate,Mecamylamine,Sodium acetate,Moderate
DDInter1852,Treprostinil,DDInter1130,Mecamylamine,Mecamylamine,Treprostinil,Moderate
DDInter1134,Meclizine,DDInter1497,Potassium chloride,Meclizine,Potassium chloride,Major
DDInter542,Dicoumarol,DDInter1191,Methylprednisolone,Dicoumarol,Methylprednisolone,Moderate
DDInter1191,Methylprednisolone,DDInter785,Fostamatinib,Fostamatinib,Methylprednisolone,Moderate
DDInter1191,Methylprednisolone,DDInter1115,Magnesium citrate,Magnesium citrate,Methylprednisolone,Moderate
DDInter1804,Ticlopidine,DDInter1191,Methylprednisolone,Methylprednisolone,Ticlopidine,Minor
DDInter1191,Methylprednisolone,DDInter1964,Zinc chloride,Methylprednisolone,Zinc chloride,Minor
DDInter1137,Medroxyprogesterone acetate,DDInter785,Fostamatinib,Fostamatinib,Medroxyprogesterone acetate,Moderate
DDInter99,Anistreplase,DDInter1139,Mefenamic acid,Anistreplase,Mefenamic acid,Moderate
DDInter117,Argatroban,DDInter1139,Mefenamic acid,Argatroban,Mefenamic acid,Moderate
DDInter1139,Mefenamic acid,DDInter471,Danaparoid,Danaparoid,Mefenamic acid,Major
DDInter542,Dicoumarol,DDInter1139,Mefenamic acid,Dicoumarol,Mefenamic acid,Major
DDInter605,Drotrecogin alfa,DDInter1139,Mefenamic acid,Drotrecogin alfa,Mefenamic acid,Major
DDInter1139,Mefenamic acid,DDInter645,Enoxaparin,Enoxaparin,Mefenamic acid,Major
DDInter1139,Mefenamic acid,DDInter657,Epoprostenol,Epoprostenol,Mefenamic acid,Moderate
DDInter659,Eptifibatide,DDInter1139,Mefenamic acid,Eptifibatide,Mefenamic acid,Moderate
DDInter775,Fondaparinux,DDInter1139,Mefenamic acid,Fondaparinux,Mefenamic acid,Major
DDInter1139,Mefenamic acid,DDInter856,Heparin,Heparin,Mefenamic acid,Moderate
DDInter1139,Mefenamic acid,DDInter908,Iloprost,Iloprost,Mefenamic acid,Moderate
DDInter1037,Lepirudin,DDInter1139,Mefenamic acid,Lepirudin,Mefenamic acid,Moderate
DDInter1497,Potassium chloride,DDInter1139,Mefenamic acid,Mefenamic acid,Potassium chloride,Moderate
DDInter1139,Mefenamic acid,DDInter1508,Prasugrel,Mefenamic acid,Prasugrel,Major
DDInter1585,Reteplase,DDInter1139,Mefenamic acid,Mefenamic acid,Reteplase,Moderate
DDInter1139,Mefenamic acid,DDInter1609,Rivaroxaban,Mefenamic acid,Rivaroxaban,Major
DDInter1712,Streptokinase,DDInter1139,Mefenamic acid,Mefenamic acid,Streptokinase,Moderate
DDInter1764,Tenecteplase,DDInter1139,Mefenamic acid,Mefenamic acid,Tenecteplase,Moderate
DDInter1139,Mefenamic acid,DDInter1802,Ticagrelor,Mefenamic acid,Ticagrelor,Moderate
DDInter1804,Ticlopidine,DDInter1139,Mefenamic acid,Mefenamic acid,Ticlopidine,Moderate
DDInter1139,Mefenamic acid,DDInter1812,Tinzaparin,Mefenamic acid,Tinzaparin,Major
DDInter1852,Treprostinil,DDInter1139,Mefenamic acid,Mefenamic acid,Treprostinil,Moderate
DDInter1905,Urokinase,DDInter1139,Mefenamic acid,Mefenamic acid,Urokinase,Moderate
DDInter1139,Mefenamic acid,DDInter1945,Vorapaxar,Mefenamic acid,Vorapaxar,Major
DDInter1140,Mefloquine,DDInter785,Fostamatinib,Fostamatinib,Mefloquine,Moderate
DDInter1140,Mefloquine,DDInter1115,Magnesium citrate,Magnesium citrate,Mefloquine,Moderate
DDInter1141,Megestrol acetate,DDInter785,Fostamatinib,Fostamatinib,Megestrol acetate,Moderate
DDInter99,Anistreplase,DDInter1143,Meloxicam,Anistreplase,Meloxicam,Moderate
DDInter117,Argatroban,DDInter1143,Meloxicam,Argatroban,Meloxicam,Moderate
DDInter1143,Meloxicam,DDInter471,Danaparoid,Danaparoid,Meloxicam,Major
DDInter542,Dicoumarol,DDInter1143,Meloxicam,Dicoumarol,Meloxicam,Major
DDInter605,Drotrecogin alfa,DDInter1143,Meloxicam,Drotrecogin alfa,Meloxicam,Major
DDInter1143,Meloxicam,DDInter645,Enoxaparin,Enoxaparin,Meloxicam,Major
DDInter1143,Meloxicam,DDInter657,Epoprostenol,Epoprostenol,Meloxicam,Moderate
DDInter659,Eptifibatide,DDInter1143,Meloxicam,Eptifibatide,Meloxicam,Moderate
DDInter775,Fondaparinux,DDInter1143,Meloxicam,Fondaparinux,Meloxicam,Major
DDInter1143,Meloxicam,DDInter785,Fostamatinib,Fostamatinib,Meloxicam,Moderate
DDInter1143,Meloxicam,DDInter856,Heparin,Heparin,Meloxicam,Moderate
DDInter1143,Meloxicam,DDInter908,Iloprost,Iloprost,Meloxicam,Moderate
DDInter1037,Lepirudin,DDInter1143,Meloxicam,Lepirudin,Meloxicam,Moderate
DDInter1497,Potassium chloride,DDInter1143,Meloxicam,Meloxicam,Potassium chloride,Moderate
DDInter1143,Meloxicam,DDInter1508,Prasugrel,Meloxicam,Prasugrel,Major
DDInter1585,Reteplase,DDInter1143,Meloxicam,Meloxicam,Reteplase,Moderate
DDInter1143,Meloxicam,DDInter1609,Rivaroxaban,Meloxicam,Rivaroxaban,Major
DDInter1712,Streptokinase,DDInter1143,Meloxicam,Meloxicam,Streptokinase,Moderate
DDInter1764,Tenecteplase,DDInter1143,Meloxicam,Meloxicam,Tenecteplase,Moderate
DDInter1143,Meloxicam,DDInter1802,Ticagrelor,Meloxicam,Ticagrelor,Moderate
DDInter1804,Ticlopidine,DDInter1143,Meloxicam,Meloxicam,Ticlopidine,Moderate
DDInter1143,Meloxicam,DDInter1812,Tinzaparin,Meloxicam,Tinzaparin,Major
DDInter1818,Tirofiban,DDInter1143,Meloxicam,Meloxicam,Tirofiban,Moderate
DDInter1852,Treprostinil,DDInter1143,Meloxicam,Meloxicam,Treprostinil,Moderate
DDInter1905,Urokinase,DDInter1143,Meloxicam,Meloxicam,Urokinase,Moderate
DDInter1143,Meloxicam,DDInter1945,Vorapaxar,Meloxicam,Vorapaxar,Major
DDInter1497,Potassium chloride,DDInter1149,Mepenzolate,Mepenzolate,Potassium chloride,Major
DDInter1150,Meperidine,DDInter785,Fostamatinib,Fostamatinib,Meperidine,Moderate
DDInter1150,Meperidine,DDInter1508,Prasugrel,Meperidine,Prasugrel,Moderate
DDInter1150,Meperidine,DDInter1802,Ticagrelor,Meperidine,Ticagrelor,Moderate
DDInter542,Dicoumarol,DDInter1190,Methylphenobarbital,Dicoumarol,Methylphenobarbital,Major
DDInter1190,Methylphenobarbital,DDInter785,Fostamatinib,Fostamatinib,Methylphenobarbital,Moderate
DDInter1190,Methylphenobarbital,DDInter855,Hemin,Hemin,Methylphenobarbital,Major
DDInter1190,Methylphenobarbital,DDInter1609,Rivaroxaban,Methylphenobarbital,Rivaroxaban,Moderate
DDInter1190,Methylphenobarbital,DDInter1802,Ticagrelor,Methylphenobarbital,Ticagrelor,Moderate
DDInter542,Dicoumarol,DDInter1156,Mercaptopurine,Dicoumarol,Mercaptopurine,Moderate
DDInter653,Epinephrine (ophthalmic),DDInter1346,Orciprenaline,Epinephrine (ophthalmic),Orciprenaline,Moderate
DDInter654,Epinephrine (topical),DDInter1346,Orciprenaline,Epinephrine (topical),Orciprenaline,Moderate
DDInter1161,Metamfetamine,DDInter80,Ammonium chloride,Ammonium chloride,Metamfetamine,Moderate
DDInter1161,Metamfetamine,DDInter1681,Sodium acetate,Metamfetamine,Sodium acetate,Moderate
DDInter1167,Methazolamide,DDInter657,Epoprostenol,Epoprostenol,Methazolamide,Moderate
DDInter1167,Methazolamide,DDInter908,Iloprost,Iloprost,Methazolamide,Moderate
DDInter1167,Methazolamide,DDInter1115,Magnesium citrate,Magnesium citrate,Methazolamide,Moderate
DDInter1167,Methazolamide,DDInter1656,Selexipag,Methazolamide,Selexipag,Moderate
DDInter1852,Treprostinil,DDInter1167,Methazolamide,Methazolamide,Treprostinil,Moderate
DDInter1177,Methoxsalen,DDInter1723,Sulfamethizole,Methoxsalen,Sulfamethizole,Moderate
DDInter1497,Potassium chloride,DDInter1180,Methscopolamine,Methscopolamine,Potassium chloride,Major
DDInter1723,Sulfamethizole,DDInter1182,Methyl aminolevulinate (topical),Methyl aminolevulinate (topical),Sulfamethizole,Moderate
DDInter1187,Methylergometrine,DDInter653,Epinephrine (ophthalmic),Epinephrine (ophthalmic),Methylergometrine,Major
DDInter1187,Methylergometrine,DDInter654,Epinephrine (topical),Epinephrine (topical),Methylergometrine,Major
DDInter1187,Methylergometrine,DDInter785,Fostamatinib,Fostamatinib,Methylergometrine,Moderate
DDInter1187,Methylergometrine,DDInter1802,Ticagrelor,Methylergometrine,Ticagrelor,Moderate
DDInter654,Epinephrine (topical),DDInter1196,Metipranolol (ophthalmic),Epinephrine (topical),Metipranolol (ophthalmic),Moderate
DDInter1196,Metipranolol (ophthalmic),DDInter1802,Ticagrelor,Metipranolol (ophthalmic),Ticagrelor,Minor
DDInter1199,Metolazone,DDInter272,Calcium chloride,Calcium chloride,Metolazone,Moderate
DDInter542,Dicoumarol,DDInter1199,Metolazone,Dicoumarol,Metolazone,Minor
DDInter1199,Metolazone,DDInter657,Epoprostenol,Epoprostenol,Metolazone,Moderate
DDInter1199,Metolazone,DDInter908,Iloprost,Iloprost,Metolazone,Moderate
DDInter1199,Metolazone,DDInter1115,Magnesium citrate,Magnesium citrate,Metolazone,Moderate
DDInter1199,Metolazone,DDInter1656,Selexipag,Metolazone,Selexipag,Moderate
DDInter1852,Treprostinil,DDInter1199,Metolazone,Metolazone,Treprostinil,Moderate
DDInter1200,Metoprolol,DDInter657,Epoprostenol,Epoprostenol,Metoprolol,Moderate
DDInter1200,Metoprolol,DDInter908,Iloprost,Iloprost,Metoprolol,Moderate
DDInter1200,Metoprolol,DDInter1656,Selexipag,Metoprolol,Selexipag,Moderate
DDInter1200,Metoprolol,DDInter1802,Ticagrelor,Metoprolol,Ticagrelor,Minor
DDInter1200,Metoprolol,DDInter1852,Treprostinil,Metoprolol,Treprostinil,Moderate
DDInter542,Dicoumarol,DDInter1201,Metreleptin,Dicoumarol,Metreleptin,Moderate
DDInter1201,Metreleptin,DDInter785,Fostamatinib,Fostamatinib,Metreleptin,Moderate
DDInter1802,Ticagrelor,DDInter1201,Metreleptin,Metreleptin,Ticagrelor,Moderate
DDInter1206,Mexiletine,DDInter80,Ammonium chloride,Ammonium chloride,Mexiletine,Minor
DDInter542,Dicoumarol,DDInter1209,Miconazole,Dicoumarol,Miconazole,Major
DDInter1209,Miconazole,DDInter785,Fostamatinib,Fostamatinib,Miconazole,Moderate
DDInter1209,Miconazole,DDInter1609,Rivaroxaban,Miconazole,Rivaroxaban,Moderate
DDInter1209,Miconazole,DDInter1802,Ticagrelor,Miconazole,Ticagrelor,Moderate
DDInter1212,Midazolam,DDInter785,Fostamatinib,Fostamatinib,Midazolam,Moderate
DDInter1212,Midazolam,DDInter1683,Sodium bicarbonate,Midazolam,Sodium bicarbonate,Minor
DDInter1212,Midazolam,DDInter1802,Ticagrelor,Midazolam,Ticagrelor,Moderate
DDInter1213,Midodrine,DDInter653,Epinephrine (ophthalmic),Epinephrine (ophthalmic),Midodrine,Moderate
DDInter1213,Midodrine,DDInter654,Epinephrine (topical),Epinephrine (topical),Midodrine,Moderate
DDInter1214,Midostaurin,DDInter785,Fostamatinib,Fostamatinib,Midostaurin,Moderate
DDInter1214,Midostaurin,DDInter1115,Magnesium citrate,Magnesium citrate,Midostaurin,Moderate
DDInter1609,Rivaroxaban,DDInter1214,Midostaurin,Midostaurin,Rivaroxaban,Moderate
DDInter1214,Midostaurin,DDInter1656,Selexipag,Midostaurin,Selexipag,Moderate
DDInter1214,Midostaurin,DDInter1802,Ticagrelor,Midostaurin,Ticagrelor,Moderate
DDInter117,Argatroban,DDInter1215,Mifepristone,Argatroban,Mifepristone,Major
DDInter1215,Mifepristone,DDInter471,Danaparoid,Danaparoid,Mifepristone,Major
DDInter542,Dicoumarol,DDInter1215,Mifepristone,Dicoumarol,Mifepristone,Major
DDInter1215,Mifepristone,DDInter645,Enoxaparin,Enoxaparin,Mifepristone,Major
DDInter775,Fondaparinux,DDInter1215,Mifepristone,Fondaparinux,Mifepristone,Major
DDInter1215,Mifepristone,DDInter785,Fostamatinib,Fostamatinib,Mifepristone,Moderate
DDInter1215,Mifepristone,DDInter856,Heparin,Heparin,Mifepristone,Major
DDInter1037,Lepirudin,DDInter1215,Mifepristone,Lepirudin,Mifepristone,Major
DDInter1215,Mifepristone,DDInter1115,Magnesium citrate,Magnesium citrate,Mifepristone,Moderate
DDInter1215,Mifepristone,DDInter1508,Prasugrel,Mifepristone,Prasugrel,Major
DDInter1215,Mifepristone,DDInter1609,Rivaroxaban,Mifepristone,Rivaroxaban,Major
DDInter1215,Mifepristone,DDInter1656,Selexipag,Mifepristone,Selexipag,Moderate
DDInter1215,Mifepristone,DDInter1802,Ticagrelor,Mifepristone,Ticagrelor,Major
DDInter1804,Ticlopidine,DDInter1215,Mifepristone,Mifepristone,Ticlopidine,Major
DDInter1215,Mifepristone,DDInter1812,Tinzaparin,Mifepristone,Tinzaparin,Major
DDInter1852,Treprostinil,DDInter1215,Mifepristone,Mifepristone,Treprostinil,Moderate
DDInter1215,Mifepristone,DDInter1945,Vorapaxar,Mifepristone,Vorapaxar,Major
DDInter1229,Mirabegron,DDInter785,Fostamatinib,Fostamatinib,Mirabegron,Moderate
DDInter1802,Ticagrelor,DDInter1229,Mirabegron,Mirabegron,Ticagrelor,Minor
DDInter542,Dicoumarol,DDInter1230,Mirtazapine,Dicoumarol,Mirtazapine,Moderate
DDInter1230,Mirtazapine,DDInter785,Fostamatinib,Fostamatinib,Mirtazapine,Moderate
DDInter1230,Mirtazapine,DDInter1115,Magnesium citrate,Magnesium citrate,Mirtazapine,Moderate
DDInter1232,Mitomycin,DDInter785,Fostamatinib,Fostamatinib,Mitomycin,Moderate
DDInter1268,Natalizumab,DDInter1964,Zinc chloride,Natalizumab,Zinc chloride,Minor
DDInter1269,Nateglinide,DDInter785,Fostamatinib,Fostamatinib,Nateglinide,Moderate
DDInter1269,Nateglinide,DDInter856,Heparin,Heparin,Nateglinide,Moderate
DDInter1723,Sulfamethizole,DDInter1269,Nateglinide,Nateglinide,Sulfamethizole,Moderate
DDInter1903,Urea,DDInter1016,Lactitol,Lactitol,Urea,Moderate
DDInter1018,Lactulose,DDInter1115,Magnesium citrate,Lactulose,Magnesium citrate,Moderate
DDInter1018,Lactulose,DDInter1277,Neomycin,Lactulose,Neomycin,Minor
DDInter1018,Lactulose,DDInter1903,Urea,Lactulose,Urea,Moderate
DDInter99,Anistreplase,DDInter1220,Milnacipran,Anistreplase,Milnacipran,Moderate
DDInter117,Argatroban,DDInter1220,Milnacipran,Argatroban,Milnacipran,Moderate
DDInter1220,Milnacipran,DDInter471,Danaparoid,Danaparoid,Milnacipran,Moderate
DDInter542,Dicoumarol,DDInter1220,Milnacipran,Dicoumarol,Milnacipran,Moderate
DDInter605,Drotrecogin alfa,DDInter1220,Milnacipran,Drotrecogin alfa,Milnacipran,Moderate
DDInter645,Enoxaparin,DDInter1220,Milnacipran,Enoxaparin,Milnacipran,Moderate
DDInter653,Epinephrine (ophthalmic),DDInter1220,Milnacipran,Epinephrine (ophthalmic),Milnacipran,Moderate
DDInter654,Epinephrine (topical),DDInter1220,Milnacipran,Epinephrine (topical),Milnacipran,Moderate
DDInter657,Epoprostenol,DDInter1220,Milnacipran,Epoprostenol,Milnacipran,Moderate
DDInter659,Eptifibatide,DDInter1220,Milnacipran,Eptifibatide,Milnacipran,Moderate
DDInter775,Fondaparinux,DDInter1220,Milnacipran,Fondaparinux,Milnacipran,Moderate
DDInter856,Heparin,DDInter1220,Milnacipran,Heparin,Milnacipran,Moderate
DDInter908,Iloprost,DDInter1220,Milnacipran,Iloprost,Milnacipran,Moderate
DDInter1037,Lepirudin,DDInter1220,Milnacipran,Lepirudin,Milnacipran,Moderate
DDInter1220,Milnacipran,DDInter1508,Prasugrel,Milnacipran,Prasugrel,Moderate
DDInter1585,Reteplase,DDInter1220,Milnacipran,Milnacipran,Reteplase,Moderate
DDInter1220,Milnacipran,DDInter1609,Rivaroxaban,Milnacipran,Rivaroxaban,Moderate
DDInter1712,Streptokinase,DDInter1220,Milnacipran,Milnacipran,Streptokinase,Moderate
DDInter1764,Tenecteplase,DDInter1220,Milnacipran,Milnacipran,Tenecteplase,Moderate
DDInter1220,Milnacipran,DDInter1802,Ticagrelor,Milnacipran,Ticagrelor,Moderate
DDInter1804,Ticlopidine,DDInter1220,Milnacipran,Milnacipran,Ticlopidine,Moderate
DDInter1220,Milnacipran,DDInter1812,Tinzaparin,Milnacipran,Tinzaparin,Moderate
DDInter1818,Tirofiban,DDInter1220,Milnacipran,Milnacipran,Tirofiban,Moderate
DDInter1852,Treprostinil,DDInter1220,Milnacipran,Milnacipran,Treprostinil,Moderate
DDInter1903,Urea,DDInter1220,Milnacipran,Milnacipran,Urea,Moderate
DDInter1905,Urokinase,DDInter1220,Milnacipran,Milnacipran,Urokinase,Moderate
DDInter1220,Milnacipran,DDInter1945,Vorapaxar,Milnacipran,Vorapaxar,Moderate
DDInter1228,Mipomersen,DDInter785,Fostamatinib,Fostamatinib,Mipomersen,Major
DDInter1723,Sulfamethizole,DDInter1228,Mipomersen,Mipomersen,Sulfamethizole,Major
DDInter657,Epoprostenol,DDInter1271,Nebivolol,Epoprostenol,Nebivolol,Moderate
DDInter908,Iloprost,DDInter1271,Nebivolol,Iloprost,Nebivolol,Moderate
DDInter1271,Nebivolol,DDInter1656,Selexipag,Nebivolol,Selexipag,Moderate
DDInter1271,Nebivolol,DDInter1802,Ticagrelor,Nebivolol,Ticagrelor,Minor
DDInter1852,Treprostinil,DDInter1271,Nebivolol,Nebivolol,Treprostinil,Moderate
DDInter1274,Nefazodone,DDInter657,Epoprostenol,Epoprostenol,Nefazodone,Moderate
DDInter1274,Nefazodone,DDInter785,Fostamatinib,Fostamatinib,Nefazodone,Major
DDInter908,Iloprost,DDInter1274,Nefazodone,Iloprost,Nefazodone,Moderate
DDInter1274,Nefazodone,DDInter1609,Rivaroxaban,Nefazodone,Rivaroxaban,Moderate
DDInter1274,Nefazodone,DDInter1802,Ticagrelor,Nefazodone,Ticagrelor,Major
DDInter1852,Treprostinil,DDInter1274,Nefazodone,Nefazodone,Treprostinil,Moderate
DDInter1274,Nefazodone,DDInter1945,Vorapaxar,Nefazodone,Vorapaxar,Major
DDInter1276,Nelfinavir,DDInter542,Dicoumarol,Dicoumarol,Nelfinavir,Moderate
DDInter1276,Nelfinavir,DDInter785,Fostamatinib,Fostamatinib,Nelfinavir,Major
DDInter1276,Nelfinavir,DDInter1609,Rivaroxaban,Nelfinavir,Rivaroxaban,Major
DDInter1276,Nelfinavir,DDInter1802,Ticagrelor,Nelfinavir,Ticagrelor,Major
DDInter1276,Nelfinavir,DDInter1945,Vorapaxar,Nelfinavir,Vorapaxar,Major
DDInter67,Amikacin (liposome),DDInter1277,Neomycin,Amikacin (liposome),Neomycin,Moderate
DDInter86,Amphotericin B (cholesteryl sulfate),DDInter1277,Neomycin,Amphotericin B (cholesteryl sulfate),Neomycin,Moderate
DDInter88,Amphotericin B (liposomal),DDInter1277,Neomycin,Amphotericin B (liposomal),Neomycin,Moderate
DDInter1277,Neomycin,DDInter98,Anisindione,Anisindione,Neomycin,Moderate
DDInter1277,Neomycin,DDInter135,Atracurium,Atracurium,Neomycin,Major
DDInter1277,Neomycin,DDInter312,Cefamandole,Cefamandole,Neomycin,Moderate
DDInter320,Cefmetazole,DDInter1277,Neomycin,Cefmetazole,Neomycin,Moderate
DDInter1277,Neomycin,DDInter321,Cefonicid,Cefonicid,Neomycin,Moderate
DDInter1277,Neomycin,DDInter322,Cefoperazone,Cefoperazone,Neomycin,Moderate
DDInter1277,Neomycin,DDInter332,Ceftizoxime,Ceftizoxime,Neomycin,Moderate
DDInter311,Cefalotin,DDInter1277,Neomycin,Cefalotin,Neomycin,Moderate
DDInter1277,Neomycin,DDInter313,Cefapirin,Cefapirin,Neomycin,Moderate
DDInter1277,Neomycin,DDInter328,Cefradine,Cefradine,Neomycin,Moderate
DDInter542,Dicoumarol,DDInter1277,Neomycin,Dicoumarol,Neomycin,Moderate
DDInter1277,Neomycin,DDInter590,Doxacurium,Doxacurium,Neomycin,Major
DDInter641,Enflurane,DDInter1277,Neomycin,Enflurane,Neomycin,Moderate
DDInter647,Entecavir,DDInter1277,Neomycin,Entecavir,Neomycin,Moderate
DDInter686,Etacrynic acid,DDInter1277,Neomycin,Etacrynic acid,Neomycin,Major
DDInter1277,Neomycin,DDInter698,Etidronic acid,Etidronic acid,Neomycin,Moderate
DDInter1277,Neomycin,DDInter704,Everolimus,Everolimus,Neomycin,Major
DDInter1277,Neomycin,DDInter706,Exenatide,Exenatide,Neomycin,Moderate
DDInter1277,Neomycin,DDInter744,Flucytosine,Flucytosine,Neomycin,Moderate
DDInter779,Foscarnet,DDInter1277,Neomycin,Foscarnet,Neomycin,Major
DDInter790,Furosemide,DDInter1277,Neomycin,Furosemide,Neomycin,Major
DDInter1277,Neomycin,DDInter804,Gallium nitrate,Gallium nitrate,Neomycin,Major
DDInter815,Gentamicin,DDInter1277,Neomycin,Gentamicin,Neomycin,Moderate
DDInter816,Gentamicin (topical),DDInter1277,Neomycin,Gentamicin (topical),Neomycin,Moderate
DDInter1277,Neomycin,DDInter821,Givosiran,Givosiran,Neomycin,Moderate
DDInter1277,Neomycin,DDInter906,Ifosfamide,Ifosfamide,Neomycin,Moderate
DDInter872,Human immunoglobulin G (intravenous and subcutaneous),DDInter1277,Neomycin,Human immunoglobulin G (intravenous and subcutaneous),Neomycin,Major
DDInter1277,Neomycin,DDInter918,Indium In-111 oxyquinoline,Indium In-111 oxyquinoline,Neomycin,Moderate
DDInter1277,Neomycin,DDInter957,Iodipamide,Iodipamide,Neomycin,Major
DDInter1277,Neomycin,DDInter958,Iodixanol,Iodixanol,Neomycin,Major
DDInter1277,Neomycin,DDInter960,Iohexol,Iohexol,Neomycin,Major
DDInter1277,Neomycin,DDInter966,Ioversol,Ioversol,Neomycin,Major
DDInter1277,Neomycin,DDInter967,Ioxilan,Ioxilan,Neomycin,Major
DDInter1277,Neomycin,DDInter1179,Methoxyflurane,Methoxyflurane,Neomycin,Moderate
DDInter1277,Neomycin,DDInter1198,Metocurine,Metocurine,Neomycin,Major
DDInter1277,Neomycin,DDInter1279,Neostigmine,Neomycin,Neostigmine,Moderate
DDInter1283,Netilmicin,DDInter1277,Neomycin,Neomycin,Netilmicin,Moderate
DDInter1295,Nimodipine,DDInter1277,Neomycin,Neomycin,Nimodipine,Moderate
DDInter1277,Neomycin,DDInter1334,Olsalazine,Neomycin,Olsalazine,Moderate
DDInter1355,Oxaliplatin,DDInter1277,Neomycin,Neomycin,Oxaliplatin,Moderate
DDInter1383,Pamidronic acid,DDInter1277,Neomycin,Neomycin,Pamidronic acid,Moderate
DDInter1277,Neomycin,DDInter1385,Pancuronium,Neomycin,Pancuronium,Major
DDInter1388,Pantoprazole,DDInter1277,Neomycin,Neomycin,Pantoprazole,Moderate
DDInter1414,Pemetrexed,DDInter1277,Neomycin,Neomycin,Pemetrexed,Moderate
DDInter1277,Neomycin,DDInter1473,Pipecuronium,Neomycin,Pipecuronium,Major
DDInter1277,Neomycin,DDInter1482,Plazomicin,Neomycin,Plazomicin,Moderate
DDInter1489,Polymyxin B,DDInter1277,Neomycin,Neomycin,Polymyxin B,Major
DDInter1548,Pyridostigmine,DDInter1277,Neomycin,Neomycin,Pyridostigmine,Moderate
DDInter1277,Neomycin,DDInter1571,Rapacuronium,Neomycin,Rapacuronium,Major
DDInter1277,Neomycin,DDInter1578,Remdesivir,Neomycin,Remdesivir,Moderate
DDInter1277,Neomycin,DDInter877,Human Rho(D) immune globulin,Human Rho(D) immune globulin,Neomycin,Major
DDInter1612,Rocuronium,DDInter1277,Neomycin,Neomycin,Rocuronium,Major
DDInter1678,Sirolimus,DDInter1277,Neomycin,Neomycin,Sirolimus,Major
DDInter1702,Sorafenib,DDInter1277,Neomycin,Neomycin,Sorafenib,Moderate
DDInter1277,Neomycin,DDInter1713,Streptomycin,Neomycin,Streptomycin,Moderate
DDInter1725,Sulfasalazine,DDInter1277,Neomycin,Neomycin,Sulfasalazine,Moderate
DDInter1735,Tacrolimus,DDInter1277,Neomycin,Neomycin,Tacrolimus,Major
DDInter1277,Neomycin,DDInter1757,Telbivudine,Neomycin,Telbivudine,Moderate
DDInter1277,Neomycin,DDInter1763,Temsirolimus,Neomycin,Temsirolimus,Major
DDInter1277,Neomycin,DDInter1808,Tiludronic acid,Neomycin,Tiludronic acid,Moderate
DDInter1822,Tobramycin,DDInter1277,Neomycin,Neomycin,Tobramycin,Moderate
DDInter1836,Torasemide,DDInter1277,Neomycin,Neomycin,Torasemide,Major
DDInter1277,Neomycin,DDInter1890,Tubocurarine,Neomycin,Tubocurarine,Major
DDInter1277,Neomycin,DDInter1894,Typhoid vaccine (live),Neomycin,Typhoid vaccine (live),Major
DDInter1908,Valaciclovir,DDInter1277,Neomycin,Neomycin,Valaciclovir,Moderate
DDInter1277,Neomycin,DDInter1922,Vecuronium,Neomycin,Vecuronium,Major
DDInter1968,Zoledronic acid,DDInter1277,Neomycin,Neomycin,Zoledronic acid,Moderate
DDInter99,Anistreplase,DDInter1280,Nepafenac (ophthalmic),Anistreplase,Nepafenac (ophthalmic),Moderate
DDInter117,Argatroban,DDInter1280,Nepafenac (ophthalmic),Argatroban,Nepafenac (ophthalmic),Moderate
DDInter471,Danaparoid,DDInter1280,Nepafenac (ophthalmic),Danaparoid,Nepafenac (ophthalmic),Moderate
DDInter542,Dicoumarol,DDInter1280,Nepafenac (ophthalmic),Dicoumarol,Nepafenac (ophthalmic),Moderate
DDInter605,Drotrecogin alfa,DDInter1280,Nepafenac (ophthalmic),Drotrecogin alfa,Nepafenac (ophthalmic),Moderate
DDInter645,Enoxaparin,DDInter1280,Nepafenac (ophthalmic),Enoxaparin,Nepafenac (ophthalmic),Moderate
DDInter657,Epoprostenol,DDInter1280,Nepafenac (ophthalmic),Epoprostenol,Nepafenac (ophthalmic),Moderate
DDInter659,Eptifibatide,DDInter1280,Nepafenac (ophthalmic),Eptifibatide,Nepafenac (ophthalmic),Moderate
DDInter775,Fondaparinux,DDInter1280,Nepafenac (ophthalmic),Fondaparinux,Nepafenac (ophthalmic),Moderate
DDInter856,Heparin,DDInter1280,Nepafenac (ophthalmic),Heparin,Nepafenac (ophthalmic),Moderate
DDInter908,Iloprost,DDInter1280,Nepafenac (ophthalmic),Iloprost,Nepafenac (ophthalmic),Moderate
DDInter1037,Lepirudin,DDInter1280,Nepafenac (ophthalmic),Lepirudin,Nepafenac (ophthalmic),Moderate
DDInter1508,Prasugrel,DDInter1280,Nepafenac (ophthalmic),Nepafenac (ophthalmic),Prasugrel,Moderate
DDInter1585,Reteplase,DDInter1280,Nepafenac (ophthalmic),Nepafenac (ophthalmic),Reteplase,Moderate
DDInter1609,Rivaroxaban,DDInter1280,Nepafenac (ophthalmic),Nepafenac (ophthalmic),Rivaroxaban,Moderate
DDInter1712,Streptokinase,DDInter1280,Nepafenac (ophthalmic),Nepafenac (ophthalmic),Streptokinase,Moderate
DDInter1764,Tenecteplase,DDInter1280,Nepafenac (ophthalmic),Nepafenac (ophthalmic),Tenecteplase,Moderate
DDInter1280,Nepafenac (ophthalmic),DDInter1802,Ticagrelor,Nepafenac (ophthalmic),Ticagrelor,Moderate
DDInter1804,Ticlopidine,DDInter1280,Nepafenac (ophthalmic),Nepafenac (ophthalmic),Ticlopidine,Moderate
DDInter1280,Nepafenac (ophthalmic),DDInter1812,Tinzaparin,Nepafenac (ophthalmic),Tinzaparin,Moderate
DDInter1818,Tirofiban,DDInter1280,Nepafenac (ophthalmic),Nepafenac (ophthalmic),Tirofiban,Moderate
DDInter1852,Treprostinil,DDInter1280,Nepafenac (ophthalmic),Nepafenac (ophthalmic),Treprostinil,Moderate
DDInter1905,Urokinase,DDInter1280,Nepafenac (ophthalmic),Nepafenac (ophthalmic),Urokinase,Moderate
DDInter1280,Nepafenac (ophthalmic),DDInter1945,Vorapaxar,Nepafenac (ophthalmic),Vorapaxar,Moderate
DDInter1609,Rivaroxaban,DDInter1281,Neratinib,Neratinib,Rivaroxaban,Moderate
DDInter1656,Selexipag,DDInter1281,Neratinib,Neratinib,Selexipag,Moderate
DDInter1683,Sodium bicarbonate,DDInter1281,Neratinib,Neratinib,Sodium bicarbonate,Moderate
DDInter1802,Ticagrelor,DDInter1281,Neratinib,Neratinib,Ticagrelor,Moderate
DDInter657,Epoprostenol,DDInter1282,Nesiritide,Epoprostenol,Nesiritide,Moderate
DDInter908,Iloprost,DDInter1282,Nesiritide,Iloprost,Nesiritide,Moderate
DDInter1282,Nesiritide,DDInter1656,Selexipag,Nesiritide,Selexipag,Moderate
DDInter1852,Treprostinil,DDInter1282,Nesiritide,Nesiritide,Treprostinil,Moderate
DDInter1285,Nevirapine,DDInter542,Dicoumarol,Dicoumarol,Nevirapine,Moderate
DDInter1285,Nevirapine,DDInter785,Fostamatinib,Fostamatinib,Nevirapine,Moderate
DDInter1285,Nevirapine,DDInter1508,Prasugrel,Nevirapine,Prasugrel,Minor
DDInter1285,Nevirapine,DDInter1609,Rivaroxaban,Nevirapine,Rivaroxaban,Moderate
DDInter1285,Nevirapine,DDInter1802,Ticagrelor,Nevirapine,Ticagrelor,Moderate
DDInter1285,Nevirapine,DDInter1945,Vorapaxar,Nevirapine,Vorapaxar,Moderate
DDInter1287,Nicardipine,DDInter272,Calcium chloride,Calcium chloride,Nicardipine,Moderate
DDInter1287,Nicardipine,DDInter657,Epoprostenol,Epoprostenol,Nicardipine,Moderate
DDInter1287,Nicardipine,DDInter785,Fostamatinib,Fostamatinib,Nicardipine,Moderate
DDInter1287,Nicardipine,DDInter908,Iloprost,Iloprost,Nicardipine,Moderate
DDInter1287,Nicardipine,DDInter1656,Selexipag,Nicardipine,Selexipag,Moderate
DDInter1287,Nicardipine,DDInter1802,Ticagrelor,Nicardipine,Ticagrelor,Minor
DDInter1852,Treprostinil,DDInter1287,Nicardipine,Nicardipine,Treprostinil,Moderate
DDInter1293,Nilotinib,DDInter785,Fostamatinib,Fostamatinib,Nilotinib,Moderate
DDInter1293,Nilotinib,DDInter1115,Magnesium citrate,Magnesium citrate,Nilotinib,Moderate
DDInter1293,Nilotinib,DDInter1609,Rivaroxaban,Nilotinib,Rivaroxaban,Moderate
DDInter1293,Nilotinib,DDInter1656,Selexipag,Nilotinib,Selexipag,Moderate
DDInter1683,Sodium bicarbonate,DDInter1293,Nilotinib,Nilotinib,Sodium bicarbonate,Moderate
DDInter1293,Nilotinib,DDInter1802,Ticagrelor,Nilotinib,Ticagrelor,Moderate
DDInter1294,Nilutamide,DDInter1115,Magnesium citrate,Magnesium citrate,Nilutamide,Moderate
DDInter1295,Nimodipine,DDInter272,Calcium chloride,Calcium chloride,Nimodipine,Moderate
DDInter1295,Nimodipine,DDInter657,Epoprostenol,Epoprostenol,Nimodipine,Moderate
DDInter1295,Nimodipine,DDInter785,Fostamatinib,Fostamatinib,Nimodipine,Moderate
DDInter1295,Nimodipine,DDInter908,Iloprost,Iloprost,Nimodipine,Moderate
DDInter1295,Nimodipine,DDInter1656,Selexipag,Nimodipine,Selexipag,Moderate
DDInter1295,Nimodipine,DDInter1802,Ticagrelor,Nimodipine,Ticagrelor,Minor
DDInter1852,Treprostinil,DDInter1295,Nimodipine,Nimodipine,Treprostinil,Moderate
DDInter99,Anistreplase,DDInter1296,Nintedanib,Anistreplase,Nintedanib,Moderate
DDInter117,Argatroban,DDInter1296,Nintedanib,Argatroban,Nintedanib,Moderate
DDInter471,Danaparoid,DDInter1296,Nintedanib,Danaparoid,Nintedanib,Moderate
DDInter542,Dicoumarol,DDInter1296,Nintedanib,Dicoumarol,Nintedanib,Moderate
DDInter605,Drotrecogin alfa,DDInter1296,Nintedanib,Drotrecogin alfa,Nintedanib,Major
DDInter645,Enoxaparin,DDInter1296,Nintedanib,Enoxaparin,Nintedanib,Moderate
DDInter659,Eptifibatide,DDInter1296,Nintedanib,Eptifibatide,Nintedanib,Moderate
DDInter775,Fondaparinux,DDInter1296,Nintedanib,Fondaparinux,Nintedanib,Moderate
DDInter1296,Nintedanib,DDInter785,Fostamatinib,Fostamatinib,Nintedanib,Moderate
DDInter855,Hemin,DDInter1296,Nintedanib,Hemin,Nintedanib,Moderate
DDInter856,Heparin,DDInter1296,Nintedanib,Heparin,Nintedanib,Moderate
DDInter1037,Lepirudin,DDInter1296,Nintedanib,Lepirudin,Nintedanib,Moderate
DDInter1508,Prasugrel,DDInter1296,Nintedanib,Nintedanib,Prasugrel,Moderate
DDInter1585,Reteplase,DDInter1296,Nintedanib,Nintedanib,Reteplase,Moderate
DDInter1609,Rivaroxaban,DDInter1296,Nintedanib,Nintedanib,Rivaroxaban,Moderate
DDInter1712,Streptokinase,DDInter1296,Nintedanib,Nintedanib,Streptokinase,Moderate
DDInter1764,Tenecteplase,DDInter1296,Nintedanib,Nintedanib,Tenecteplase,Moderate
DDInter1802,Ticagrelor,DDInter1296,Nintedanib,Nintedanib,Ticagrelor,Moderate
DDInter1804,Ticlopidine,DDInter1296,Nintedanib,Nintedanib,Ticlopidine,Moderate
DDInter1812,Tinzaparin,DDInter1296,Nintedanib,Nintedanib,Tinzaparin,Moderate
DDInter1818,Tirofiban,DDInter1296,Nintedanib,Nintedanib,Tirofiban,Moderate
DDInter1905,Urokinase,DDInter1296,Nintedanib,Nintedanib,Urokinase,Moderate
DDInter1945,Vorapaxar,DDInter1296,Nintedanib,Nintedanib,Vorapaxar,Moderate
DDInter99,Anistreplase,DDInter1297,Niraparib,Anistreplase,Niraparib,Moderate
DDInter117,Argatroban,DDInter1297,Niraparib,Argatroban,Niraparib,Moderate
DDInter471,Danaparoid,DDInter1297,Niraparib,Danaparoid,Niraparib,Moderate
DDInter523,Dextran (-1),DDInter1297,Niraparib,Dextran (-1),Niraparib,Moderate
DDInter524,Dextran (high molecular weight),DDInter1297,Niraparib,Dextran (high molecular weight),Niraparib,Moderate
DDInter542,Dicoumarol,DDInter1297,Niraparib,Dicoumarol,Niraparib,Moderate
DDInter645,Enoxaparin,DDInter1297,Niraparib,Enoxaparin,Niraparib,Moderate
DDInter657,Epoprostenol,DDInter1297,Niraparib,Epoprostenol,Niraparib,Moderate
DDInter659,Eptifibatide,DDInter1297,Niraparib,Eptifibatide,Niraparib,Moderate
DDInter775,Fondaparinux,DDInter1297,Niraparib,Fondaparinux,Niraparib,Moderate
DDInter1297,Niraparib,DDInter785,Fostamatinib,Fostamatinib,Niraparib,Moderate
DDInter856,Heparin,DDInter1297,Niraparib,Heparin,Niraparib,Moderate
DDInter908,Iloprost,DDInter1297,Niraparib,Iloprost,Niraparib,Moderate
DDInter1037,Lepirudin,DDInter1297,Niraparib,Lepirudin,Niraparib,Moderate
DDInter1508,Prasugrel,DDInter1297,Niraparib,Niraparib,Prasugrel,Moderate
DDInter1585,Reteplase,DDInter1297,Niraparib,Niraparib,Reteplase,Moderate
DDInter1609,Rivaroxaban,DDInter1297,Niraparib,Niraparib,Rivaroxaban,Moderate
DDInter1712,Streptokinase,DDInter1297,Niraparib,Niraparib,Streptokinase,Moderate
DDInter1764,Tenecteplase,DDInter1297,Niraparib,Niraparib,Tenecteplase,Moderate
DDInter1802,Ticagrelor,DDInter1297,Niraparib,Niraparib,Ticagrelor,Moderate
DDInter1804,Ticlopidine,DDInter1297,Niraparib,Niraparib,Ticlopidine,Moderate
DDInter1812,Tinzaparin,DDInter1297,Niraparib,Niraparib,Tinzaparin,Moderate
DDInter1818,Tirofiban,DDInter1297,Niraparib,Niraparib,Tirofiban,Moderate
DDInter1852,Treprostinil,DDInter1297,Niraparib,Niraparib,Treprostinil,Moderate
DDInter1905,Urokinase,DDInter1297,Niraparib,Niraparib,Urokinase,Moderate
DDInter1945,Vorapaxar,DDInter1297,Niraparib,Niraparib,Vorapaxar,Moderate
DDInter1298,Nisoldipine,DDInter272,Calcium chloride,Calcium chloride,Nisoldipine,Moderate
DDInter1298,Nisoldipine,DDInter657,Epoprostenol,Epoprostenol,Nisoldipine,Moderate
DDInter1298,Nisoldipine,DDInter785,Fostamatinib,Fostamatinib,Nisoldipine,Moderate
DDInter1298,Nisoldipine,DDInter908,Iloprost,Iloprost,Nisoldipine,Moderate
DDInter1298,Nisoldipine,DDInter1656,Selexipag,Nisoldipine,Selexipag,Moderate
DDInter1298,Nisoldipine,DDInter1802,Ticagrelor,Nisoldipine,Ticagrelor,Minor
DDInter1852,Treprostinil,DDInter1298,Nisoldipine,Nisoldipine,Treprostinil,Moderate
DDInter1300,Nitisinone,DDInter1802,Ticagrelor,Nitisinone,Ticagrelor,Moderate
DDInter1804,Ticlopidine,DDInter1300,Nitisinone,Nitisinone,Ticlopidine,Moderate
DDInter1309,Nizatidine,DDInter1136,Mecobalamin,Mecobalamin,Nizatidine,Minor
DDInter1309,Nizatidine,DDInter1508,Prasugrel,Nizatidine,Prasugrel,Minor
DDInter1313,Norfloxacin,DDInter975,Iron,Iron,Norfloxacin,Moderate
DDInter542,Dicoumarol,DDInter1313,Norfloxacin,Dicoumarol,Norfloxacin,Major
DDInter1313,Norfloxacin,DDInter725,Ferrous fumarate,Ferrous fumarate,Norfloxacin,Moderate
DDInter1313,Norfloxacin,DDInter726,Ferrous gluconate,Ferrous gluconate,Norfloxacin,Moderate
DDInter1313,Norfloxacin,DDInter1115,Magnesium citrate,Magnesium citrate,Norfloxacin,Moderate
DDInter1313,Norfloxacin,DDInter1964,Zinc chloride,Norfloxacin,Zinc chloride,Moderate
DDInter1316,Nortriptyline,DDInter80,Ammonium chloride,Ammonium chloride,Nortriptyline,Minor
DDInter542,Dicoumarol,DDInter1316,Nortriptyline,Dicoumarol,Nortriptyline,Moderate
DDInter1316,Nortriptyline,DDInter1497,Potassium chloride,Nortriptyline,Potassium chloride,Major
DDInter1321,Ocrelizumab,DDInter1964,Zinc chloride,Ocrelizumab,Zinc chloride,Minor
DDInter1325,Ofloxacin,DDInter975,Iron,Iron,Ofloxacin,Moderate
DDInter542,Dicoumarol,DDInter1325,Ofloxacin,Dicoumarol,Ofloxacin,Major
DDInter1325,Ofloxacin,DDInter725,Ferrous fumarate,Ferrous fumarate,Ofloxacin,Moderate
DDInter1325,Ofloxacin,DDInter726,Ferrous gluconate,Ferrous gluconate,Ofloxacin,Moderate
DDInter1325,Ofloxacin,DDInter1115,Magnesium citrate,Magnesium citrate,Ofloxacin,Moderate
DDInter1325,Ofloxacin,DDInter1964,Zinc chloride,Ofloxacin,Zinc chloride,Moderate
DDInter1327,Olaparib,DDInter785,Fostamatinib,Fostamatinib,Olaparib,Moderate
DDInter1802,Ticagrelor,DDInter1327,Olaparib,Olaparib,Ticagrelor,Moderate
DDInter785,Fostamatinib,DDInter1329,Oliceridine,Fostamatinib,Oliceridine,Moderate
DDInter1115,Magnesium citrate,DDInter1329,Oliceridine,Magnesium citrate,Oliceridine,Moderate
DDInter1508,Prasugrel,DDInter1329,Oliceridine,Oliceridine,Prasugrel,Moderate
DDInter1802,Ticagrelor,DDInter1329,Oliceridine,Oliceridine,Ticagrelor,Moderate
DDInter1330,Olmesartan,DDInter657,Epoprostenol,Epoprostenol,Olmesartan,Moderate
DDInter1330,Olmesartan,DDInter1852,Treprostinil,Olmesartan,Treprostinil,Moderate
DDInter542,Dicoumarol,DDInter1334,Olsalazine,Dicoumarol,Olsalazine,Minor
DDInter99,Anistreplase,DDInter1335,Omacetaxine mepesuccinate,Anistreplase,Omacetaxine mepesuccinate,Major
DDInter117,Argatroban,DDInter1335,Omacetaxine mepesuccinate,Argatroban,Omacetaxine mepesuccinate,Major
DDInter1335,Omacetaxine mepesuccinate,DDInter471,Danaparoid,Danaparoid,Omacetaxine mepesuccinate,Major
DDInter1335,Omacetaxine mepesuccinate,DDInter523,Dextran (-1),Dextran (-1),Omacetaxine mepesuccinate,Major
DDInter1335,Omacetaxine mepesuccinate,DDInter524,Dextran (high molecular weight),Dextran (high molecular weight),Omacetaxine mepesuccinate,Major
DDInter542,Dicoumarol,DDInter1335,Omacetaxine mepesuccinate,Dicoumarol,Omacetaxine mepesuccinate,Major
DDInter645,Enoxaparin,DDInter1335,Omacetaxine mepesuccinate,Enoxaparin,Omacetaxine mepesuccinate,Major
DDInter657,Epoprostenol,DDInter1335,Omacetaxine mepesuccinate,Epoprostenol,Omacetaxine mepesuccinate,Major
DDInter659,Eptifibatide,DDInter1335,Omacetaxine mepesuccinate,Eptifibatide,Omacetaxine mepesuccinate,Major
DDInter775,Fondaparinux,DDInter1335,Omacetaxine mepesuccinate,Fondaparinux,Omacetaxine mepesuccinate,Major
DDInter856,Heparin,DDInter1335,Omacetaxine mepesuccinate,Heparin,Omacetaxine mepesuccinate,Major
DDInter908,Iloprost,DDInter1335,Omacetaxine mepesuccinate,Iloprost,Omacetaxine mepesuccinate,Major
DDInter1037,Lepirudin,DDInter1335,Omacetaxine mepesuccinate,Lepirudin,Omacetaxine mepesuccinate,Major
DDInter1335,Omacetaxine mepesuccinate,DDInter1508,Prasugrel,Omacetaxine mepesuccinate,Prasugrel,Major
DDInter1585,Reteplase,DDInter1335,Omacetaxine mepesuccinate,Omacetaxine mepesuccinate,Reteplase,Major
DDInter1335,Omacetaxine mepesuccinate,DDInter1609,Rivaroxaban,Omacetaxine mepesuccinate,Rivaroxaban,Major
DDInter1712,Streptokinase,DDInter1335,Omacetaxine mepesuccinate,Omacetaxine mepesuccinate,Streptokinase,Major
DDInter1764,Tenecteplase,DDInter1335,Omacetaxine mepesuccinate,Omacetaxine mepesuccinate,Tenecteplase,Major
DDInter1335,Omacetaxine mepesuccinate,DDInter1802,Ticagrelor,Omacetaxine mepesuccinate,Ticagrelor,Major
DDInter1804,Ticlopidine,DDInter1335,Omacetaxine mepesuccinate,Omacetaxine mepesuccinate,Ticlopidine,Major
DDInter1335,Omacetaxine mepesuccinate,DDInter1812,Tinzaparin,Omacetaxine mepesuccinate,Tinzaparin,Major
DDInter1818,Tirofiban,DDInter1335,Omacetaxine mepesuccinate,Omacetaxine mepesuccinate,Tirofiban,Major
DDInter1852,Treprostinil,DDInter1335,Omacetaxine mepesuccinate,Omacetaxine mepesuccinate,Treprostinil,Major
DDInter1905,Urokinase,DDInter1335,Omacetaxine mepesuccinate,Omacetaxine mepesuccinate,Urokinase,Major
DDInter1335,Omacetaxine mepesuccinate,DDInter1945,Vorapaxar,Omacetaxine mepesuccinate,Vorapaxar,Major
DDInter960,Iohexol,DDInter1903,Urea,Iohexol,Urea,Moderate
DDInter1342,Ondansetron,DDInter785,Fostamatinib,Fostamatinib,Ondansetron,Moderate
DDInter1342,Ondansetron,DDInter1115,Magnesium citrate,Magnesium citrate,Ondansetron,Moderate
DDInter653,Epinephrine (ophthalmic),DDInter1343,Opicapone,Epinephrine (ophthalmic),Opicapone,Moderate
DDInter654,Epinephrine (topical),DDInter1343,Opicapone,Epinephrine (topical),Opicapone,Moderate
DDInter1347,Oritavancin,DDInter785,Fostamatinib,Fostamatinib,Oritavancin,Moderate
DDInter856,Heparin,DDInter1347,Oritavancin,Heparin,Oritavancin,Major
DDInter1347,Oritavancin,DDInter1802,Ticagrelor,Oritavancin,Ticagrelor,Moderate
DDInter542,Dicoumarol,DDInter1348,Orlistat,Dicoumarol,Orlistat,Moderate
DDInter1115,Magnesium citrate,DDInter1351,Osilodrostat,Magnesium citrate,Osilodrostat,Moderate
DDInter1802,Ticagrelor,DDInter1351,Osilodrostat,Osilodrostat,Ticagrelor,Moderate
DDInter1352,Osimertinib,DDInter785,Fostamatinib,Fostamatinib,Osimertinib,Moderate
DDInter1352,Osimertinib,DDInter1115,Magnesium citrate,Magnesium citrate,Osimertinib,Moderate
DDInter1352,Osimertinib,DDInter1656,Selexipag,Osimertinib,Selexipag,Moderate
DDInter1802,Ticagrelor,DDInter1352,Osimertinib,Osimertinib,Ticagrelor,Moderate
DDInter1353,Ospemifene,DDInter1656,Selexipag,Ospemifene,Selexipag,Moderate
DDInter1355,Oxaliplatin,DDInter1115,Magnesium citrate,Magnesium citrate,Oxaliplatin,Moderate
DDInter1360,Oxcarbazepine,DDInter785,Fostamatinib,Fostamatinib,Oxcarbazepine,Moderate
DDInter1360,Oxcarbazepine,DDInter1609,Rivaroxaban,Oxcarbazepine,Rivaroxaban,Moderate
DDInter1360,Oxcarbazepine,DDInter1802,Ticagrelor,Oxcarbazepine,Ticagrelor,Moderate
DDInter1365,Oxybutynin,DDInter785,Fostamatinib,Fostamatinib,Oxybutynin,Moderate
DDInter1497,Potassium chloride,DDInter1365,Oxybutynin,Oxybutynin,Potassium chloride,Major
DDInter20,Acetylsalicylic acid,DDInter291,Capsicum,Acetylsalicylic acid,Capsicum,Minor
DDInter20,Acetylsalicylic acid,DDInter417,Clove,Acetylsalicylic acid,Clove,Minor
DDInter1372,Oxymorphone,DDInter1508,Prasugrel,Oxymorphone,Prasugrel,Moderate
DDInter1372,Oxymorphone,DDInter1802,Ticagrelor,Oxymorphone,Ticagrelor,Moderate
DDInter1375,Oxytocin,DDInter1115,Magnesium citrate,Magnesium citrate,Oxytocin,Moderate
DDInter653,Epinephrine (ophthalmic),DDInter1376,Ozanimod,Epinephrine (ophthalmic),Ozanimod,Moderate
DDInter654,Epinephrine (topical),DDInter1376,Ozanimod,Epinephrine (topical),Ozanimod,Moderate
DDInter657,Epoprostenol,DDInter1376,Ozanimod,Epoprostenol,Ozanimod,Moderate
DDInter908,Iloprost,DDInter1376,Ozanimod,Iloprost,Ozanimod,Moderate
DDInter1656,Selexipag,DDInter1376,Ozanimod,Ozanimod,Selexipag,Moderate
DDInter1852,Treprostinil,DDInter1376,Ozanimod,Ozanimod,Treprostinil,Moderate
DDInter1379,Palbociclib,DDInter785,Fostamatinib,Fostamatinib,Palbociclib,Moderate
DDInter1802,Ticagrelor,DDInter1379,Palbociclib,Palbociclib,Ticagrelor,Moderate
DDInter1380,Palifermin,DDInter856,Heparin,Heparin,Palifermin,Moderate
DDInter99,Anistreplase,DDInter1387,Panobinostat,Anistreplase,Panobinostat,Major
DDInter117,Argatroban,DDInter1387,Panobinostat,Argatroban,Panobinostat,Major
DDInter1387,Panobinostat,DDInter471,Danaparoid,Danaparoid,Panobinostat,Major
DDInter605,Drotrecogin alfa,DDInter1387,Panobinostat,Drotrecogin alfa,Panobinostat,Major
DDInter645,Enoxaparin,DDInter1387,Panobinostat,Enoxaparin,Panobinostat,Major
DDInter657,Epoprostenol,DDInter1387,Panobinostat,Epoprostenol,Panobinostat,Major
DDInter659,Eptifibatide,DDInter1387,Panobinostat,Eptifibatide,Panobinostat,Major
DDInter775,Fondaparinux,DDInter1387,Panobinostat,Fondaparinux,Panobinostat,Major
DDInter1387,Panobinostat,DDInter785,Fostamatinib,Fostamatinib,Panobinostat,Moderate
DDInter855,Hemin,DDInter1387,Panobinostat,Hemin,Panobinostat,Moderate
DDInter856,Heparin,DDInter1387,Panobinostat,Heparin,Panobinostat,Major
DDInter908,Iloprost,DDInter1387,Panobinostat,Iloprost,Panobinostat,Major
DDInter1037,Lepirudin,DDInter1387,Panobinostat,Lepirudin,Panobinostat,Major
DDInter1387,Panobinostat,DDInter1115,Magnesium citrate,Magnesium citrate,Panobinostat,Moderate
DDInter1508,Prasugrel,DDInter1387,Panobinostat,Panobinostat,Prasugrel,Major
DDInter1585,Reteplase,DDInter1387,Panobinostat,Panobinostat,Reteplase,Major
DDInter1609,Rivaroxaban,DDInter1387,Panobinostat,Panobinostat,Rivaroxaban,Major
DDInter1712,Streptokinase,DDInter1387,Panobinostat,Panobinostat,Streptokinase,Major
DDInter1764,Tenecteplase,DDInter1387,Panobinostat,Panobinostat,Tenecteplase,Major
DDInter1387,Panobinostat,DDInter1802,Ticagrelor,Panobinostat,Ticagrelor,Moderate
DDInter1804,Ticlopidine,DDInter1387,Panobinostat,Panobinostat,Ticlopidine,Major
DDInter1387,Panobinostat,DDInter1812,Tinzaparin,Panobinostat,Tinzaparin,Major
DDInter1818,Tirofiban,DDInter1387,Panobinostat,Panobinostat,Tirofiban,Major
DDInter1852,Treprostinil,DDInter1387,Panobinostat,Panobinostat,Treprostinil,Major
DDInter1905,Urokinase,DDInter1387,Panobinostat,Panobinostat,Urokinase,Major
DDInter1387,Panobinostat,DDInter1945,Vorapaxar,Panobinostat,Vorapaxar,Major
DDInter1388,Pantoprazole,DDInter975,Iron,Iron,Pantoprazole,Moderate
DDInter1388,Pantoprazole,DDInter542,Dicoumarol,Dicoumarol,Pantoprazole,Moderate
DDInter1388,Pantoprazole,DDInter725,Ferrous fumarate,Ferrous fumarate,Pantoprazole,Moderate
DDInter1388,Pantoprazole,DDInter726,Ferrous gluconate,Ferrous gluconate,Pantoprazole,Moderate
DDInter1388,Pantoprazole,DDInter785,Fostamatinib,Fostamatinib,Pantoprazole,Moderate
DDInter1388,Pantoprazole,DDInter1136,Mecobalamin,Mecobalamin,Pantoprazole,Minor
DDInter1388,Pantoprazole,DDInter1508,Prasugrel,Pantoprazole,Prasugrel,Minor
DDInter1394,Paricalcitol,DDInter785,Fostamatinib,Fostamatinib,Paricalcitol,Moderate
DDInter1394,Paricalcitol,DDInter1115,Magnesium citrate,Magnesium citrate,Paricalcitol,Moderate
DDInter99,Anistreplase,DDInter1397,Paroxetine,Anistreplase,Paroxetine,Moderate
DDInter117,Argatroban,DDInter1397,Paroxetine,Argatroban,Paroxetine,Moderate
DDInter1397,Paroxetine,DDInter471,Danaparoid,Danaparoid,Paroxetine,Moderate
DDInter542,Dicoumarol,DDInter1397,Paroxetine,Dicoumarol,Paroxetine,Moderate
DDInter605,Drotrecogin alfa,DDInter1397,Paroxetine,Drotrecogin alfa,Paroxetine,Moderate
DDInter1397,Paroxetine,DDInter645,Enoxaparin,Enoxaparin,Paroxetine,Moderate
DDInter1397,Paroxetine,DDInter657,Epoprostenol,Epoprostenol,Paroxetine,Moderate
DDInter659,Eptifibatide,DDInter1397,Paroxetine,Eptifibatide,Paroxetine,Moderate
DDInter775,Fondaparinux,DDInter1397,Paroxetine,Fondaparinux,Paroxetine,Moderate
DDInter1397,Paroxetine,DDInter856,Heparin,Heparin,Paroxetine,Moderate
DDInter1397,Paroxetine,DDInter908,Iloprost,Iloprost,Paroxetine,Moderate
DDInter1037,Lepirudin,DDInter1397,Paroxetine,Lepirudin,Paroxetine,Moderate
DDInter1397,Paroxetine,DDInter1508,Prasugrel,Paroxetine,Prasugrel,Moderate
DDInter1585,Reteplase,DDInter1397,Paroxetine,Paroxetine,Reteplase,Moderate
DDInter1397,Paroxetine,DDInter1609,Rivaroxaban,Paroxetine,Rivaroxaban,Moderate
DDInter1712,Streptokinase,DDInter1397,Paroxetine,Paroxetine,Streptokinase,Moderate
DDInter1764,Tenecteplase,DDInter1397,Paroxetine,Paroxetine,Tenecteplase,Moderate
DDInter1397,Paroxetine,DDInter1802,Ticagrelor,Paroxetine,Ticagrelor,Moderate
DDInter1804,Ticlopidine,DDInter1397,Paroxetine,Paroxetine,Ticlopidine,Moderate
DDInter1397,Paroxetine,DDInter1812,Tinzaparin,Paroxetine,Tinzaparin,Moderate
DDInter1397,Paroxetine,DDInter1818,Tirofiban,Paroxetine,Tirofiban,Moderate
DDInter1852,Treprostinil,DDInter1397,Paroxetine,Paroxetine,Treprostinil,Moderate
DDInter1397,Paroxetine,DDInter1903,Urea,Paroxetine,Urea,Moderate
DDInter1905,Urokinase,DDInter1397,Paroxetine,Paroxetine,Urokinase,Moderate
DDInter1397,Paroxetine,DDInter1945,Vorapaxar,Paroxetine,Vorapaxar,Moderate
DDInter1398,Pasireotide,DDInter1115,Magnesium citrate,Magnesium citrate,Pasireotide,Moderate
DDInter1400,Pazopanib,DDInter785,Fostamatinib,Fostamatinib,Pazopanib,Moderate
DDInter1400,Pazopanib,DDInter1115,Magnesium citrate,Magnesium citrate,Pazopanib,Moderate
DDInter1400,Pazopanib,DDInter1656,Selexipag,Pazopanib,Selexipag,Moderate
DDInter1683,Sodium bicarbonate,DDInter1400,Pazopanib,Pazopanib,Sodium bicarbonate,Moderate
DDInter1852,Treprostinil,DDInter1400,Pazopanib,Pazopanib,Treprostinil,Moderate
DDInter1404,Pegaspargase,DDInter471,Danaparoid,Danaparoid,Pegaspargase,Moderate
DDInter1404,Pegaspargase,DDInter542,Dicoumarol,Dicoumarol,Pegaspargase,Moderate
DDInter1404,Pegaspargase,DDInter645,Enoxaparin,Enoxaparin,Pegaspargase,Moderate
DDInter1404,Pegaspargase,DDInter775,Fondaparinux,Fondaparinux,Pegaspargase,Moderate
DDInter1404,Pegaspargase,DDInter856,Heparin,Heparin,Pegaspargase,Moderate
DDInter1404,Pegaspargase,DDInter857,Heparin (flush),Heparin (flush),Pegaspargase,Moderate
DDInter1404,Pegaspargase,DDInter1508,Prasugrel,Pegaspargase,Prasugrel,Moderate
DDInter1404,Pegaspargase,DDInter1609,Rivaroxaban,Pegaspargase,Rivaroxaban,Moderate
DDInter1404,Pegaspargase,DDInter1723,Sulfamethizole,Pegaspargase,Sulfamethizole,Moderate
DDInter1404,Pegaspargase,DDInter1802,Ticagrelor,Pegaspargase,Ticagrelor,Moderate
DDInter1404,Pegaspargase,DDInter1804,Ticlopidine,Pegaspargase,Ticlopidine,Moderate
DDInter1404,Pegaspargase,DDInter1812,Tinzaparin,Pegaspargase,Tinzaparin,Moderate
DDInter1407,Peginterferon alfa-2a,DDInter542,Dicoumarol,Dicoumarol,Peginterferon alfa-2a,Moderate
DDInter1408,Peginterferon alfa-2b,DDInter542,Dicoumarol,Dicoumarol,Peginterferon alfa-2b,Moderate
DDInter1409,Peginterferon beta-1a,DDInter785,Fostamatinib,Fostamatinib,Peginterferon beta-1a,Moderate
DDInter1723,Sulfamethizole,DDInter1409,Peginterferon beta-1a,Peginterferon beta-1a,Sulfamethizole,Moderate
DDInter1419,Penicillamine,DDInter975,Iron,Iron,Penicillamine,Moderate
DDInter1419,Penicillamine,DDInter725,Ferrous fumarate,Ferrous fumarate,Penicillamine,Moderate
DDInter1419,Penicillamine,DDInter726,Ferrous gluconate,Ferrous gluconate,Penicillamine,Moderate
DDInter1419,Penicillamine,DDInter1115,Magnesium citrate,Magnesium citrate,Penicillamine,Moderate
DDInter542,Dicoumarol,DDInter1423,Pentobarbital,Dicoumarol,Pentobarbital,Major
DDInter1423,Pentobarbital,DDInter785,Fostamatinib,Fostamatinib,Pentobarbital,Moderate
DDInter1423,Pentobarbital,DDInter855,Hemin,Hemin,Pentobarbital,Major
DDInter1423,Pentobarbital,DDInter1609,Rivaroxaban,Pentobarbital,Rivaroxaban,Moderate
DDInter1423,Pentobarbital,DDInter1802,Ticagrelor,Pentobarbital,Ticagrelor,Moderate
DDInter99,Anistreplase,DDInter1424,Pentosan polysulfate,Anistreplase,Pentosan polysulfate,Moderate
DDInter117,Argatroban,DDInter1424,Pentosan polysulfate,Argatroban,Pentosan polysulfate,Moderate
DDInter1424,Pentosan polysulfate,DDInter471,Danaparoid,Danaparoid,Pentosan polysulfate,Moderate
DDInter542,Dicoumarol,DDInter1424,Pentosan polysulfate,Dicoumarol,Pentosan polysulfate,Moderate
DDInter605,Drotrecogin alfa,DDInter1424,Pentosan polysulfate,Drotrecogin alfa,Pentosan polysulfate,Moderate
DDInter1424,Pentosan polysulfate,DDInter645,Enoxaparin,Enoxaparin,Pentosan polysulfate,Moderate
DDInter1424,Pentosan polysulfate,DDInter657,Epoprostenol,Epoprostenol,Pentosan polysulfate,Moderate
DDInter659,Eptifibatide,DDInter1424,Pentosan polysulfate,Eptifibatide,Pentosan polysulfate,Moderate
DDInter775,Fondaparinux,DDInter1424,Pentosan polysulfate,Fondaparinux,Pentosan polysulfate,Moderate
DDInter1424,Pentosan polysulfate,DDInter855,Hemin,Hemin,Pentosan polysulfate,Moderate
DDInter1424,Pentosan polysulfate,DDInter856,Heparin,Heparin,Pentosan polysulfate,Moderate
DDInter1424,Pentosan polysulfate,DDInter908,Iloprost,Iloprost,Pentosan polysulfate,Moderate
DDInter1037,Lepirudin,DDInter1424,Pentosan polysulfate,Lepirudin,Pentosan polysulfate,Moderate
DDInter1424,Pentosan polysulfate,DDInter1508,Prasugrel,Pentosan polysulfate,Prasugrel,Moderate
DDInter1585,Reteplase,DDInter1424,Pentosan polysulfate,Pentosan polysulfate,Reteplase,Moderate
DDInter1424,Pentosan polysulfate,DDInter1609,Rivaroxaban,Pentosan polysulfate,Rivaroxaban,Moderate
DDInter1712,Streptokinase,DDInter1424,Pentosan polysulfate,Pentosan polysulfate,Streptokinase,Moderate
DDInter1764,Tenecteplase,DDInter1424,Pentosan polysulfate,Pentosan polysulfate,Tenecteplase,Moderate
DDInter1424,Pentosan polysulfate,DDInter1802,Ticagrelor,Pentosan polysulfate,Ticagrelor,Moderate
DDInter1804,Ticlopidine,DDInter1424,Pentosan polysulfate,Pentosan polysulfate,Ticlopidine,Moderate
DDInter1424,Pentosan polysulfate,DDInter1812,Tinzaparin,Pentosan polysulfate,Tinzaparin,Moderate
DDInter1424,Pentosan polysulfate,DDInter1818,Tirofiban,Pentosan polysulfate,Tirofiban,Moderate
DDInter1852,Treprostinil,DDInter1424,Pentosan polysulfate,Pentosan polysulfate,Treprostinil,Moderate
DDInter1905,Urokinase,DDInter1424,Pentosan polysulfate,Pentosan polysulfate,Urokinase,Moderate
DDInter1424,Pentosan polysulfate,DDInter1945,Vorapaxar,Pentosan polysulfate,Vorapaxar,Moderate
DDInter99,Anistreplase,DDInter1426,Pentoxifylline,Anistreplase,Pentoxifylline,Moderate
DDInter117,Argatroban,DDInter1426,Pentoxifylline,Argatroban,Pentoxifylline,Moderate
DDInter1426,Pentoxifylline,DDInter471,Danaparoid,Danaparoid,Pentoxifylline,Moderate
DDInter1426,Pentoxifylline,DDInter523,Dextran (-1),Dextran (-1),Pentoxifylline,Moderate
DDInter1426,Pentoxifylline,DDInter524,Dextran (high molecular weight),Dextran (high molecular weight),Pentoxifylline,Moderate
DDInter542,Dicoumarol,DDInter1426,Pentoxifylline,Dicoumarol,Pentoxifylline,Moderate
DDInter605,Drotrecogin alfa,DDInter1426,Pentoxifylline,Drotrecogin alfa,Pentoxifylline,Moderate
DDInter1426,Pentoxifylline,DDInter645,Enoxaparin,Enoxaparin,Pentoxifylline,Moderate
DDInter1426,Pentoxifylline,DDInter657,Epoprostenol,Epoprostenol,Pentoxifylline,Moderate
DDInter659,Eptifibatide,DDInter1426,Pentoxifylline,Eptifibatide,Pentoxifylline,Moderate
DDInter775,Fondaparinux,DDInter1426,Pentoxifylline,Fondaparinux,Pentoxifylline,Moderate
DDInter1426,Pentoxifylline,DDInter856,Heparin,Heparin,Pentoxifylline,Moderate
DDInter1426,Pentoxifylline,DDInter908,Iloprost,Iloprost,Pentoxifylline,Moderate
DDInter1037,Lepirudin,DDInter1426,Pentoxifylline,Lepirudin,Pentoxifylline,Moderate
DDInter1426,Pentoxifylline,DDInter1508,Prasugrel,Pentoxifylline,Prasugrel,Moderate
DDInter1585,Reteplase,DDInter1426,Pentoxifylline,Pentoxifylline,Reteplase,Moderate
DDInter1426,Pentoxifylline,DDInter1609,Rivaroxaban,Pentoxifylline,Rivaroxaban,Moderate
DDInter1712,Streptokinase,DDInter1426,Pentoxifylline,Pentoxifylline,Streptokinase,Moderate
DDInter1764,Tenecteplase,DDInter1426,Pentoxifylline,Pentoxifylline,Tenecteplase,Moderate
DDInter1426,Pentoxifylline,DDInter1802,Ticagrelor,Pentoxifylline,Ticagrelor,Moderate
DDInter1804,Ticlopidine,DDInter1426,Pentoxifylline,Pentoxifylline,Ticlopidine,Moderate
DDInter1426,Pentoxifylline,DDInter1812,Tinzaparin,Pentoxifylline,Tinzaparin,Moderate
DDInter1818,Tirofiban,DDInter1426,Pentoxifylline,Pentoxifylline,Tirofiban,Moderate
DDInter1852,Treprostinil,DDInter1426,Pentoxifylline,Pentoxifylline,Treprostinil,Moderate
DDInter1426,Pentoxifylline,DDInter1903,Urea,Pentoxifylline,Urea,Moderate
DDInter1905,Urokinase,DDInter1426,Pentoxifylline,Pentoxifylline,Urokinase,Moderate
DDInter1426,Pentoxifylline,DDInter1945,Vorapaxar,Pentoxifylline,Vorapaxar,Moderate
DDInter1429,Perflutren,DDInter1115,Magnesium citrate,Magnesium citrate,Perflutren,Moderate
DDInter671,Erythropoietin,DDInter1431,Perindopril,Erythropoietin,Perindopril,Minor
DDInter1431,Perindopril,DDInter657,Epoprostenol,Epoprostenol,Perindopril,Moderate
DDInter1431,Perindopril,DDInter908,Iloprost,Iloprost,Perindopril,Moderate
DDInter1431,Perindopril,DDInter1406,Peginesatide,Peginesatide,Perindopril,Minor
DDInter1431,Perindopril,DDInter1656,Selexipag,Perindopril,Selexipag,Moderate
DDInter1852,Treprostinil,DDInter1431,Perindopril,Perindopril,Treprostinil,Moderate
DDInter785,Fostamatinib,DDInter1435,Pexidartinib,Fostamatinib,Pexidartinib,Major
DDInter1609,Rivaroxaban,DDInter1435,Pexidartinib,Pexidartinib,Rivaroxaban,Moderate
DDInter1683,Sodium bicarbonate,DDInter1435,Pexidartinib,Pexidartinib,Sodium bicarbonate,Moderate
DDInter1723,Sulfamethizole,DDInter1435,Pexidartinib,Pexidartinib,Sulfamethizole,Major
DDInter1802,Ticagrelor,DDInter1435,Pexidartinib,Pexidartinib,Ticagrelor,Moderate
DDInter1945,Vorapaxar,DDInter1435,Pexidartinib,Pexidartinib,Vorapaxar,Moderate
DDInter653,Epinephrine (ophthalmic),DDInter1440,Phenelzine,Epinephrine (ophthalmic),Phenelzine,Moderate
DDInter654,Epinephrine (topical),DDInter1440,Phenelzine,Epinephrine (topical),Phenelzine,Moderate
DDInter1440,Phenelzine,DDInter657,Epoprostenol,Epoprostenol,Phenelzine,Moderate
DDInter1440,Phenelzine,DDInter908,Iloprost,Iloprost,Phenelzine,Moderate
DDInter1440,Phenelzine,DDInter1656,Selexipag,Phenelzine,Selexipag,Moderate
DDInter1852,Treprostinil,DDInter1440,Phenelzine,Phenelzine,Treprostinil,Moderate
DDInter1444,Phenoxybenzamine,DDInter657,Epoprostenol,Epoprostenol,Phenoxybenzamine,Moderate
DDInter1444,Phenoxybenzamine,DDInter908,Iloprost,Iloprost,Phenoxybenzamine,Moderate
DDInter1444,Phenoxybenzamine,DDInter1656,Selexipag,Phenoxybenzamine,Selexipag,Moderate
DDInter1852,Treprostinil,DDInter1444,Phenoxybenzamine,Phenoxybenzamine,Treprostinil,Moderate
DDInter1460,Phenytoin,DDInter542,Dicoumarol,Dicoumarol,Phenytoin,Moderate
DDInter1460,Phenytoin,DDInter785,Fostamatinib,Fostamatinib,Phenytoin,Major
DDInter1460,Phenytoin,DDInter1609,Rivaroxaban,Phenytoin,Rivaroxaban,Major
DDInter1460,Phenytoin,DDInter1683,Sodium bicarbonate,Phenytoin,Sodium bicarbonate,Moderate
DDInter1460,Phenytoin,DDInter1723,Sulfamethizole,Phenytoin,Sulfamethizole,Moderate
DDInter1460,Phenytoin,DDInter1802,Ticagrelor,Phenytoin,Ticagrelor,Major
DDInter1804,Ticlopidine,DDInter1460,Phenytoin,Phenytoin,Ticlopidine,Moderate
DDInter1460,Phenytoin,DDInter1852,Treprostinil,Phenytoin,Treprostinil,Moderate
DDInter1460,Phenytoin,DDInter1945,Vorapaxar,Phenytoin,Vorapaxar,Major
DDInter1467,Pimavanserin,DDInter1115,Magnesium citrate,Magnesium citrate,Pimavanserin,Moderate
DDInter1467,Pimavanserin,DDInter1802,Ticagrelor,Pimavanserin,Ticagrelor,Moderate
DDInter1469,Pimecrolimus (topical),DDInter785,Fostamatinib,Fostamatinib,Pimecrolimus (topical),Moderate
DDInter1469,Pimecrolimus (topical),DDInter1802,Ticagrelor,Pimecrolimus (topical),Ticagrelor,Minor
DDInter1470,Pimozide,DDInter785,Fostamatinib,Fostamatinib,Pimozide,Moderate
DDInter1470,Pimozide,DDInter1115,Magnesium citrate,Magnesium citrate,Pimozide,Moderate
DDInter1497,Potassium chloride,DDInter1470,Pimozide,Pimozide,Potassium chloride,Major
DDInter1470,Pimozide,DDInter1802,Ticagrelor,Pimozide,Ticagrelor,Moderate
DDInter1804,Ticlopidine,DDInter1470,Pimozide,Pimozide,Ticlopidine,Moderate
DDInter654,Epinephrine (topical),DDInter1471,Pindolol,Epinephrine (topical),Pindolol,Moderate
DDInter1471,Pindolol,DDInter657,Epoprostenol,Epoprostenol,Pindolol,Moderate
DDInter1471,Pindolol,DDInter908,Iloprost,Iloprost,Pindolol,Moderate
DDInter1471,Pindolol,DDInter1656,Selexipag,Pindolol,Selexipag,Moderate
DDInter1471,Pindolol,DDInter1802,Ticagrelor,Pindolol,Ticagrelor,Minor
DDInter1852,Treprostinil,DDInter1471,Pindolol,Pindolol,Treprostinil,Moderate
DDInter1804,Ticlopidine,DDInter1477,Pirfenidone,Pirfenidone,Ticlopidine,Moderate
DDInter99,Anistreplase,DDInter1478,Piroxicam,Anistreplase,Piroxicam,Moderate
DDInter117,Argatroban,DDInter1478,Piroxicam,Argatroban,Piroxicam,Moderate
DDInter1478,Piroxicam,DDInter471,Danaparoid,Danaparoid,Piroxicam,Major
DDInter542,Dicoumarol,DDInter1478,Piroxicam,Dicoumarol,Piroxicam,Major
DDInter605,Drotrecogin alfa,DDInter1478,Piroxicam,Drotrecogin alfa,Piroxicam,Major
DDInter1478,Piroxicam,DDInter645,Enoxaparin,Enoxaparin,Piroxicam,Major
DDInter1478,Piroxicam,DDInter657,Epoprostenol,Epoprostenol,Piroxicam,Moderate
DDInter659,Eptifibatide,DDInter1478,Piroxicam,Eptifibatide,Piroxicam,Moderate
DDInter1478,Piroxicam,DDInter775,Fondaparinux,Fondaparinux,Piroxicam,Major
DDInter1478,Piroxicam,DDInter856,Heparin,Heparin,Piroxicam,Moderate
DDInter1478,Piroxicam,DDInter908,Iloprost,Iloprost,Piroxicam,Moderate
DDInter1037,Lepirudin,DDInter1478,Piroxicam,Lepirudin,Piroxicam,Moderate
DDInter1478,Piroxicam,DDInter1497,Potassium chloride,Piroxicam,Potassium chloride,Moderate
DDInter1478,Piroxicam,DDInter1508,Prasugrel,Piroxicam,Prasugrel,Major
DDInter1585,Reteplase,DDInter1478,Piroxicam,Piroxicam,Reteplase,Moderate
DDInter1478,Piroxicam,DDInter1609,Rivaroxaban,Piroxicam,Rivaroxaban,Major
DDInter1712,Streptokinase,DDInter1478,Piroxicam,Piroxicam,Streptokinase,Moderate
DDInter1764,Tenecteplase,DDInter1478,Piroxicam,Piroxicam,Tenecteplase,Moderate
DDInter1478,Piroxicam,DDInter1802,Ticagrelor,Piroxicam,Ticagrelor,Moderate
DDInter1804,Ticlopidine,DDInter1478,Piroxicam,Piroxicam,Ticlopidine,Moderate
DDInter1478,Piroxicam,DDInter1812,Tinzaparin,Piroxicam,Tinzaparin,Major
DDInter1478,Piroxicam,DDInter1818,Tirofiban,Piroxicam,Tirofiban,Moderate
DDInter1852,Treprostinil,DDInter1478,Piroxicam,Piroxicam,Treprostinil,Moderate
DDInter1905,Urokinase,DDInter1478,Piroxicam,Piroxicam,Urokinase,Moderate
DDInter1478,Piroxicam,DDInter1945,Vorapaxar,Piroxicam,Vorapaxar,Major
DDInter542,Dicoumarol,DDInter1479,Pitavastatin,Dicoumarol,Pitavastatin,Minor
DDInter1115,Magnesium citrate,DDInter1480,Pitolisant,Magnesium citrate,Pitolisant,Moderate
DDInter1656,Selexipag,DDInter1480,Pitolisant,Pitolisant,Selexipag,Moderate
DDInter1804,Ticlopidine,DDInter1480,Pitolisant,Pitolisant,Ticlopidine,Moderate
DDInter1903,Urea,DDInter1488,Polyethylene glycol (3350),Polyethylene glycol (3350),Urea,Moderate
DDInter671,Erythropoietin,DDInter1491,Pomalidomide,Erythropoietin,Pomalidomide,Major
DDInter1491,Pomalidomide,DDInter785,Fostamatinib,Fostamatinib,Pomalidomide,Moderate
DDInter1406,Peginesatide,DDInter1491,Pomalidomide,Peginesatide,Pomalidomide,Major
DDInter99,Anistreplase,DDInter1492,Ponatinib,Anistreplase,Ponatinib,Major
DDInter117,Argatroban,DDInter1492,Ponatinib,Argatroban,Ponatinib,Major
DDInter471,Danaparoid,DDInter1492,Ponatinib,Danaparoid,Ponatinib,Major
DDInter542,Dicoumarol,DDInter1492,Ponatinib,Dicoumarol,Ponatinib,Major
DDInter605,Drotrecogin alfa,DDInter1492,Ponatinib,Drotrecogin alfa,Ponatinib,Major
DDInter645,Enoxaparin,DDInter1492,Ponatinib,Enoxaparin,Ponatinib,Major
DDInter657,Epoprostenol,DDInter1492,Ponatinib,Epoprostenol,Ponatinib,Major
DDInter659,Eptifibatide,DDInter1492,Ponatinib,Eptifibatide,Ponatinib,Major
DDInter775,Fondaparinux,DDInter1492,Ponatinib,Fondaparinux,Ponatinib,Major
DDInter1492,Ponatinib,DDInter785,Fostamatinib,Fostamatinib,Ponatinib,Moderate
DDInter855,Hemin,DDInter1492,Ponatinib,Hemin,Ponatinib,Moderate
DDInter856,Heparin,DDInter1492,Ponatinib,Heparin,Ponatinib,Major
DDInter908,Iloprost,DDInter1492,Ponatinib,Iloprost,Ponatinib,Major
DDInter1037,Lepirudin,DDInter1492,Ponatinib,Lepirudin,Ponatinib,Major
DDInter1508,Prasugrel,DDInter1492,Ponatinib,Ponatinib,Prasugrel,Major
DDInter1585,Reteplase,DDInter1492,Ponatinib,Ponatinib,Reteplase,Major
DDInter1609,Rivaroxaban,DDInter1492,Ponatinib,Ponatinib,Rivaroxaban,Major
DDInter1683,Sodium bicarbonate,DDInter1492,Ponatinib,Ponatinib,Sodium bicarbonate,Minor
DDInter1712,Streptokinase,DDInter1492,Ponatinib,Ponatinib,Streptokinase,Major
DDInter1764,Tenecteplase,DDInter1492,Ponatinib,Ponatinib,Tenecteplase,Major
DDInter1802,Ticagrelor,DDInter1492,Ponatinib,Ponatinib,Ticagrelor,Major
DDInter1804,Ticlopidine,DDInter1492,Ponatinib,Ponatinib,Ticlopidine,Major
DDInter1812,Tinzaparin,DDInter1492,Ponatinib,Ponatinib,Tinzaparin,Major
DDInter1818,Tirofiban,DDInter1492,Ponatinib,Ponatinib,Tirofiban,Major
DDInter1852,Treprostinil,DDInter1492,Ponatinib,Ponatinib,Treprostinil,Major
DDInter1905,Urokinase,DDInter1492,Ponatinib,Ponatinib,Urokinase,Major
DDInter1492,Ponatinib,DDInter1945,Vorapaxar,Ponatinib,Vorapaxar,Major
DDInter1723,Sulfamethizole,DDInter1493,Porfimer sodium,Porfimer sodium,Sulfamethizole,Moderate
DDInter542,Dicoumarol,DDInter1494,Posaconazole,Dicoumarol,Posaconazole,Moderate
DDInter1494,Posaconazole,DDInter785,Fostamatinib,Fostamatinib,Posaconazole,Major
DDInter1494,Posaconazole,DDInter1115,Magnesium citrate,Magnesium citrate,Posaconazole,Moderate
DDInter1494,Posaconazole,DDInter1609,Rivaroxaban,Posaconazole,Rivaroxaban,Major
DDInter1494,Posaconazole,DDInter1802,Ticagrelor,Posaconazole,Ticagrelor,Major
DDInter1494,Posaconazole,DDInter1945,Vorapaxar,Posaconazole,Vorapaxar,Major
DDInter1802,Ticagrelor,DDInter1504,Pralsetinib,Pralsetinib,Ticagrelor,Moderate
DDInter98,Anisindione,DDInter1508,Prasugrel,Anisindione,Prasugrel,Major
DDInter99,Anistreplase,DDInter1508,Prasugrel,Anistreplase,Prasugrel,Major
DDInter115,Ardeparin,DDInter1508,Prasugrel,Ardeparin,Prasugrel,Major
DDInter117,Argatroban,DDInter1508,Prasugrel,Argatroban,Prasugrel,Major
DDInter215,Bismuth subsalicylate,DDInter1508,Prasugrel,Bismuth subsalicylate,Prasugrel,Moderate
DDInter241,Bromfenac,DDInter1508,Prasugrel,Bromfenac,Prasugrel,Major
DDInter1508,Prasugrel,DDInter291,Capsicum,Capsicum,Prasugrel,Minor
DDInter1508,Prasugrel,DDInter347,Chamomile,Chamomile,Prasugrel,Minor
DDInter1508,Prasugrel,DDInter417,Clove,Clove,Prasugrel,Minor
DDInter1508,Prasugrel,DDInter471,Danaparoid,Danaparoid,Prasugrel,Major
DDInter518,Dexfenfluramine,DDInter1508,Prasugrel,Dexfenfluramine,Prasugrel,Moderate
DDInter1508,Prasugrel,DDInter523,Dextran (-1),Dextran (-1),Prasugrel,Major
DDInter1508,Prasugrel,DDInter524,Dextran (high molecular weight),Dextran (high molecular weight),Prasugrel,Major
DDInter531,Dezocine,DDInter1508,Prasugrel,Dezocine,Prasugrel,Moderate
DDInter542,Dicoumarol,DDInter1508,Prasugrel,Dicoumarol,Prasugrel,Major
DDInter551,Diflunisal,DDInter1508,Prasugrel,Diflunisal,Prasugrel,Major
DDInter605,Drotrecogin alfa,DDInter1508,Prasugrel,Drotrecogin alfa,Prasugrel,Major
DDInter645,Enoxaparin,DDInter1508,Prasugrel,Enoxaparin,Prasugrel,Major
DDInter657,Epoprostenol,DDInter1508,Prasugrel,Epoprostenol,Prasugrel,Moderate
DDInter659,Eptifibatide,DDInter1508,Prasugrel,Eptifibatide,Prasugrel,Major
DDInter672,Escitalopram,DDInter1508,Prasugrel,Escitalopram,Prasugrel,Moderate
DDInter676,Esomeprazole,DDInter1508,Prasugrel,Esomeprazole,Prasugrel,Minor
DDInter699,Etodolac,DDInter1508,Prasugrel,Etodolac,Prasugrel,Major
DDInter1508,Prasugrel,DDInter714,Fedratinib,Fedratinib,Prasugrel,Major
DDInter717,Fenfluramine,DDInter1508,Prasugrel,Fenfluramine,Prasugrel,Moderate
DDInter721,Fenoprofen,DDInter1508,Prasugrel,Fenoprofen,Prasugrel,Major
DDInter758,Fluoxetine,DDInter1508,Prasugrel,Fluoxetine,Prasugrel,Moderate
DDInter763,Flurbiprofen,DDInter1508,Prasugrel,Flurbiprofen,Prasugrel,Major
DDInter764,Flurbiprofen (ophthalmic),DDInter1508,Prasugrel,Flurbiprofen (ophthalmic),Prasugrel,Moderate
DDInter770,Fluvoxamine,DDInter1508,Prasugrel,Fluvoxamine,Prasugrel,Moderate
DDInter775,Fondaparinux,DDInter1508,Prasugrel,Fondaparinux,Prasugrel,Major
DDInter1508,Prasugrel,DDInter808,Garlic,Garlic,Prasugrel,Moderate
DDInter819,Ginkgo biloba,DDInter1508,Prasugrel,Ginkgo biloba,Prasugrel,Moderate
DDInter820,Ginseng,DDInter1508,Prasugrel,Ginseng,Prasugrel,Moderate
DDInter854,Halothane,DDInter1508,Prasugrel,Halothane,Prasugrel,Minor
DDInter855,Hemin,DDInter1508,Prasugrel,Hemin,Prasugrel,Moderate
DDInter856,Heparin,DDInter1508,Prasugrel,Heparin,Prasugrel,Moderate
DDInter890,Hydromorphone,DDInter1508,Prasugrel,Hydromorphone,Prasugrel,Moderate
DDInter898,Ibritumomab tiuxetan,DDInter1508,Prasugrel,Ibritumomab tiuxetan,Prasugrel,Major
DDInter1508,Prasugrel,DDInter899,Ibrutinib,Ibrutinib,Prasugrel,Major
DDInter903,Icosapent,DDInter1508,Prasugrel,Icosapent,Prasugrel,Moderate
DDInter908,Iloprost,DDInter1508,Prasugrel,Iloprost,Prasugrel,Moderate
DDInter921,Indomethacin,DDInter1508,Prasugrel,Indomethacin,Prasugrel,Major
DDInter1839,Tositumomab (I-131),DDInter1508,Prasugrel,Prasugrel,Tositumomab (I-131),Major
DDInter1037,Lepirudin,DDInter1508,Prasugrel,Lepirudin,Prasugrel,Major
DDInter1043,Levacetylmethadol,DDInter1508,Prasugrel,Levacetylmethadol,Prasugrel,Moderate
DDInter1135,Meclofenamic acid,DDInter1508,Prasugrel,Meclofenamic acid,Prasugrel,Major
DDInter1508,Prasugrel,DDInter1344,Opium,Opium,Prasugrel,Moderate
DDInter1451,Phenylbutazone,DDInter1508,Prasugrel,Phenylbutazone,Prasugrel,Major
DDInter1508,Prasugrel,DDInter1484,Plicamycin,Plicamycin,Prasugrel,Major
DDInter1566,Ramucirumab,DDInter1508,Prasugrel,Prasugrel,Ramucirumab,Major
DDInter1569,Ranitidine (bismuth citrate),DDInter1508,Prasugrel,Prasugrel,Ranitidine (bismuth citrate),Minor
DDInter1508,Prasugrel,DDInter1576,Regorafenib,Prasugrel,Regorafenib,Major
DDInter1579,Remifentanil,DDInter1508,Prasugrel,Prasugrel,Remifentanil,Moderate
DDInter1585,Reteplase,DDInter1508,Prasugrel,Prasugrel,Reteplase,Major
DDInter1508,Prasugrel,DDInter1609,Rivaroxaban,Prasugrel,Rivaroxaban,Major
DDInter1613,Rofecoxib,DDInter1508,Prasugrel,Prasugrel,Rofecoxib,Moderate
DDInter1508,Prasugrel,DDInter1628,Ruxolitinib,Prasugrel,Ruxolitinib,Major
DDInter1637,Salsalate,DDInter1508,Prasugrel,Prasugrel,Salsalate,Moderate
DDInter1653,Selegiline,DDInter1508,Prasugrel,Prasugrel,Selegiline,Minor
DDInter1508,Prasugrel,DDInter1659,Selumetinib,Prasugrel,Selumetinib,Moderate
DDInter1662,Sertraline,DDInter1508,Prasugrel,Prasugrel,Sertraline,Moderate
DDInter1665,Sibutramine,DDInter1508,Prasugrel,Prasugrel,Sibutramine,Moderate
DDInter1633,Salicylic acid (sodium),DDInter1508,Prasugrel,Prasugrel,Salicylic acid (sodium),Moderate
DDInter1712,Streptokinase,DDInter1508,Prasugrel,Prasugrel,Streptokinase,Major
DDInter1729,Sulindac,DDInter1508,Prasugrel,Prasugrel,Sulindac,Major
DDInter1732,Suprofen (ophthalmic),DDInter1508,Prasugrel,Prasugrel,Suprofen (ophthalmic),Moderate
DDInter1746,Tapentadol,DDInter1508,Prasugrel,Prasugrel,Tapentadol,Moderate
DDInter1508,Prasugrel,DDInter1750,Tazemetostat,Prasugrel,Tazemetostat,Major
DDInter1764,Tenecteplase,DDInter1508,Prasugrel,Prasugrel,Tenecteplase,Major
DDInter1508,Prasugrel,DDInter1802,Ticagrelor,Prasugrel,Ticagrelor,Moderate
DDInter1804,Ticlopidine,DDInter1508,Prasugrel,Prasugrel,Ticlopidine,Major
DDInter1508,Prasugrel,DDInter1812,Tinzaparin,Prasugrel,Tinzaparin,Major
DDInter1817,Tipranavir,DDInter1508,Prasugrel,Prasugrel,Tipranavir,Major
DDInter1818,Tirofiban,DDInter1508,Prasugrel,Prasugrel,Tirofiban,Major
DDInter1831,Tolmetin,DDInter1508,Prasugrel,Prasugrel,Tolmetin,Major
DDInter1838,Tositumomab,DDInter1508,Prasugrel,Prasugrel,Tositumomab,Major
DDInter1852,Treprostinil,DDInter1508,Prasugrel,Prasugrel,Treprostinil,Moderate
DDInter1508,Prasugrel,DDInter1892,Turmeric,Prasugrel,Turmeric,Minor
DDInter1905,Urokinase,DDInter1508,Prasugrel,Prasugrel,Urokinase,Major
DDInter1910,Valdecoxib,DDInter1508,Prasugrel,Prasugrel,Valdecoxib,Moderate
DDInter1927,Venlafaxine,DDInter1508,Prasugrel,Prasugrel,Venlafaxine,Moderate
DDInter1929,Verteporfin,DDInter1508,Prasugrel,Prasugrel,Verteporfin,Moderate
DDInter1508,Prasugrel,DDInter1935,Vilazodone,Prasugrel,Vilazodone,Moderate
DDInter1943,Vitamin E,DDInter1508,Prasugrel,Prasugrel,Vitamin E,Moderate
DDInter1508,Prasugrel,DDInter1945,Vorapaxar,Prasugrel,Vorapaxar,Major
DDInter1508,Prasugrel,DDInter1948,Vortioxetine,Prasugrel,Vortioxetine,Moderate
DDInter1508,Prasugrel,DDInter1959,Zanubrutinib,Prasugrel,Zanubrutinib,Major
DDInter1509,Pravastatin,DDInter542,Dicoumarol,Dicoumarol,Pravastatin,Minor
DDInter1510,Praziquantel,DDInter785,Fostamatinib,Fostamatinib,Praziquantel,Moderate
DDInter1511,Prazosin,DDInter657,Epoprostenol,Epoprostenol,Prazosin,Moderate
DDInter1511,Prazosin,DDInter908,Iloprost,Iloprost,Prazosin,Moderate
DDInter1511,Prazosin,DDInter1656,Selexipag,Prazosin,Selexipag,Moderate
DDInter1852,Treprostinil,DDInter1511,Prazosin,Prazosin,Treprostinil,Moderate
DDInter542,Dicoumarol,DDInter1515,Prednisone,Dicoumarol,Prednisone,Moderate
DDInter1515,Prednisone,DDInter785,Fostamatinib,Fostamatinib,Prednisone,Moderate
DDInter1515,Prednisone,DDInter1115,Magnesium citrate,Magnesium citrate,Prednisone,Moderate
DDInter1804,Ticlopidine,DDInter1515,Prednisone,Prednisone,Ticlopidine,Minor
DDInter1515,Prednisone,DDInter1964,Zinc chloride,Prednisone,Zinc chloride,Minor
DDInter542,Dicoumarol,DDInter1521,Primidone,Dicoumarol,Primidone,Major
DDInter1521,Primidone,DDInter785,Fostamatinib,Fostamatinib,Primidone,Major
DDInter1521,Primidone,DDInter855,Hemin,Hemin,Primidone,Major
DDInter1521,Primidone,DDInter1609,Rivaroxaban,Primidone,Rivaroxaban,Major
DDInter1521,Primidone,DDInter1802,Ticagrelor,Primidone,Ticagrelor,Major
DDInter1521,Primidone,DDInter1945,Vorapaxar,Primidone,Vorapaxar,Major
DDInter1524,Procainamide,DDInter1115,Magnesium citrate,Magnesium citrate,Procainamide,Moderate
DDInter653,Epinephrine (ophthalmic),DDInter1526,Procarbazine,Epinephrine (ophthalmic),Procarbazine,Moderate
DDInter654,Epinephrine (topical),DDInter1526,Procarbazine,Epinephrine (topical),Procarbazine,Moderate
DDInter1526,Procarbazine,DDInter657,Epoprostenol,Epoprostenol,Procarbazine,Moderate
DDInter908,Iloprost,DDInter1526,Procarbazine,Iloprost,Procarbazine,Moderate
DDInter1526,Procarbazine,DDInter1656,Selexipag,Procarbazine,Selexipag,Moderate
DDInter1852,Treprostinil,DDInter1526,Procarbazine,Procarbazine,Treprostinil,Moderate
DDInter1528,Procyclidine,DDInter1497,Potassium chloride,Potassium chloride,Procyclidine,Major
DDInter1529,Progesterone,DDInter785,Fostamatinib,Fostamatinib,Progesterone,Moderate
DDInter542,Dicoumarol,DDInter1534,Propafenone,Dicoumarol,Propafenone,Moderate
DDInter1534,Propafenone,DDInter1115,Magnesium citrate,Magnesium citrate,Propafenone,Moderate
DDInter1497,Potassium chloride,DDInter1535,Propantheline,Potassium chloride,Propantheline,Major
DDInter542,Dicoumarol,DDInter1539,Propranolol,Dicoumarol,Propranolol,Minor
DDInter1539,Propranolol,DDInter654,Epinephrine (topical),Epinephrine (topical),Propranolol,Moderate
DDInter1539,Propranolol,DDInter657,Epoprostenol,Epoprostenol,Propranolol,Moderate
DDInter1539,Propranolol,DDInter908,Iloprost,Iloprost,Propranolol,Moderate
DDInter1539,Propranolol,DDInter1656,Selexipag,Propranolol,Selexipag,Moderate
DDInter1539,Propranolol,DDInter1802,Ticagrelor,Propranolol,Ticagrelor,Minor
DDInter1852,Treprostinil,DDInter1539,Propranolol,Propranolol,Treprostinil,Moderate
DDInter98,Anisindione,DDInter1542,Protein C,Anisindione,Protein C,Moderate
DDInter99,Anistreplase,DDInter1542,Protein C,Anistreplase,Protein C,Moderate
DDInter115,Ardeparin,DDInter1542,Protein C,Ardeparin,Protein C,Moderate
DDInter117,Argatroban,DDInter1542,Protein C,Argatroban,Protein C,Moderate
DDInter471,Danaparoid,DDInter1542,Protein C,Danaparoid,Protein C,Moderate
DDInter542,Dicoumarol,DDInter1542,Protein C,Dicoumarol,Protein C,Moderate
DDInter605,Drotrecogin alfa,DDInter1542,Protein C,Drotrecogin alfa,Protein C,Moderate
DDInter645,Enoxaparin,DDInter1542,Protein C,Enoxaparin,Protein C,Moderate
DDInter775,Fondaparinux,DDInter1542,Protein C,Fondaparinux,Protein C,Moderate
DDInter856,Heparin,DDInter1542,Protein C,Heparin,Protein C,Moderate
DDInter1037,Lepirudin,DDInter1542,Protein C,Lepirudin,Protein C,Moderate
DDInter1585,Reteplase,DDInter1542,Protein C,Protein C,Reteplase,Moderate
DDInter1609,Rivaroxaban,DDInter1542,Protein C,Protein C,Rivaroxaban,Moderate
DDInter1613,Rofecoxib,DDInter1542,Protein C,Protein C,Rofecoxib,Moderate
DDInter1542,Protein C,DDInter1659,Selumetinib,Protein C,Selumetinib,Moderate
DDInter1712,Streptokinase,DDInter1542,Protein C,Protein C,Streptokinase,Moderate
DDInter1764,Tenecteplase,DDInter1542,Protein C,Protein C,Tenecteplase,Moderate
DDInter1812,Tinzaparin,DDInter1542,Protein C,Protein C,Tinzaparin,Moderate
DDInter1905,Urokinase,DDInter1542,Protein C,Protein C,Urokinase,Moderate
DDInter1910,Valdecoxib,DDInter1542,Protein C,Protein C,Valdecoxib,Moderate
DDInter1943,Vitamin E,DDInter1542,Protein C,Protein C,Vitamin E,Moderate
DDInter1543,Protriptyline,DDInter80,Ammonium chloride,Ammonium chloride,Protriptyline,Minor
DDInter542,Dicoumarol,DDInter1543,Protriptyline,Dicoumarol,Protriptyline,Moderate
DDInter1543,Protriptyline,DDInter1497,Potassium chloride,Potassium chloride,Protriptyline,Major
DDInter1544,Prucalopride,DDInter785,Fostamatinib,Fostamatinib,Prucalopride,Minor
DDInter1544,Prucalopride,DDInter1802,Ticagrelor,Prucalopride,Ticagrelor,Minor
DDInter1552,Quazepam,DDInter785,Fostamatinib,Fostamatinib,Quazepam,Moderate
DDInter1683,Sodium bicarbonate,DDInter1552,Quazepam,Quazepam,Sodium bicarbonate,Minor
DDInter542,Dicoumarol,DDInter1553,Quetiapine,Dicoumarol,Quetiapine,Moderate
DDInter1553,Quetiapine,DDInter785,Fostamatinib,Fostamatinib,Quetiapine,Moderate
DDInter1553,Quetiapine,DDInter1115,Magnesium citrate,Magnesium citrate,Quetiapine,Moderate
DDInter99,Anistreplase,DDInter1554,Quinapril,Anistreplase,Quinapril,Moderate
DDInter1554,Quinapril,DDInter645,Enoxaparin,Enoxaparin,Quinapril,Moderate
DDInter671,Erythropoietin,DDInter1554,Quinapril,Erythropoietin,Quinapril,Minor
DDInter1554,Quinapril,DDInter657,Epoprostenol,Epoprostenol,Quinapril,Moderate
DDInter1554,Quinapril,DDInter725,Ferrous fumarate,Ferrous fumarate,Quinapril,Moderate
DDInter1554,Quinapril,DDInter726,Ferrous gluconate,Ferrous gluconate,Quinapril,Moderate
DDInter1554,Quinapril,DDInter902,Icatibant,Icatibant,Quinapril,Moderate
DDInter1554,Quinapril,DDInter908,Iloprost,Iloprost,Quinapril,Moderate
DDInter1554,Quinapril,DDInter1406,Peginesatide,Peginesatide,Quinapril,Minor
DDInter1585,Reteplase,DDInter1554,Quinapril,Quinapril,Reteplase,Moderate
DDInter1554,Quinapril,DDInter1656,Selexipag,Quinapril,Selexipag,Moderate
DDInter1712,Streptokinase,DDInter1554,Quinapril,Quinapril,Streptokinase,Moderate
DDInter1764,Tenecteplase,DDInter1554,Quinapril,Quinapril,Tenecteplase,Moderate
DDInter1554,Quinapril,DDInter1812,Tinzaparin,Quinapril,Tinzaparin,Moderate
DDInter1852,Treprostinil,DDInter1554,Quinapril,Quinapril,Treprostinil,Moderate
DDInter1905,Urokinase,DDInter1554,Quinapril,Quinapril,Urokinase,Moderate
DDInter542,Dicoumarol,DDInter1557,Quinine,Dicoumarol,Quinine,Moderate
DDInter1557,Quinine,DDInter785,Fostamatinib,Fostamatinib,Quinine,Moderate
DDInter1557,Quinine,DDInter1115,Magnesium citrate,Magnesium citrate,Quinine,Moderate
DDInter1557,Quinine,DDInter1609,Rivaroxaban,Quinine,Rivaroxaban,Moderate
DDInter1557,Quinine,DDInter1802,Ticagrelor,Quinine,Ticagrelor,Moderate
DDInter1563,Raltegravir,DDInter1115,Magnesium citrate,Magnesium citrate,Raltegravir,Moderate
DDInter1563,Raltegravir,DDInter1964,Zinc chloride,Raltegravir,Zinc chloride,Major
DDInter1564,Ramelteon,DDInter785,Fostamatinib,Fostamatinib,Ramelteon,Moderate
DDInter1804,Ticlopidine,DDInter1564,Ramelteon,Ramelteon,Ticlopidine,Moderate
DDInter99,Anistreplase,DDInter1565,Ramipril,Anistreplase,Ramipril,Moderate
DDInter1565,Ramipril,DDInter645,Enoxaparin,Enoxaparin,Ramipril,Moderate
DDInter671,Erythropoietin,DDInter1565,Ramipril,Erythropoietin,Ramipril,Minor
DDInter1565,Ramipril,DDInter657,Epoprostenol,Epoprostenol,Ramipril,Moderate
DDInter1565,Ramipril,DDInter856,Heparin,Heparin,Ramipril,Moderate
DDInter1565,Ramipril,DDInter902,Icatibant,Icatibant,Ramipril,Moderate
DDInter1565,Ramipril,DDInter908,Iloprost,Iloprost,Ramipril,Moderate
DDInter1565,Ramipril,DDInter1406,Peginesatide,Peginesatide,Ramipril,Minor
DDInter1565,Ramipril,DDInter1495,Potassium acetate,Potassium acetate,Ramipril,Major
DDInter1565,Ramipril,DDInter1497,Potassium chloride,Potassium chloride,Ramipril,Major
DDInter1585,Reteplase,DDInter1565,Ramipril,Ramipril,Reteplase,Moderate
DDInter1565,Ramipril,DDInter1656,Selexipag,Ramipril,Selexipag,Moderate
DDInter1712,Streptokinase,DDInter1565,Ramipril,Ramipril,Streptokinase,Moderate
DDInter1764,Tenecteplase,DDInter1565,Ramipril,Ramipril,Tenecteplase,Moderate
DDInter1565,Ramipril,DDInter1812,Tinzaparin,Ramipril,Tinzaparin,Moderate
DDInter1565,Ramipril,DDInter1852,Treprostinil,Ramipril,Treprostinil,Moderate
DDInter1905,Urokinase,DDInter1565,Ramipril,Ramipril,Urokinase,Moderate
DDInter99,Anistreplase,DDInter1566,Ramucirumab,Anistreplase,Ramucirumab,Major
DDInter117,Argatroban,DDInter1566,Ramucirumab,Argatroban,Ramucirumab,Major
DDInter1566,Ramucirumab,DDInter471,Danaparoid,Danaparoid,Ramucirumab,Major
DDInter1566,Ramucirumab,DDInter523,Dextran (-1),Dextran (-1),Ramucirumab,Major
DDInter1566,Ramucirumab,DDInter524,Dextran (high molecular weight),Dextran (high molecular weight),Ramucirumab,Major
DDInter542,Dicoumarol,DDInter1566,Ramucirumab,Dicoumarol,Ramucirumab,Major
DDInter605,Drotrecogin alfa,DDInter1566,Ramucirumab,Drotrecogin alfa,Ramucirumab,Major
DDInter645,Enoxaparin,DDInter1566,Ramucirumab,Enoxaparin,Ramucirumab,Major
DDInter657,Epoprostenol,DDInter1566,Ramucirumab,Epoprostenol,Ramucirumab,Major
DDInter659,Eptifibatide,DDInter1566,Ramucirumab,Eptifibatide,Ramucirumab,Major
DDInter775,Fondaparinux,DDInter1566,Ramucirumab,Fondaparinux,Ramucirumab,Major
DDInter855,Hemin,DDInter1566,Ramucirumab,Hemin,Ramucirumab,Moderate
DDInter856,Heparin,DDInter1566,Ramucirumab,Heparin,Ramucirumab,Major
DDInter908,Iloprost,DDInter1566,Ramucirumab,Iloprost,Ramucirumab,Major
DDInter1037,Lepirudin,DDInter1566,Ramucirumab,Lepirudin,Ramucirumab,Major
DDInter1585,Reteplase,DDInter1566,Ramucirumab,Ramucirumab,Reteplase,Major
DDInter1566,Ramucirumab,DDInter1609,Rivaroxaban,Ramucirumab,Rivaroxaban,Major
DDInter1712,Streptokinase,DDInter1566,Ramucirumab,Ramucirumab,Streptokinase,Major
DDInter1764,Tenecteplase,DDInter1566,Ramucirumab,Ramucirumab,Tenecteplase,Major
DDInter1566,Ramucirumab,DDInter1802,Ticagrelor,Ramucirumab,Ticagrelor,Major
DDInter1804,Ticlopidine,DDInter1566,Ramucirumab,Ramucirumab,Ticlopidine,Major
DDInter1566,Ramucirumab,DDInter1812,Tinzaparin,Ramucirumab,Tinzaparin,Major
DDInter1818,Tirofiban,DDInter1566,Ramucirumab,Ramucirumab,Tirofiban,Major
DDInter1852,Treprostinil,DDInter1566,Ramucirumab,Ramucirumab,Treprostinil,Major
DDInter1905,Urokinase,DDInter1566,Ramucirumab,Ramucirumab,Urokinase,Major
DDInter1566,Ramucirumab,DDInter1945,Vorapaxar,Ramucirumab,Vorapaxar,Major
DDInter1570,Ranolazine,DDInter785,Fostamatinib,Fostamatinib,Ranolazine,Moderate
DDInter1570,Ranolazine,DDInter1115,Magnesium citrate,Magnesium citrate,Ranolazine,Moderate
DDInter1570,Ranolazine,DDInter1609,Rivaroxaban,Ranolazine,Rivaroxaban,Moderate
DDInter1570,Ranolazine,DDInter1802,Ticagrelor,Ranolazine,Ticagrelor,Moderate
DDInter1804,Ticlopidine,DDInter1570,Ranolazine,Ranolazine,Ticlopidine,Minor
DDInter1678,Sirolimus,DDInter785,Fostamatinib,Fostamatinib,Sirolimus,Moderate
DDInter1678,Sirolimus,DDInter1802,Ticagrelor,Sirolimus,Ticagrelor,Moderate
DDInter1678,Sirolimus,DDInter1964,Zinc chloride,Sirolimus,Zinc chloride,Minor
DDInter653,Epinephrine (ophthalmic),DDInter1572,Rasagiline,Epinephrine (ophthalmic),Rasagiline,Moderate
DDInter654,Epinephrine (topical),DDInter1572,Rasagiline,Epinephrine (topical),Rasagiline,Moderate
DDInter657,Epoprostenol,DDInter1572,Rasagiline,Epoprostenol,Rasagiline,Moderate
DDInter908,Iloprost,DDInter1572,Rasagiline,Iloprost,Rasagiline,Moderate
DDInter1572,Rasagiline,DDInter1656,Selexipag,Rasagiline,Selexipag,Moderate
DDInter1804,Ticlopidine,DDInter1572,Rasagiline,Rasagiline,Ticlopidine,Major
DDInter1852,Treprostinil,DDInter1572,Rasagiline,Rasagiline,Treprostinil,Moderate
DDInter99,Anistreplase,DDInter1576,Regorafenib,Anistreplase,Regorafenib,Major
DDInter117,Argatroban,DDInter1576,Regorafenib,Argatroban,Regorafenib,Major
DDInter471,Danaparoid,DDInter1576,Regorafenib,Danaparoid,Regorafenib,Major
DDInter542,Dicoumarol,DDInter1576,Regorafenib,Dicoumarol,Regorafenib,Major
DDInter605,Drotrecogin alfa,DDInter1576,Regorafenib,Drotrecogin alfa,Regorafenib,Major
DDInter645,Enoxaparin,DDInter1576,Regorafenib,Enoxaparin,Regorafenib,Major
DDInter657,Epoprostenol,DDInter1576,Regorafenib,Epoprostenol,Regorafenib,Major
DDInter659,Eptifibatide,DDInter1576,Regorafenib,Eptifibatide,Regorafenib,Major
DDInter775,Fondaparinux,DDInter1576,Regorafenib,Fondaparinux,Regorafenib,Major
DDInter1576,Regorafenib,DDInter785,Fostamatinib,Fostamatinib,Regorafenib,Moderate
DDInter855,Hemin,DDInter1576,Regorafenib,Hemin,Regorafenib,Moderate
DDInter856,Heparin,DDInter1576,Regorafenib,Heparin,Regorafenib,Major
DDInter908,Iloprost,DDInter1576,Regorafenib,Iloprost,Regorafenib,Major
DDInter1037,Lepirudin,DDInter1576,Regorafenib,Lepirudin,Regorafenib,Major
DDInter1585,Reteplase,DDInter1576,Regorafenib,Regorafenib,Reteplase,Major
DDInter1609,Rivaroxaban,DDInter1576,Regorafenib,Regorafenib,Rivaroxaban,Major
DDInter1712,Streptokinase,DDInter1576,Regorafenib,Regorafenib,Streptokinase,Major
DDInter1764,Tenecteplase,DDInter1576,Regorafenib,Regorafenib,Tenecteplase,Major
DDInter1802,Ticagrelor,DDInter1576,Regorafenib,Regorafenib,Ticagrelor,Major
DDInter1804,Ticlopidine,DDInter1576,Regorafenib,Regorafenib,Ticlopidine,Major
DDInter1812,Tinzaparin,DDInter1576,Regorafenib,Regorafenib,Tinzaparin,Major
DDInter1818,Tirofiban,DDInter1576,Regorafenib,Regorafenib,Tirofiban,Major
DDInter1852,Treprostinil,DDInter1576,Regorafenib,Regorafenib,Treprostinil,Major
DDInter1905,Urokinase,DDInter1576,Regorafenib,Regorafenib,Urokinase,Major
DDInter1576,Regorafenib,DDInter1945,Vorapaxar,Regorafenib,Vorapaxar,Major
DDInter785,Fostamatinib,DDInter1578,Remdesivir,Fostamatinib,Remdesivir,Moderate
DDInter1723,Sulfamethizole,DDInter1578,Remdesivir,Remdesivir,Sulfamethizole,Moderate
DDInter1579,Remifentanil,DDInter1802,Ticagrelor,Remifentanil,Ticagrelor,Moderate
DDInter1581,Repaglinide,DDInter785,Fostamatinib,Fostamatinib,Repaglinide,Moderate
DDInter1584,Retapamulin (topical),DDInter785,Fostamatinib,Fostamatinib,Retapamulin (topical),Moderate
DDInter1585,Reteplase,DDInter98,Anisindione,Anisindione,Reteplase,Major
DDInter1585,Reteplase,DDInter113,Aprotinin,Aprotinin,Reteplase,Moderate
DDInter1585,Reteplase,DDInter115,Ardeparin,Ardeparin,Reteplase,Major
DDInter1585,Reteplase,DDInter117,Argatroban,Argatroban,Reteplase,Major
DDInter1585,Reteplase,DDInter241,Bromfenac,Bromfenac,Reteplase,Moderate
DDInter1585,Reteplase,DDInter291,Capsicum,Capsicum,Reteplase,Minor
DDInter1585,Reteplase,DDInter347,Chamomile,Chamomile,Reteplase,Minor
DDInter1585,Reteplase,DDInter370,Choline salicylate,Choline salicylate,Reteplase,Moderate
DDInter1585,Reteplase,DDInter417,Clove,Clove,Reteplase,Minor
DDInter1585,Reteplase,DDInter471,Danaparoid,Danaparoid,Reteplase,Major
DDInter1585,Reteplase,DDInter518,Dexfenfluramine,Dexfenfluramine,Reteplase,Moderate
DDInter1585,Reteplase,DDInter542,Dicoumarol,Dicoumarol,Reteplase,Major
DDInter1585,Reteplase,DDInter551,Diflunisal,Diflunisal,Reteplase,Moderate
DDInter1585,Reteplase,DDInter605,Drotrecogin alfa,Drotrecogin alfa,Reteplase,Major
DDInter1585,Reteplase,DDInter645,Enoxaparin,Enoxaparin,Reteplase,Major
DDInter1585,Reteplase,DDInter657,Epoprostenol,Epoprostenol,Reteplase,Moderate
DDInter1585,Reteplase,DDInter659,Eptifibatide,Eptifibatide,Reteplase,Major
DDInter1585,Reteplase,DDInter672,Escitalopram,Escitalopram,Reteplase,Moderate
DDInter1585,Reteplase,DDInter699,Etodolac,Etodolac,Reteplase,Moderate
DDInter1585,Reteplase,DDInter717,Fenfluramine,Fenfluramine,Reteplase,Moderate
DDInter1585,Reteplase,DDInter721,Fenoprofen,Fenoprofen,Reteplase,Moderate
DDInter1585,Reteplase,DDInter758,Fluoxetine,Fluoxetine,Reteplase,Moderate
DDInter1585,Reteplase,DDInter763,Flurbiprofen,Flurbiprofen,Reteplase,Moderate
DDInter1585,Reteplase,DDInter764,Flurbiprofen (ophthalmic),Flurbiprofen (ophthalmic),Reteplase,Moderate
DDInter1585,Reteplase,DDInter770,Fluvoxamine,Fluvoxamine,Reteplase,Moderate
DDInter1585,Reteplase,DDInter775,Fondaparinux,Fondaparinux,Reteplase,Major
DDInter1585,Reteplase,DDInter781,Fosinopril,Fosinopril,Reteplase,Moderate
DDInter1585,Reteplase,DDInter808,Garlic,Garlic,Reteplase,Moderate
DDInter1585,Reteplase,DDInter819,Ginkgo biloba,Ginkgo biloba,Reteplase,Moderate
DDInter1585,Reteplase,DDInter820,Ginseng,Ginseng,Reteplase,Moderate
DDInter1585,Reteplase,DDInter855,Hemin,Hemin,Reteplase,Moderate
DDInter1585,Reteplase,DDInter856,Heparin,Heparin,Reteplase,Major
DDInter1585,Reteplase,DDInter898,Ibritumomab tiuxetan,Ibritumomab tiuxetan,Reteplase,Major
DDInter1585,Reteplase,DDInter899,Ibrutinib,Ibrutinib,Reteplase,Major
DDInter1585,Reteplase,DDInter903,Icosapent,Icosapent,Reteplase,Moderate
DDInter1585,Reteplase,DDInter908,Iloprost,Iloprost,Reteplase,Moderate
DDInter1585,Reteplase,DDInter921,Indomethacin,Indomethacin,Reteplase,Moderate
DDInter1585,Reteplase,DDInter1839,Tositumomab (I-131),Reteplase,Tositumomab (I-131),Major
DDInter1037,Lepirudin,DDInter1585,Reteplase,Lepirudin,Reteplase,Major
DDInter1585,Reteplase,DDInter1135,Meclofenamic acid,Meclofenamic acid,Reteplase,Moderate
DDInter1585,Reteplase,DDInter1451,Phenylbutazone,Phenylbutazone,Reteplase,Moderate
DDInter1585,Reteplase,DDInter1609,Rivaroxaban,Reteplase,Rivaroxaban,Major
DDInter1585,Reteplase,DDInter1613,Rofecoxib,Reteplase,Rofecoxib,Moderate
DDInter1585,Reteplase,DDInter1637,Salsalate,Reteplase,Salsalate,Moderate
DDInter1585,Reteplase,DDInter1662,Sertraline,Reteplase,Sertraline,Moderate
DDInter1585,Reteplase,DDInter1665,Sibutramine,Reteplase,Sibutramine,Moderate
DDInter1585,Reteplase,DDInter1633,Salicylic acid (sodium),Reteplase,Salicylic acid (sodium),Moderate
DDInter1585,Reteplase,DDInter1726,Sulfinpyrazone,Reteplase,Sulfinpyrazone,Moderate
DDInter1585,Reteplase,DDInter1729,Sulindac,Reteplase,Sulindac,Moderate
DDInter1585,Reteplase,DDInter1732,Suprofen (ophthalmic),Reteplase,Suprofen (ophthalmic),Moderate
DDInter1585,Reteplase,DDInter1802,Ticagrelor,Reteplase,Ticagrelor,Moderate
DDInter1585,Reteplase,DDInter1804,Ticlopidine,Reteplase,Ticlopidine,Moderate
DDInter1585,Reteplase,DDInter1812,Tinzaparin,Reteplase,Tinzaparin,Major
DDInter1585,Reteplase,DDInter1817,Tipranavir,Reteplase,Tipranavir,Major
DDInter1585,Reteplase,DDInter1818,Tirofiban,Reteplase,Tirofiban,Major
DDInter1585,Reteplase,DDInter1831,Tolmetin,Reteplase,Tolmetin,Moderate
DDInter1585,Reteplase,DDInter1838,Tositumomab,Reteplase,Tositumomab,Major
DDInter1585,Reteplase,DDInter1852,Treprostinil,Reteplase,Treprostinil,Moderate
DDInter1585,Reteplase,DDInter1892,Turmeric,Reteplase,Turmeric,Minor
DDInter1585,Reteplase,DDInter1910,Valdecoxib,Reteplase,Valdecoxib,Moderate
DDInter1585,Reteplase,DDInter1927,Venlafaxine,Reteplase,Venlafaxine,Moderate
DDInter1585,Reteplase,DDInter1935,Vilazodone,Reteplase,Vilazodone,Moderate
DDInter1585,Reteplase,DDInter1945,Vorapaxar,Reteplase,Vorapaxar,Major
DDInter1585,Reteplase,DDInter1948,Vortioxetine,Reteplase,Vortioxetine,Moderate
DDInter1585,Reteplase,DDInter1959,Zanubrutinib,Reteplase,Zanubrutinib,Major
DDInter1588,Ribociclib,DDInter785,Fostamatinib,Fostamatinib,Ribociclib,Moderate
DDInter1115,Magnesium citrate,DDInter1588,Ribociclib,Magnesium citrate,Ribociclib,Moderate
DDInter1609,Rivaroxaban,DDInter1588,Ribociclib,Ribociclib,Rivaroxaban,Moderate
DDInter1656,Selexipag,DDInter1588,Ribociclib,Ribociclib,Selexipag,Moderate
DDInter1802,Ticagrelor,DDInter1588,Ribociclib,Ribociclib,Ticagrelor,Moderate
DDInter1589,Rifabutin,DDInter785,Fostamatinib,Fostamatinib,Rifabutin,Moderate
DDInter542,Dicoumarol,DDInter1590,Rifampicin,Dicoumarol,Rifampicin,Major
DDInter1590,Rifampicin,DDInter785,Fostamatinib,Fostamatinib,Rifampicin,Major
DDInter1590,Rifampicin,DDInter855,Hemin,Hemin,Rifampicin,Major
DDInter1590,Rifampicin,DDInter1609,Rivaroxaban,Rifampicin,Rivaroxaban,Major
DDInter1590,Rifampicin,DDInter1656,Selexipag,Rifampicin,Selexipag,Moderate
DDInter1590,Rifampicin,DDInter1683,Sodium bicarbonate,Rifampicin,Sodium bicarbonate,Moderate
DDInter1590,Rifampicin,DDInter1802,Ticagrelor,Rifampicin,Ticagrelor,Major
DDInter1852,Treprostinil,DDInter1590,Rifampicin,Rifampicin,Treprostinil,Moderate
DDInter1590,Rifampicin,DDInter1945,Vorapaxar,Rifampicin,Vorapaxar,Major
DDInter1592,Rifapentine,DDInter785,Fostamatinib,Fostamatinib,Rifapentine,Major
DDInter1592,Rifapentine,DDInter1609,Rivaroxaban,Rifapentine,Rivaroxaban,Major
DDInter1592,Rifapentine,DDInter1656,Selexipag,Rifapentine,Selexipag,Moderate
DDInter1592,Rifapentine,DDInter1802,Ticagrelor,Rifapentine,Ticagrelor,Major
DDInter1852,Treprostinil,DDInter1592,Rifapentine,Rifapentine,Treprostinil,Moderate
DDInter542,Dicoumarol,DDInter1593,Rifaximin,Dicoumarol,Rifaximin,Moderate
DDInter1593,Rifaximin,DDInter785,Fostamatinib,Fostamatinib,Rifaximin,Moderate
DDInter542,Dicoumarol,DDInter1594,Rilonacept,Dicoumarol,Rilonacept,Moderate
DDInter1609,Rivaroxaban,DDInter1594,Rilonacept,Rilonacept,Rivaroxaban,Moderate
DDInter1594,Rilonacept,DDInter1964,Zinc chloride,Rilonacept,Zinc chloride,Minor
DDInter1595,Rilpivirine,DDInter785,Fostamatinib,Fostamatinib,Rilpivirine,Moderate
DDInter785,Fostamatinib,DDInter1601,Ripretinib,Fostamatinib,Ripretinib,Moderate
DDInter1656,Selexipag,DDInter1601,Ripretinib,Ripretinib,Selexipag,Moderate
DDInter1802,Ticagrelor,DDInter1601,Ripretinib,Ripretinib,Ticagrelor,Moderate
DDInter1852,Treprostinil,DDInter1601,Ripretinib,Ripretinib,Treprostinil,Moderate
DDInter71,Aminoglutethimide,DDInter1609,Rivaroxaban,Aminoglutethimide,Rivaroxaban,Moderate
DDInter90,Amprenavir,DDInter1609,Rivaroxaban,Amprenavir,Rivaroxaban,Moderate
DDInter98,Anisindione,DDInter1609,Rivaroxaban,Anisindione,Rivaroxaban,Major
DDInter99,Anistreplase,DDInter1609,Rivaroxaban,Anistreplase,Rivaroxaban,Major
DDInter115,Ardeparin,DDInter1609,Rivaroxaban,Ardeparin,Rivaroxaban,Major
DDInter117,Argatroban,DDInter1609,Rivaroxaban,Argatroban,Rivaroxaban,Major
DDInter192,Bepridil,DDInter1609,Rivaroxaban,Bepridil,Rivaroxaban,Moderate
DDInter215,Bismuth subsalicylate,DDInter1609,Rivaroxaban,Bismuth subsalicylate,Rivaroxaban,Moderate
DDInter1609,Rivaroxaban,DDInter221,Boceprevir,Boceprevir,Rivaroxaban,Major
DDInter241,Bromfenac,DDInter1609,Rivaroxaban,Bromfenac,Rivaroxaban,Major
DDInter256,Butabarbital,DDInter1609,Rivaroxaban,Butabarbital,Rivaroxaban,Moderate
DDInter257,Butalbital,DDInter1609,Rivaroxaban,Butalbital,Rivaroxaban,Moderate
DDInter1609,Rivaroxaban,DDInter291,Capsicum,Capsicum,Rivaroxaban,Minor
DDInter1609,Rivaroxaban,DDInter347,Chamomile,Chamomile,Rivaroxaban,Minor
DDInter1609,Rivaroxaban,DDInter370,Choline salicylate,Choline salicylate,Rivaroxaban,Moderate
DDInter416,Clotrimazole,DDInter1609,Rivaroxaban,Clotrimazole,Rivaroxaban,Moderate
DDInter1609,Rivaroxaban,DDInter417,Clove,Clove,Rivaroxaban,Minor
DDInter1609,Rivaroxaban,DDInter422,Coagulation factor X human,Coagulation factor X human,Rivaroxaban,Moderate
DDInter1609,Rivaroxaban,DDInter471,Danaparoid,Danaparoid,Rivaroxaban,Major
DDInter518,Dexfenfluramine,DDInter1609,Rivaroxaban,Dexfenfluramine,Rivaroxaban,Moderate
DDInter1609,Rivaroxaban,DDInter523,Dextran (-1),Dextran (-1),Rivaroxaban,Major
DDInter1609,Rivaroxaban,DDInter524,Dextran (high molecular weight),Dextran (high molecular weight),Rivaroxaban,Major
DDInter542,Dicoumarol,DDInter1609,Rivaroxaban,Dicoumarol,Rivaroxaban,Major
DDInter551,Diflunisal,DDInter1609,Rivaroxaban,Diflunisal,Rivaroxaban,Major
DDInter605,Drotrecogin alfa,DDInter1609,Rivaroxaban,Drotrecogin alfa,Rivaroxaban,Major
DDInter1609,Rivaroxaban,DDInter614,Echinacea,Echinacea,Rivaroxaban,Moderate
DDInter645,Enoxaparin,DDInter1609,Rivaroxaban,Enoxaparin,Rivaroxaban,Major
DDInter1609,Rivaroxaban,DDInter648,Entrectinib,Entrectinib,Rivaroxaban,Moderate
DDInter1609,Rivaroxaban,DDInter649,Enzalutamide,Enzalutamide,Rivaroxaban,Major
DDInter657,Epoprostenol,DDInter1609,Rivaroxaban,Epoprostenol,Rivaroxaban,Major
DDInter659,Eptifibatide,DDInter1609,Rivaroxaban,Eptifibatide,Rivaroxaban,Major
DDInter1609,Rivaroxaban,DDInter661,Erdafitinib,Erdafitinib,Rivaroxaban,Moderate
DDInter672,Escitalopram,DDInter1609,Rivaroxaban,Escitalopram,Rivaroxaban,Moderate
DDInter687,Etanercept,DDInter1609,Rivaroxaban,Etanercept,Rivaroxaban,Moderate
DDInter699,Etodolac,DDInter1609,Rivaroxaban,Etodolac,Rivaroxaban,Major
DDInter1609,Rivaroxaban,DDInter703,Etravirine,Etravirine,Rivaroxaban,Moderate
DDInter1609,Rivaroxaban,DDInter714,Fedratinib,Fedratinib,Rivaroxaban,Major
DDInter715,Felbamate,DDInter1609,Rivaroxaban,Felbamate,Rivaroxaban,Moderate
DDInter716,Felodipine,DDInter1609,Rivaroxaban,Felodipine,Rivaroxaban,Moderate
DDInter717,Fenfluramine,DDInter1609,Rivaroxaban,Fenfluramine,Rivaroxaban,Moderate
DDInter721,Fenoprofen,DDInter1609,Rivaroxaban,Fenoprofen,Rivaroxaban,Major
DDInter741,Flibanserin,DDInter1609,Rivaroxaban,Flibanserin,Rivaroxaban,Moderate
DDInter743,Fluconazole,DDInter1609,Rivaroxaban,Fluconazole,Rivaroxaban,Moderate
DDInter758,Fluoxetine,DDInter1609,Rivaroxaban,Fluoxetine,Rivaroxaban,Moderate
DDInter763,Flurbiprofen,DDInter1609,Rivaroxaban,Flurbiprofen,Rivaroxaban,Major
DDInter764,Flurbiprofen (ophthalmic),DDInter1609,Rivaroxaban,Flurbiprofen (ophthalmic),Rivaroxaban,Moderate
DDInter770,Fluvoxamine,DDInter1609,Rivaroxaban,Fluvoxamine,Rivaroxaban,Moderate
DDInter775,Fondaparinux,DDInter1609,Rivaroxaban,Fondaparinux,Rivaroxaban,Major
DDInter777,Fosamprenavir,DDInter1609,Rivaroxaban,Fosamprenavir,Rivaroxaban,Moderate
DDInter1609,Rivaroxaban,DDInter778,Fosaprepitant,Fosaprepitant,Rivaroxaban,Moderate
DDInter783,Fosphenytoin,DDInter1609,Rivaroxaban,Fosphenytoin,Rivaroxaban,Major
DDInter1609,Rivaroxaban,DDInter785,Fostamatinib,Fostamatinib,Rivaroxaban,Moderate
DDInter1609,Rivaroxaban,DDInter786,Fostemsavir,Fostemsavir,Rivaroxaban,Moderate
DDInter1609,Rivaroxaban,DDInter808,Garlic,Garlic,Rivaroxaban,Moderate
DDInter1609,Rivaroxaban,DDInter817,Gilteritinib,Gilteritinib,Rivaroxaban,Moderate
DDInter819,Ginkgo biloba,DDInter1609,Rivaroxaban,Ginkgo biloba,Rivaroxaban,Moderate
DDInter820,Ginseng,DDInter1609,Rivaroxaban,Ginseng,Rivaroxaban,Moderate
DDInter1609,Rivaroxaban,DDInter822,Glasdegib,Glasdegib,Rivaroxaban,Moderate
DDInter1609,Rivaroxaban,DDInter837,Golimumab,Golimumab,Rivaroxaban,Moderate
DDInter843,Griseofulvin,DDInter1609,Rivaroxaban,Griseofulvin,Rivaroxaban,Moderate
DDInter1609,Rivaroxaban,DDInter849,Guselkumab,Guselkumab,Rivaroxaban,Moderate
DDInter855,Hemin,DDInter1609,Rivaroxaban,Hemin,Rivaroxaban,Moderate
DDInter856,Heparin,DDInter1609,Rivaroxaban,Heparin,Rivaroxaban,Major
DDInter898,Ibritumomab tiuxetan,DDInter1609,Rivaroxaban,Ibritumomab tiuxetan,Rivaroxaban,Major
DDInter1609,Rivaroxaban,DDInter899,Ibrutinib,Ibrutinib,Rivaroxaban,Major
DDInter903,Icosapent,DDInter1609,Rivaroxaban,Icosapent,Rivaroxaban,Moderate
DDInter1609,Rivaroxaban,DDInter905,Idelalisib,Idelalisib,Rivaroxaban,Moderate
DDInter908,Iloprost,DDInter1609,Rivaroxaban,Iloprost,Rivaroxaban,Major
DDInter909,Imatinib,DDInter1609,Rivaroxaban,Imatinib,Rivaroxaban,Moderate
DDInter917,Indinavir,DDInter1609,Rivaroxaban,Indinavir,Rivaroxaban,Moderate
DDInter921,Indomethacin,DDInter1609,Rivaroxaban,Indomethacin,Rivaroxaban,Major
DDInter923,Infliximab,DDInter1609,Rivaroxaban,Infliximab,Rivaroxaban,Moderate
DDInter1839,Tositumomab (I-131),DDInter1609,Rivaroxaban,Rivaroxaban,Tositumomab (I-131),Major
DDInter1008,Ketoconazole,DDInter1609,Rivaroxaban,Ketoconazole,Rivaroxaban,Major
DDInter1037,Lepirudin,DDInter1609,Rivaroxaban,Lepirudin,Rivaroxaban,Major
DDInter1609,Rivaroxaban,DDInter1085,Lomitapide,Lomitapide,Rivaroxaban,Moderate
DDInter1609,Rivaroxaban,DDInter1087,Lonafarnib,Lonafarnib,Rivaroxaban,Major
DDInter1135,Meclofenamic acid,DDInter1609,Rivaroxaban,Meclofenamic acid,Rivaroxaban,Major
DDInter1256,Nafcillin,DDInter1609,Rivaroxaban,Nafcillin,Rivaroxaban,Moderate
DDInter1451,Phenylbutazone,DDInter1609,Rivaroxaban,Phenylbutazone,Rivaroxaban,Major
DDInter1609,Rivaroxaban,DDInter1484,Plicamycin,Plicamycin,Rivaroxaban,Major
DDInter1556,Quinidine,DDInter1609,Rivaroxaban,Quinidine,Rivaroxaban,Moderate
DDInter1613,Rofecoxib,DDInter1609,Rivaroxaban,Rivaroxaban,Rofecoxib,Moderate
DDInter1609,Rivaroxaban,DDInter1615,Rolapitant,Rivaroxaban,Rolapitant,Moderate
DDInter1609,Rivaroxaban,DDInter1626,Rucaparib,Rivaroxaban,Rucaparib,Moderate
DDInter1609,Rivaroxaban,DDInter1628,Ruxolitinib,Rivaroxaban,Ruxolitinib,Major
DDInter1637,Salsalate,DDInter1609,Rivaroxaban,Rivaroxaban,Salsalate,Moderate
DDInter1609,Rivaroxaban,DDInter1641,Sarecycline,Rivaroxaban,Sarecycline,Moderate
DDInter1609,Rivaroxaban,DDInter1643,Sarilumab,Rivaroxaban,Sarilumab,Moderate
DDInter1609,Rivaroxaban,DDInter1644,Satralizumab,Rivaroxaban,Satralizumab,Moderate
DDInter1650,Secobarbital,DDInter1609,Rivaroxaban,Rivaroxaban,Secobarbital,Moderate
DDInter1609,Rivaroxaban,DDInter1652,Secukinumab,Rivaroxaban,Secukinumab,Moderate
DDInter1609,Rivaroxaban,DDInter1658,Selpercatinib,Rivaroxaban,Selpercatinib,Moderate
DDInter1609,Rivaroxaban,DDInter1659,Selumetinib,Rivaroxaban,Selumetinib,Moderate
DDInter1662,Sertraline,DDInter1609,Rivaroxaban,Rivaroxaban,Sertraline,Moderate
DDInter1665,Sibutramine,DDInter1609,Rivaroxaban,Rivaroxaban,Sibutramine,Moderate
DDInter1609,Rivaroxaban,DDInter1668,Siltuximab,Rivaroxaban,Siltuximab,Moderate
DDInter1609,Rivaroxaban,DDInter953,Iodide I-123,Iodide I-123,Rivaroxaban,Moderate
DDInter1633,Salicylic acid (sodium),DDInter1609,Rivaroxaban,Rivaroxaban,Salicylic acid (sodium),Moderate
DDInter1609,Rivaroxaban,DDInter1698,Somapacitan,Rivaroxaban,Somapacitan,Moderate
DDInter1609,Rivaroxaban,DDInter1700,Somatrem,Rivaroxaban,Somatrem,Moderate
DDInter1699,Somatotropin,DDInter1609,Rivaroxaban,Rivaroxaban,Somatotropin,Moderate
DDInter1702,Sorafenib,DDInter1609,Rivaroxaban,Rivaroxaban,Sorafenib,Moderate
DDInter1708,St. John's Wort,DDInter1609,Rivaroxaban,Rivaroxaban,St. John's Wort,Major
DDInter1609,Rivaroxaban,DDInter1711,Stiripentol,Rivaroxaban,Stiripentol,Moderate
DDInter1712,Streptokinase,DDInter1609,Rivaroxaban,Rivaroxaban,Streptokinase,Major
DDInter1719,Sugammadex,DDInter1609,Rivaroxaban,Rivaroxaban,Sugammadex,Moderate
DDInter1726,Sulfinpyrazone,DDInter1609,Rivaroxaban,Rivaroxaban,Sulfinpyrazone,Major
DDInter1729,Sulindac,DDInter1609,Rivaroxaban,Rivaroxaban,Sulindac,Major
DDInter1731,Sunitinib,DDInter1609,Rivaroxaban,Rivaroxaban,Sunitinib,Moderate
DDInter1732,Suprofen (ophthalmic),DDInter1609,Rivaroxaban,Rivaroxaban,Suprofen (ophthalmic),Moderate
DDInter1609,Rivaroxaban,DDInter1733,Suvorexant,Rivaroxaban,Suvorexant,Moderate
DDInter1735,Tacrolimus,DDInter1609,Rivaroxaban,Rivaroxaban,Tacrolimus,Moderate
DDInter1609,Rivaroxaban,DDInter1750,Tazemetostat,Rivaroxaban,Tazemetostat,Major
DDInter1755,Telaprevir,DDInter1609,Rivaroxaban,Rivaroxaban,Telaprevir,Major
DDInter1758,Telithromycin,DDInter1609,Rivaroxaban,Rivaroxaban,Telithromycin,Major
DDInter1609,Rivaroxaban,DDInter1760,Telotristat ethyl,Rivaroxaban,Telotristat ethyl,Moderate
DDInter1609,Rivaroxaban,DDInter1763,Temsirolimus,Rivaroxaban,Temsirolimus,Major
DDInter1764,Tenecteplase,DDInter1609,Rivaroxaban,Rivaroxaban,Tenecteplase,Major
DDInter1609,Rivaroxaban,DDInter1802,Ticagrelor,Rivaroxaban,Ticagrelor,Major
DDInter1804,Ticlopidine,DDInter1609,Rivaroxaban,Rivaroxaban,Ticlopidine,Major
DDInter1609,Rivaroxaban,DDInter1812,Tinzaparin,Rivaroxaban,Tinzaparin,Major
DDInter1817,Tipranavir,DDInter1609,Rivaroxaban,Rivaroxaban,Tipranavir,Major
DDInter1818,Tirofiban,DDInter1609,Rivaroxaban,Rivaroxaban,Tirofiban,Major
DDInter1609,Rivaroxaban,DDInter1824,Tocilizumab,Rivaroxaban,Tocilizumab,Moderate
DDInter1831,Tolmetin,DDInter1609,Rivaroxaban,Rivaroxaban,Tolmetin,Major
DDInter1838,Tositumomab,DDInter1609,Rivaroxaban,Rivaroxaban,Tositumomab,Major
DDInter1852,Treprostinil,DDInter1609,Rivaroxaban,Rivaroxaban,Treprostinil,Major
DDInter1881,Troglitazone,DDInter1609,Rivaroxaban,Rivaroxaban,Troglitazone,Moderate
DDInter1609,Rivaroxaban,DDInter1882,Troleandomycin,Rivaroxaban,Troleandomycin,Moderate
DDInter1609,Rivaroxaban,DDInter1891,Tucatinib,Rivaroxaban,Tucatinib,Moderate
DDInter1609,Rivaroxaban,DDInter1892,Turmeric,Rivaroxaban,Turmeric,Minor
DDInter1609,Rivaroxaban,DDInter1897,Ulipristal,Rivaroxaban,Ulipristal,Moderate
DDInter1905,Urokinase,DDInter1609,Rivaroxaban,Rivaroxaban,Urokinase,Major
DDInter1907,Ustekinumab,DDInter1609,Rivaroxaban,Rivaroxaban,Ustekinumab,Moderate
DDInter1910,Valdecoxib,DDInter1609,Rivaroxaban,Rivaroxaban,Valdecoxib,Moderate
DDInter1609,Rivaroxaban,DDInter1925,Vemurafenib,Rivaroxaban,Vemurafenib,Moderate
DDInter1609,Rivaroxaban,DDInter1926,Venetoclax,Rivaroxaban,Venetoclax,Moderate
DDInter1927,Venlafaxine,DDInter1609,Rivaroxaban,Rivaroxaban,Venlafaxine,Moderate
DDInter1929,Verteporfin,DDInter1609,Rivaroxaban,Rivaroxaban,Verteporfin,Moderate
DDInter1609,Rivaroxaban,DDInter1935,Vilazodone,Rivaroxaban,Vilazodone,Moderate
DDInter1943,Vitamin E,DDInter1609,Rivaroxaban,Rivaroxaban,Vitamin E,Moderate
DDInter1609,Rivaroxaban,DDInter1945,Vorapaxar,Rivaroxaban,Vorapaxar,Major
DDInter1946,Voriconazole,DDInter1609,Rivaroxaban,Rivaroxaban,Voriconazole,Major
DDInter1609,Rivaroxaban,DDInter1948,Vortioxetine,Rivaroxaban,Vortioxetine,Moderate
DDInter1609,Rivaroxaban,DDInter1949,Voxelotor,Rivaroxaban,Voxelotor,Moderate
DDInter1609,Rivaroxaban,DDInter1959,Zanubrutinib,Rivaroxaban,Zanubrutinib,Major
DDInter1614,Roflumilast,DDInter785,Fostamatinib,Fostamatinib,Roflumilast,Moderate
DDInter1804,Ticlopidine,DDInter1614,Roflumilast,Roflumilast,Ticlopidine,Moderate
DDInter1615,Rolapitant,DDInter785,Fostamatinib,Fostamatinib,Rolapitant,Moderate
DDInter1802,Ticagrelor,DDInter1615,Rolapitant,Rolapitant,Ticagrelor,Moderate
DDInter542,Dicoumarol,DDInter1616,Romidepsin,Dicoumarol,Romidepsin,Moderate
DDInter1616,Romidepsin,DDInter785,Fostamatinib,Fostamatinib,Romidepsin,Moderate
DDInter1616,Romidepsin,DDInter1115,Magnesium citrate,Magnesium citrate,Romidepsin,Moderate
DDInter1620,Ropivacaine,DDInter785,Fostamatinib,Fostamatinib,Ropivacaine,Moderate
DDInter1620,Ropivacaine,DDInter1802,Ticagrelor,Ropivacaine,Ticagrelor,Minor
DDInter542,Dicoumarol,DDInter1622,Rosuvastatin,Dicoumarol,Rosuvastatin,Moderate
DDInter1622,Rosuvastatin,DDInter785,Fostamatinib,Fostamatinib,Rosuvastatin,Moderate
DDInter542,Dicoumarol,DDInter1626,Rucaparib,Dicoumarol,Rucaparib,Moderate
DDInter1656,Selexipag,DDInter1626,Rucaparib,Rucaparib,Selexipag,Moderate
DDInter1802,Ticagrelor,DDInter1626,Rucaparib,Rucaparib,Ticagrelor,Moderate
DDInter1627,Rufinamide,DDInter785,Fostamatinib,Fostamatinib,Rufinamide,Moderate
DDInter1627,Rufinamide,DDInter1802,Ticagrelor,Rufinamide,Ticagrelor,Moderate
DDInter471,Danaparoid,DDInter1628,Ruxolitinib,Danaparoid,Ruxolitinib,Major
DDInter605,Drotrecogin alfa,DDInter1628,Ruxolitinib,Drotrecogin alfa,Ruxolitinib,Major
DDInter645,Enoxaparin,DDInter1628,Ruxolitinib,Enoxaparin,Ruxolitinib,Major
DDInter775,Fondaparinux,DDInter1628,Ruxolitinib,Fondaparinux,Ruxolitinib,Major
DDInter1628,Ruxolitinib,DDInter785,Fostamatinib,Fostamatinib,Ruxolitinib,Moderate
DDInter855,Hemin,DDInter1628,Ruxolitinib,Hemin,Ruxolitinib,Moderate
DDInter1802,Ticagrelor,DDInter1628,Ruxolitinib,Ruxolitinib,Ticagrelor,Moderate
DDInter1812,Tinzaparin,DDInter1628,Ruxolitinib,Ruxolitinib,Tinzaparin,Major
DDInter785,Fostamatinib,DDInter1629,Sacituzumab govitecan,Fostamatinib,Sacituzumab govitecan,Major
DDInter653,Epinephrine (ophthalmic),DDInter1631,Safinamide,Epinephrine (ophthalmic),Safinamide,Moderate
DDInter654,Epinephrine (topical),DDInter1631,Safinamide,Epinephrine (topical),Safinamide,Moderate
DDInter657,Epoprostenol,DDInter1631,Safinamide,Epoprostenol,Safinamide,Moderate
DDInter908,Iloprost,DDInter1631,Safinamide,Iloprost,Safinamide,Moderate
DDInter1631,Safinamide,DDInter1656,Selexipag,Safinamide,Selexipag,Moderate
DDInter1852,Treprostinil,DDInter1631,Safinamide,Safinamide,Treprostinil,Moderate
DDInter653,Epinephrine (ophthalmic),DDInter1635,Salmeterol,Epinephrine (ophthalmic),Salmeterol,Moderate
DDInter654,Epinephrine (topical),DDInter1635,Salmeterol,Epinephrine (topical),Salmeterol,Moderate
DDInter1635,Salmeterol,DDInter785,Fostamatinib,Fostamatinib,Salmeterol,Moderate
DDInter99,Anistreplase,DDInter1637,Salsalate,Anistreplase,Salsalate,Moderate
DDInter117,Argatroban,DDInter1637,Salsalate,Argatroban,Salsalate,Moderate
DDInter1637,Salsalate,DDInter471,Danaparoid,Danaparoid,Salsalate,Moderate
DDInter542,Dicoumarol,DDInter1637,Salsalate,Dicoumarol,Salsalate,Moderate
DDInter605,Drotrecogin alfa,DDInter1637,Salsalate,Drotrecogin alfa,Salsalate,Moderate
DDInter645,Enoxaparin,DDInter1637,Salsalate,Enoxaparin,Salsalate,Moderate
DDInter657,Epoprostenol,DDInter1637,Salsalate,Epoprostenol,Salsalate,Moderate
DDInter659,Eptifibatide,DDInter1637,Salsalate,Eptifibatide,Salsalate,Moderate
DDInter775,Fondaparinux,DDInter1637,Salsalate,Fondaparinux,Salsalate,Moderate
DDInter856,Heparin,DDInter1637,Salsalate,Heparin,Salsalate,Moderate
DDInter908,Iloprost,DDInter1637,Salsalate,Iloprost,Salsalate,Moderate
DDInter1037,Lepirudin,DDInter1637,Salsalate,Lepirudin,Salsalate,Moderate
DDInter1637,Salsalate,DDInter1681,Sodium acetate,Salsalate,Sodium acetate,Moderate
DDInter1712,Streptokinase,DDInter1637,Salsalate,Salsalate,Streptokinase,Moderate
DDInter1764,Tenecteplase,DDInter1637,Salsalate,Salsalate,Tenecteplase,Moderate
DDInter1637,Salsalate,DDInter1802,Ticagrelor,Salsalate,Ticagrelor,Moderate
DDInter1637,Salsalate,DDInter1812,Tinzaparin,Salsalate,Tinzaparin,Moderate
DDInter1818,Tirofiban,DDInter1637,Salsalate,Salsalate,Tirofiban,Moderate
DDInter1852,Treprostinil,DDInter1637,Salsalate,Salsalate,Treprostinil,Moderate
DDInter1905,Urokinase,DDInter1637,Salsalate,Salsalate,Urokinase,Moderate
DDInter272,Calcium chloride,DDInter1641,Sarecycline,Calcium chloride,Sarecycline,Moderate
DDInter975,Iron,DDInter1641,Sarecycline,Iron,Sarecycline,Moderate
DDInter542,Dicoumarol,DDInter1641,Sarecycline,Dicoumarol,Sarecycline,Moderate
DDInter1641,Sarecycline,DDInter725,Ferrous fumarate,Ferrous fumarate,Sarecycline,Moderate
DDInter1641,Sarecycline,DDInter726,Ferrous gluconate,Ferrous gluconate,Sarecycline,Moderate
DDInter1115,Magnesium citrate,DDInter1641,Sarecycline,Magnesium citrate,Sarecycline,Moderate
DDInter1656,Selexipag,DDInter1641,Sarecycline,Sarecycline,Selexipag,Moderate
DDInter1802,Ticagrelor,DDInter1641,Sarecycline,Sarecycline,Ticagrelor,Moderate
DDInter1641,Sarecycline,DDInter1964,Zinc chloride,Sarecycline,Zinc chloride,Moderate
DDInter542,Dicoumarol,DDInter1643,Sarilumab,Dicoumarol,Sarilumab,Moderate
DDInter1643,Sarilumab,DDInter1964,Zinc chloride,Sarilumab,Zinc chloride,Minor
DDInter542,Dicoumarol,DDInter1644,Satralizumab,Dicoumarol,Satralizumab,Moderate
DDInter1964,Zinc chloride,DDInter1644,Satralizumab,Satralizumab,Zinc chloride,Minor
DDInter1647,Scopolamine,DDInter1497,Potassium chloride,Potassium chloride,Scopolamine,Major
DDInter542,Dicoumarol,DDInter1650,Secobarbital,Dicoumarol,Secobarbital,Major
DDInter1650,Secobarbital,DDInter785,Fostamatinib,Fostamatinib,Secobarbital,Moderate
DDInter1650,Secobarbital,DDInter855,Hemin,Hemin,Secobarbital,Major
DDInter1650,Secobarbital,DDInter1802,Ticagrelor,Secobarbital,Ticagrelor,Moderate
DDInter542,Dicoumarol,DDInter1652,Secukinumab,Dicoumarol,Secukinumab,Moderate
DDInter1652,Secukinumab,DDInter1964,Zinc chloride,Secukinumab,Zinc chloride,Minor
DDInter653,Epinephrine (ophthalmic),DDInter1653,Selegiline,Epinephrine (ophthalmic),Selegiline,Moderate
DDInter654,Epinephrine (topical),DDInter1653,Selegiline,Epinephrine (topical),Selegiline,Moderate
DDInter1653,Selegiline,DDInter657,Epoprostenol,Epoprostenol,Selegiline,Moderate
DDInter1653,Selegiline,DDInter908,Iloprost,Iloprost,Selegiline,Moderate
DDInter1653,Selegiline,DDInter1656,Selexipag,Selegiline,Selexipag,Moderate
DDInter1852,Treprostinil,DDInter1653,Selegiline,Selegiline,Treprostinil,Moderate
DDInter92,Amyl Nitrite,DDInter1656,Selexipag,Amyl Nitrite,Selexipag,Moderate
DDInter179,Bendroflumethiazide,DDInter1656,Selexipag,Bendroflumethiazide,Selexipag,Moderate
DDInter188,Benzthiazide,DDInter1656,Selexipag,Benzthiazide,Selexipag,Moderate
DDInter192,Bepridil,DDInter1656,Selexipag,Bepridil,Selexipag,Moderate
DDInter303,Carteolol,DDInter1656,Selexipag,Carteolol,Selexipag,Moderate
DDInter452,Cyclandelate,DDInter1656,Selexipag,Cyclandelate,Selexipag,Moderate
DDInter502,Deserpidine,DDInter1656,Selexipag,Deserpidine,Selexipag,Moderate
DDInter1656,Selexipag,DDInter648,Entrectinib,Entrectinib,Selexipag,Moderate
DDInter649,Enzalutamide,DDInter1656,Selexipag,Enzalutamide,Selexipag,Moderate
DDInter650,Ephedrine,DDInter1656,Selexipag,Ephedrine,Selexipag,Moderate
DDInter651,Ephedrine (nasal),DDInter1656,Selexipag,Ephedrine (nasal),Selexipag,Moderate
DDInter656,Eplerenone,DDInter1656,Selexipag,Eplerenone,Selexipag,Moderate
DDInter658,Eprosartan,DDInter1656,Selexipag,Eprosartan,Selexipag,Moderate
DDInter1656,Selexipag,DDInter661,Erdafitinib,Erdafitinib,Selexipag,Moderate
DDInter1656,Selexipag,DDInter669,Ertugliflozin,Ertugliflozin,Selexipag,Moderate
DDInter675,Esmolol,DDInter1656,Selexipag,Esmolol,Selexipag,Moderate
DDInter686,Etacrynic acid,DDInter1656,Selexipag,Etacrynic acid,Selexipag,Moderate
DDInter716,Felodipine,DDInter1656,Selexipag,Felodipine,Selexipag,Moderate
DDInter720,Fenoldopam,DDInter1656,Selexipag,Fenoldopam,Selexipag,Moderate
DDInter743,Fluconazole,DDInter1656,Selexipag,Fluconazole,Selexipag,Moderate
DDInter781,Fosinopril,DDInter1656,Selexipag,Fosinopril,Selexipag,Moderate
DDInter1656,Selexipag,DDInter785,Fostamatinib,Fostamatinib,Selexipag,Moderate
DDInter1656,Selexipag,DDInter786,Fostemsavir,Fostemsavir,Selexipag,Moderate
DDInter790,Furosemide,DDInter1656,Selexipag,Furosemide,Selexipag,Moderate
DDInter812,Gemfibrozil,DDInter1656,Selexipag,Gemfibrozil,Selexipag,Major
DDInter1656,Selexipag,DDInter817,Gilteritinib,Gilteritinib,Selexipag,Moderate
DDInter1656,Selexipag,DDInter822,Glasdegib,Glasdegib,Selexipag,Moderate
DDInter832,Glycerin,DDInter1656,Selexipag,Glycerin,Selexipag,Moderate
DDInter844,Guanabenz,DDInter1656,Selexipag,Guanabenz,Selexipag,Moderate
DDInter845,Guanadrel,DDInter1656,Selexipag,Guanadrel,Selexipag,Moderate
DDInter846,Guanethidine,DDInter1656,Selexipag,Guanethidine,Selexipag,Moderate
DDInter847,Guanfacine,DDInter1656,Selexipag,Guanfacine,Selexipag,Moderate
DDInter889,Hydroflumethiazide,DDInter1656,Selexipag,Hydroflumethiazide,Selexipag,Moderate
DDInter916,Indapamide,DDInter1656,Selexipag,Indapamide,Selexipag,Moderate
DDInter972,Irbesartan,DDInter1656,Selexipag,Irbesartan,Selexipag,Moderate
DDInter988,Isosorbide,DDInter1656,Selexipag,Isosorbide,Selexipag,Moderate
DDInter1087,Lonafarnib,DDInter1656,Selexipag,Lonafarnib,Selexipag,Moderate
DDInter1227,Minoxidil (topical),DDInter1656,Selexipag,Minoxidil (topical),Selexipag,Moderate
DDInter1304,Nitroglycerin,DDInter1656,Selexipag,Nitroglycerin,Selexipag,Moderate
DDInter1656,Selexipag,DDInter244,Bromotheophylline,Bromotheophylline,Selexipag,Moderate
DDInter1389,Papaverine,DDInter1656,Selexipag,Papaverine,Selexipag,Moderate
DDInter1417,Penbutolol,DDInter1656,Selexipag,Penbutolol,Selexipag,Moderate
DDInter1458,Phenylpropanolamine,DDInter1656,Selexipag,Phenylpropanolamine,Selexipag,Moderate
DDInter1490,Polythiazide,DDInter1656,Selexipag,Polythiazide,Selexipag,Moderate
DDInter1522,Probenecid,DDInter1656,Selexipag,Probenecid,Selexipag,Moderate
DDInter1582,Reserpine,DDInter1656,Selexipag,Reserpine,Selexipag,Moderate
DDInter1600,Riociguat,DDInter1656,Selexipag,Riociguat,Selexipag,Moderate
DDInter1656,Selexipag,DDInter1658,Selpercatinib,Selexipag,Selpercatinib,Moderate
DDInter1656,Selexipag,DDInter1698,Somapacitan,Selexipag,Somapacitan,Moderate
DDInter1700,Somatrem,DDInter1656,Selexipag,Selexipag,Somatrem,Moderate
DDInter1699,Somatotropin,DDInter1656,Selexipag,Selexipag,Somatotropin,Moderate
DDInter1704,Sotalol,DDInter1656,Selexipag,Selexipag,Sotalol,Moderate
DDInter1736,Tadalafil,DDInter1656,Selexipag,Selexipag,Tadalafil,Minor
DDInter1759,Telmisartan,DDInter1656,Selexipag,Selexipag,Telmisartan,Moderate
DDInter1767,Terazosin,DDInter1656,Selexipag,Selexipag,Terazosin,Moderate
DDInter1771,Teriflunomide,DDInter1656,Selexipag,Selexipag,Teriflunomide,Moderate
DDInter1809,Timolol,DDInter1656,Selexipag,Selexipag,Timolol,Moderate
DDInter1827,Tolazoline,DDInter1656,Selexipag,Selexipag,Tolazoline,Moderate
DDInter1836,Torasemide,DDInter1656,Selexipag,Selexipag,Torasemide,Moderate
DDInter1845,Tranylcypromine,DDInter1656,Selexipag,Selexipag,Tranylcypromine,Moderate
DDInter1859,Triamterene,DDInter1656,Selexipag,Selexipag,Triamterene,Moderate
DDInter1861,Trichlormethiazide,DDInter1656,Selexipag,Selexipag,Trichlormethiazide,Moderate
DDInter1872,Trimethaphan,DDInter1656,Selexipag,Selexipag,Trimethaphan,Moderate
DDInter1656,Selexipag,DDInter1891,Tucatinib,Selexipag,Tucatinib,Moderate
DDInter1925,Vemurafenib,DDInter1656,Selexipag,Selexipag,Vemurafenib,Moderate
DDInter1935,Vilazodone,DDInter1656,Selexipag,Selexipag,Vilazodone,Moderate
DDInter1115,Magnesium citrate,DDInter1658,Selpercatinib,Magnesium citrate,Selpercatinib,Moderate
DDInter1683,Sodium bicarbonate,DDInter1658,Selpercatinib,Selpercatinib,Sodium bicarbonate,Major
DDInter1802,Ticagrelor,DDInter1658,Selpercatinib,Selpercatinib,Ticagrelor,Moderate
DDInter1852,Treprostinil,DDInter1658,Selpercatinib,Selpercatinib,Treprostinil,Moderate
DDInter117,Argatroban,DDInter1659,Selumetinib,Argatroban,Selumetinib,Moderate
DDInter471,Danaparoid,DDInter1659,Selumetinib,Danaparoid,Selumetinib,Moderate
DDInter542,Dicoumarol,DDInter1659,Selumetinib,Dicoumarol,Selumetinib,Moderate
DDInter605,Drotrecogin alfa,DDInter1659,Selumetinib,Drotrecogin alfa,Selumetinib,Moderate
DDInter645,Enoxaparin,DDInter1659,Selumetinib,Enoxaparin,Selumetinib,Moderate
DDInter657,Epoprostenol,DDInter1659,Selumetinib,Epoprostenol,Selumetinib,Moderate
DDInter659,Eptifibatide,DDInter1659,Selumetinib,Eptifibatide,Selumetinib,Moderate
DDInter775,Fondaparinux,DDInter1659,Selumetinib,Fondaparinux,Selumetinib,Moderate
DDInter856,Heparin,DDInter1659,Selumetinib,Heparin,Selumetinib,Moderate
DDInter908,Iloprost,DDInter1659,Selumetinib,Iloprost,Selumetinib,Moderate
DDInter1037,Lepirudin,DDInter1659,Selumetinib,Lepirudin,Selumetinib,Moderate
DDInter1802,Ticagrelor,DDInter1659,Selumetinib,Selumetinib,Ticagrelor,Moderate
DDInter1804,Ticlopidine,DDInter1659,Selumetinib,Selumetinib,Ticlopidine,Moderate
DDInter1812,Tinzaparin,DDInter1659,Selumetinib,Selumetinib,Tinzaparin,Moderate
DDInter1818,Tirofiban,DDInter1659,Selumetinib,Selumetinib,Tirofiban,Moderate
DDInter1852,Treprostinil,DDInter1659,Selumetinib,Selumetinib,Treprostinil,Moderate
DDInter1945,Vorapaxar,DDInter1659,Selumetinib,Selumetinib,Vorapaxar,Moderate
DDInter99,Anistreplase,DDInter1662,Sertraline,Anistreplase,Sertraline,Moderate
DDInter117,Argatroban,DDInter1662,Sertraline,Argatroban,Sertraline,Moderate
DDInter1662,Sertraline,DDInter471,Danaparoid,Danaparoid,Sertraline,Moderate
DDInter542,Dicoumarol,DDInter1662,Sertraline,Dicoumarol,Sertraline,Moderate
DDInter605,Drotrecogin alfa,DDInter1662,Sertraline,Drotrecogin alfa,Sertraline,Moderate
DDInter1662,Sertraline,DDInter645,Enoxaparin,Enoxaparin,Sertraline,Moderate
DDInter1662,Sertraline,DDInter657,Epoprostenol,Epoprostenol,Sertraline,Moderate
DDInter659,Eptifibatide,DDInter1662,Sertraline,Eptifibatide,Sertraline,Moderate
DDInter775,Fondaparinux,DDInter1662,Sertraline,Fondaparinux,Sertraline,Moderate
DDInter1662,Sertraline,DDInter785,Fostamatinib,Fostamatinib,Sertraline,Moderate
DDInter1662,Sertraline,DDInter856,Heparin,Heparin,Sertraline,Moderate
DDInter908,Iloprost,DDInter1662,Sertraline,Iloprost,Sertraline,Moderate
DDInter1037,Lepirudin,DDInter1662,Sertraline,Lepirudin,Sertraline,Moderate
DDInter1662,Sertraline,DDInter1115,Magnesium citrate,Magnesium citrate,Sertraline,Moderate
DDInter1712,Streptokinase,DDInter1662,Sertraline,Sertraline,Streptokinase,Moderate
DDInter1764,Tenecteplase,DDInter1662,Sertraline,Sertraline,Tenecteplase,Moderate
DDInter1662,Sertraline,DDInter1802,Ticagrelor,Sertraline,Ticagrelor,Moderate
DDInter1804,Ticlopidine,DDInter1662,Sertraline,Sertraline,Ticlopidine,Moderate
DDInter1662,Sertraline,DDInter1812,Tinzaparin,Sertraline,Tinzaparin,Moderate
DDInter1818,Tirofiban,DDInter1662,Sertraline,Sertraline,Tirofiban,Moderate
DDInter1852,Treprostinil,DDInter1662,Sertraline,Sertraline,Treprostinil,Moderate
DDInter1662,Sertraline,DDInter1903,Urea,Sertraline,Urea,Moderate
DDInter1905,Urokinase,DDInter1662,Sertraline,Sertraline,Urokinase,Moderate
DDInter1662,Sertraline,DDInter1945,Vorapaxar,Sertraline,Vorapaxar,Moderate
DDInter1664,Sevoflurane,DDInter1115,Magnesium citrate,Magnesium citrate,Sevoflurane,Moderate
DDInter1666,Sildenafil,DDInter542,Dicoumarol,Dicoumarol,Sildenafil,Moderate
DDInter1666,Sildenafil,DDInter657,Epoprostenol,Epoprostenol,Sildenafil,Moderate
DDInter1666,Sildenafil,DDInter785,Fostamatinib,Fostamatinib,Sildenafil,Moderate
DDInter1666,Sildenafil,DDInter908,Iloprost,Iloprost,Sildenafil,Moderate
DDInter1666,Sildenafil,DDInter1802,Ticagrelor,Sildenafil,Ticagrelor,Moderate
DDInter1666,Sildenafil,DDInter1852,Treprostinil,Sildenafil,Treprostinil,Moderate
DDInter1667,Silodosin,DDInter785,Fostamatinib,Fostamatinib,Silodosin,Moderate
DDInter1667,Silodosin,DDInter1802,Ticagrelor,Silodosin,Ticagrelor,Moderate
DDInter542,Dicoumarol,DDInter1668,Siltuximab,Dicoumarol,Siltuximab,Moderate
DDInter1668,Siltuximab,DDInter1964,Zinc chloride,Siltuximab,Zinc chloride,Minor
DDInter542,Dicoumarol,DDInter1673,Simeprevir,Dicoumarol,Simeprevir,Moderate
DDInter542,Dicoumarol,DDInter1675,Simvastatin,Dicoumarol,Simvastatin,Minor
DDInter1675,Simvastatin,DDInter785,Fostamatinib,Fostamatinib,Simvastatin,Moderate
DDInter1675,Simvastatin,DDInter1802,Ticagrelor,Simvastatin,Ticagrelor,Moderate
DDInter1115,Magnesium citrate,DDInter1676,Siponimod,Magnesium citrate,Siponimod,Moderate
DDInter1802,Ticagrelor,DDInter1676,Siponimod,Siponimod,Ticagrelor,Minor
DDInter1683,Sodium bicarbonate,DDInter159,Bacampicillin,Bacampicillin,Sodium bicarbonate,Moderate
DDInter1683,Sodium bicarbonate,DDInter261,Cabotegravir,Cabotegravir,Sodium bicarbonate,Moderate
DDInter1683,Sodium bicarbonate,DDInter975,Iron,Iron,Sodium bicarbonate,Moderate
DDInter667,Erlotinib,DDInter1683,Sodium bicarbonate,Erlotinib,Sodium bicarbonate,Moderate
DDInter677,Estazolam,DDInter1683,Sodium bicarbonate,Estazolam,Sodium bicarbonate,Minor
DDInter1683,Sodium bicarbonate,DDInter726,Ferrous gluconate,Ferrous gluconate,Sodium bicarbonate,Moderate
DDInter762,Flurazepam,DDInter1683,Sodium bicarbonate,Flurazepam,Sodium bicarbonate,Minor
DDInter850,Halazepam,DDInter1683,Sodium bicarbonate,Halazepam,Sodium bicarbonate,Minor
DDInter1008,Ketoconazole,DDInter1683,Sodium bicarbonate,Ketoconazole,Sodium bicarbonate,Moderate
DDInter1683,Sodium bicarbonate,DDInter1600,Riociguat,Riociguat,Sodium bicarbonate,Moderate
DDInter1735,Tacrolimus,DDInter1683,Sodium bicarbonate,Sodium bicarbonate,Tacrolimus,Moderate
DDInter1860,Triazolam,DDInter1683,Sodium bicarbonate,Sodium bicarbonate,Triazolam,Minor
DDInter542,Dicoumarol,DDInter1695,Sofosbuvir,Dicoumarol,Sofosbuvir,Moderate
DDInter1696,Solifenacin,DDInter785,Fostamatinib,Fostamatinib,Solifenacin,Moderate
DDInter1696,Solifenacin,DDInter1115,Magnesium citrate,Magnesium citrate,Solifenacin,Moderate
DDInter1497,Potassium chloride,DDInter1696,Solifenacin,Potassium chloride,Solifenacin,Major
DDInter1696,Solifenacin,DDInter1802,Ticagrelor,Solifenacin,Ticagrelor,Moderate
DDInter653,Epinephrine (ophthalmic),DDInter1697,Solriamfetol,Epinephrine (ophthalmic),Solriamfetol,Moderate
DDInter654,Epinephrine (topical),DDInter1697,Solriamfetol,Epinephrine (topical),Solriamfetol,Moderate
DDInter1701,Sonidegib,DDInter785,Fostamatinib,Fostamatinib,Sonidegib,Moderate
DDInter1802,Ticagrelor,DDInter1701,Sonidegib,Sonidegib,Ticagrelor,Moderate
DDInter542,Dicoumarol,DDInter1702,Sorafenib,Dicoumarol,Sorafenib,Moderate
DDInter1702,Sorafenib,DDInter785,Fostamatinib,Fostamatinib,Sorafenib,Moderate
DDInter1702,Sorafenib,DDInter1115,Magnesium citrate,Magnesium citrate,Sorafenib,Moderate
DDInter1702,Sorafenib,DDInter1802,Ticagrelor,Sorafenib,Ticagrelor,Moderate
DDInter1852,Treprostinil,DDInter1702,Sorafenib,Sorafenib,Treprostinil,Moderate
DDInter1704,Sotalol,DDInter654,Epinephrine (topical),Epinephrine (topical),Sotalol,Moderate
DDInter1704,Sotalol,DDInter657,Epoprostenol,Epoprostenol,Sotalol,Moderate
DDInter1704,Sotalol,DDInter908,Iloprost,Iloprost,Sotalol,Moderate
DDInter1704,Sotalol,DDInter1115,Magnesium citrate,Magnesium citrate,Sotalol,Moderate
DDInter1704,Sotalol,DDInter1802,Ticagrelor,Sotalol,Ticagrelor,Minor
DDInter1852,Treprostinil,DDInter1704,Sotalol,Sotalol,Treprostinil,Moderate
DDInter1711,Stiripentol,DDInter785,Fostamatinib,Fostamatinib,Stiripentol,Moderate
DDInter1802,Ticagrelor,DDInter1711,Stiripentol,Stiripentol,Ticagrelor,Moderate
DDInter1804,Ticlopidine,DDInter1711,Stiripentol,Stiripentol,Ticlopidine,Moderate
DDInter272,Calcium chloride,DDInter1715,Strontium chloride Sr-89,Calcium chloride,Strontium chloride Sr-89,Moderate
DDInter542,Dicoumarol,DDInter1717,Sucralfate,Dicoumarol,Sucralfate,Moderate
DDInter117,Argatroban,DDInter1719,Sugammadex,Argatroban,Sugammadex,Moderate
DDInter1719,Sugammadex,DDInter471,Danaparoid,Danaparoid,Sugammadex,Moderate
DDInter542,Dicoumarol,DDInter1719,Sugammadex,Dicoumarol,Sugammadex,Moderate
DDInter645,Enoxaparin,DDInter1719,Sugammadex,Enoxaparin,Sugammadex,Moderate
DDInter775,Fondaparinux,DDInter1719,Sugammadex,Fondaparinux,Sugammadex,Moderate
DDInter856,Heparin,DDInter1719,Sugammadex,Heparin,Sugammadex,Moderate
DDInter1037,Lepirudin,DDInter1719,Sugammadex,Lepirudin,Sugammadex,Moderate
DDInter1719,Sugammadex,DDInter1812,Tinzaparin,Sugammadex,Tinzaparin,Moderate
DDInter542,Dicoumarol,DDInter1725,Sulfasalazine,Dicoumarol,Sulfasalazine,Major
DDInter99,Anistreplase,DDInter1729,Sulindac,Anistreplase,Sulindac,Moderate
DDInter117,Argatroban,DDInter1729,Sulindac,Argatroban,Sulindac,Moderate
DDInter1729,Sulindac,DDInter471,Danaparoid,Danaparoid,Sulindac,Major
DDInter542,Dicoumarol,DDInter1729,Sulindac,Dicoumarol,Sulindac,Major
DDInter605,Drotrecogin alfa,DDInter1729,Sulindac,Drotrecogin alfa,Sulindac,Major
DDInter1729,Sulindac,DDInter645,Enoxaparin,Enoxaparin,Sulindac,Major
DDInter1729,Sulindac,DDInter657,Epoprostenol,Epoprostenol,Sulindac,Moderate
DDInter659,Eptifibatide,DDInter1729,Sulindac,Eptifibatide,Sulindac,Moderate
DDInter775,Fondaparinux,DDInter1729,Sulindac,Fondaparinux,Sulindac,Major
DDInter1729,Sulindac,DDInter856,Heparin,Heparin,Sulindac,Moderate
DDInter1729,Sulindac,DDInter908,Iloprost,Iloprost,Sulindac,Moderate
DDInter1037,Lepirudin,DDInter1729,Sulindac,Lepirudin,Sulindac,Moderate
DDInter1729,Sulindac,DDInter1497,Potassium chloride,Potassium chloride,Sulindac,Moderate
DDInter1712,Streptokinase,DDInter1729,Sulindac,Streptokinase,Sulindac,Moderate
DDInter1764,Tenecteplase,DDInter1729,Sulindac,Sulindac,Tenecteplase,Moderate
DDInter1729,Sulindac,DDInter1802,Ticagrelor,Sulindac,Ticagrelor,Moderate
DDInter1804,Ticlopidine,DDInter1729,Sulindac,Sulindac,Ticlopidine,Moderate
DDInter1729,Sulindac,DDInter1812,Tinzaparin,Sulindac,Tinzaparin,Major
DDInter1729,Sulindac,DDInter1818,Tirofiban,Sulindac,Tirofiban,Moderate
DDInter1852,Treprostinil,DDInter1729,Sulindac,Sulindac,Treprostinil,Moderate
DDInter1905,Urokinase,DDInter1729,Sulindac,Sulindac,Urokinase,Moderate
DDInter1729,Sulindac,DDInter1945,Vorapaxar,Sulindac,Vorapaxar,Major
DDInter117,Argatroban,DDInter1731,Sunitinib,Argatroban,Sunitinib,Moderate
DDInter1731,Sunitinib,DDInter471,Danaparoid,Danaparoid,Sunitinib,Moderate
DDInter542,Dicoumarol,DDInter1731,Sunitinib,Dicoumarol,Sunitinib,Moderate
DDInter645,Enoxaparin,DDInter1731,Sunitinib,Enoxaparin,Sunitinib,Moderate
DDInter1731,Sunitinib,DDInter785,Fostamatinib,Fostamatinib,Sunitinib,Moderate
DDInter856,Heparin,DDInter1731,Sunitinib,Heparin,Sunitinib,Moderate
DDInter1037,Lepirudin,DDInter1731,Sunitinib,Lepirudin,Sunitinib,Moderate
DDInter1731,Sunitinib,DDInter1115,Magnesium citrate,Magnesium citrate,Sunitinib,Moderate
DDInter1731,Sunitinib,DDInter1812,Tinzaparin,Sunitinib,Tinzaparin,Moderate
DDInter1733,Suvorexant,DDInter785,Fostamatinib,Fostamatinib,Suvorexant,Moderate
DDInter1802,Ticagrelor,DDInter1733,Suvorexant,Suvorexant,Ticagrelor,Moderate
DDInter1735,Tacrolimus,DDInter785,Fostamatinib,Fostamatinib,Tacrolimus,Moderate
DDInter1735,Tacrolimus,DDInter1802,Ticagrelor,Tacrolimus,Ticagrelor,Moderate
DDInter1735,Tacrolimus,DDInter1964,Zinc chloride,Tacrolimus,Zinc chloride,Minor
DDInter1736,Tadalafil,DDInter657,Epoprostenol,Epoprostenol,Tadalafil,Minor
DDInter1736,Tadalafil,DDInter785,Fostamatinib,Fostamatinib,Tadalafil,Moderate
DDInter1736,Tadalafil,DDInter908,Iloprost,Iloprost,Tadalafil,Minor
DDInter1852,Treprostinil,DDInter1736,Tadalafil,Tadalafil,Treprostinil,Minor
DDInter1742,Talazoparib,DDInter785,Fostamatinib,Fostamatinib,Talazoparib,Moderate
DDInter1802,Ticagrelor,DDInter1742,Talazoparib,Talazoparib,Ticagrelor,Moderate
DDInter653,Epinephrine (ophthalmic),DDInter1746,Tapentadol,Epinephrine (ophthalmic),Tapentadol,Moderate
DDInter654,Epinephrine (topical),DDInter1746,Tapentadol,Epinephrine (topical),Tapentadol,Moderate
DDInter1746,Tapentadol,DDInter1802,Ticagrelor,Tapentadol,Ticagrelor,Moderate
DDInter1767,Terazosin,DDInter657,Epoprostenol,Epoprostenol,Terazosin,Moderate
DDInter908,Iloprost,DDInter1767,Terazosin,Iloprost,Terazosin,Moderate
DDInter1852,Treprostinil,DDInter1767,Terazosin,Terazosin,Treprostinil,Moderate
DDInter1747,Tasimelteon,DDInter785,Fostamatinib,Fostamatinib,Tasimelteon,Moderate
DDInter1804,Ticlopidine,DDInter1747,Tasimelteon,Tasimelteon,Ticlopidine,Moderate
DDInter855,Hemin,DDInter1750,Tazemetostat,Hemin,Tazemetostat,Moderate
DDInter1802,Ticagrelor,DDInter1750,Tazemetostat,Tazemetostat,Ticagrelor,Moderate
DDInter1945,Vorapaxar,DDInter1750,Tazemetostat,Tazemetostat,Vorapaxar,Major
DDInter856,Heparin,DDInter1756,Telavancin,Heparin,Telavancin,Major
DDInter1756,Telavancin,DDInter1115,Magnesium citrate,Magnesium citrate,Telavancin,Moderate
DDInter542,Dicoumarol,DDInter1758,Telithromycin,Dicoumarol,Telithromycin,Moderate
DDInter1758,Telithromycin,DDInter785,Fostamatinib,Fostamatinib,Telithromycin,Major
DDInter1758,Telithromycin,DDInter1115,Magnesium citrate,Magnesium citrate,Telithromycin,Moderate
DDInter1758,Telithromycin,DDInter1802,Ticagrelor,Telithromycin,Ticagrelor,Major
DDInter1758,Telithromycin,DDInter1945,Vorapaxar,Telithromycin,Vorapaxar,Major
DDInter1759,Telmisartan,DDInter657,Epoprostenol,Epoprostenol,Telmisartan,Moderate
DDInter1759,Telmisartan,DDInter908,Iloprost,Iloprost,Telmisartan,Moderate
DDInter1852,Treprostinil,DDInter1759,Telmisartan,Telmisartan,Treprostinil,Moderate
DDInter785,Fostamatinib,DDInter1760,Telotristat ethyl,Fostamatinib,Telotristat ethyl,Moderate
DDInter1802,Ticagrelor,DDInter1760,Telotristat ethyl,Telotristat ethyl,Ticagrelor,Moderate
DDInter1945,Vorapaxar,DDInter1760,Telotristat ethyl,Telotristat ethyl,Vorapaxar,Moderate
DDInter117,Argatroban,DDInter1763,Temsirolimus,Argatroban,Temsirolimus,Major
DDInter1763,Temsirolimus,DDInter471,Danaparoid,Danaparoid,Temsirolimus,Major
DDInter542,Dicoumarol,DDInter1763,Temsirolimus,Dicoumarol,Temsirolimus,Major
DDInter605,Drotrecogin alfa,DDInter1763,Temsirolimus,Drotrecogin alfa,Temsirolimus,Major
DDInter645,Enoxaparin,DDInter1763,Temsirolimus,Enoxaparin,Temsirolimus,Major
DDInter775,Fondaparinux,DDInter1763,Temsirolimus,Fondaparinux,Temsirolimus,Major
DDInter1763,Temsirolimus,DDInter785,Fostamatinib,Fostamatinib,Temsirolimus,Moderate
DDInter856,Heparin,DDInter1763,Temsirolimus,Heparin,Temsirolimus,Major
DDInter1037,Lepirudin,DDInter1763,Temsirolimus,Lepirudin,Temsirolimus,Major
DDInter1763,Temsirolimus,DDInter1812,Tinzaparin,Temsirolimus,Tinzaparin,Major
DDInter1763,Temsirolimus,DDInter1964,Zinc chloride,Temsirolimus,Zinc chloride,Minor
DDInter1764,Tenecteplase,DDInter98,Anisindione,Anisindione,Tenecteplase,Major
DDInter1764,Tenecteplase,DDInter113,Aprotinin,Aprotinin,Tenecteplase,Moderate
DDInter1764,Tenecteplase,DDInter115,Ardeparin,Ardeparin,Tenecteplase,Major
DDInter1764,Tenecteplase,DDInter117,Argatroban,Argatroban,Tenecteplase,Major
DDInter1764,Tenecteplase,DDInter241,Bromfenac,Bromfenac,Tenecteplase,Moderate
DDInter1764,Tenecteplase,DDInter291,Capsicum,Capsicum,Tenecteplase,Minor
DDInter1764,Tenecteplase,DDInter347,Chamomile,Chamomile,Tenecteplase,Minor
DDInter1764,Tenecteplase,DDInter370,Choline salicylate,Choline salicylate,Tenecteplase,Moderate
DDInter1764,Tenecteplase,DDInter417,Clove,Clove,Tenecteplase,Minor
DDInter1764,Tenecteplase,DDInter471,Danaparoid,Danaparoid,Tenecteplase,Major
DDInter1764,Tenecteplase,DDInter518,Dexfenfluramine,Dexfenfluramine,Tenecteplase,Moderate
DDInter1764,Tenecteplase,DDInter542,Dicoumarol,Dicoumarol,Tenecteplase,Major
DDInter1764,Tenecteplase,DDInter551,Diflunisal,Diflunisal,Tenecteplase,Moderate
DDInter1764,Tenecteplase,DDInter605,Drotrecogin alfa,Drotrecogin alfa,Tenecteplase,Major
DDInter1764,Tenecteplase,DDInter645,Enoxaparin,Enoxaparin,Tenecteplase,Major
DDInter1764,Tenecteplase,DDInter657,Epoprostenol,Epoprostenol,Tenecteplase,Moderate
DDInter1764,Tenecteplase,DDInter659,Eptifibatide,Eptifibatide,Tenecteplase,Major
DDInter1764,Tenecteplase,DDInter672,Escitalopram,Escitalopram,Tenecteplase,Moderate
DDInter1764,Tenecteplase,DDInter699,Etodolac,Etodolac,Tenecteplase,Moderate
DDInter1764,Tenecteplase,DDInter717,Fenfluramine,Fenfluramine,Tenecteplase,Moderate
DDInter1764,Tenecteplase,DDInter721,Fenoprofen,Fenoprofen,Tenecteplase,Moderate
DDInter1764,Tenecteplase,DDInter758,Fluoxetine,Fluoxetine,Tenecteplase,Moderate
DDInter1764,Tenecteplase,DDInter763,Flurbiprofen,Flurbiprofen,Tenecteplase,Moderate
DDInter1764,Tenecteplase,DDInter764,Flurbiprofen (ophthalmic),Flurbiprofen (ophthalmic),Tenecteplase,Moderate
DDInter1764,Tenecteplase,DDInter770,Fluvoxamine,Fluvoxamine,Tenecteplase,Moderate
DDInter1764,Tenecteplase,DDInter775,Fondaparinux,Fondaparinux,Tenecteplase,Major
DDInter1764,Tenecteplase,DDInter781,Fosinopril,Fosinopril,Tenecteplase,Moderate
DDInter1764,Tenecteplase,DDInter808,Garlic,Garlic,Tenecteplase,Moderate
DDInter1764,Tenecteplase,DDInter819,Ginkgo biloba,Ginkgo biloba,Tenecteplase,Moderate
DDInter1764,Tenecteplase,DDInter820,Ginseng,Ginseng,Tenecteplase,Moderate
DDInter1764,Tenecteplase,DDInter855,Hemin,Hemin,Tenecteplase,Moderate
DDInter1764,Tenecteplase,DDInter856,Heparin,Heparin,Tenecteplase,Major
DDInter1764,Tenecteplase,DDInter898,Ibritumomab tiuxetan,Ibritumomab tiuxetan,Tenecteplase,Major
DDInter1764,Tenecteplase,DDInter899,Ibrutinib,Ibrutinib,Tenecteplase,Major
DDInter1764,Tenecteplase,DDInter903,Icosapent,Icosapent,Tenecteplase,Moderate
DDInter1764,Tenecteplase,DDInter908,Iloprost,Iloprost,Tenecteplase,Moderate
DDInter1764,Tenecteplase,DDInter921,Indomethacin,Indomethacin,Tenecteplase,Moderate
DDInter1764,Tenecteplase,DDInter1839,Tositumomab (I-131),Tenecteplase,Tositumomab (I-131),Major
DDInter1037,Lepirudin,DDInter1764,Tenecteplase,Lepirudin,Tenecteplase,Major
DDInter1764,Tenecteplase,DDInter1135,Meclofenamic acid,Meclofenamic acid,Tenecteplase,Moderate
DDInter1764,Tenecteplase,DDInter1451,Phenylbutazone,Phenylbutazone,Tenecteplase,Moderate
DDInter1764,Tenecteplase,DDInter1613,Rofecoxib,Rofecoxib,Tenecteplase,Moderate
DDInter1764,Tenecteplase,DDInter1665,Sibutramine,Sibutramine,Tenecteplase,Moderate
DDInter1764,Tenecteplase,DDInter1633,Salicylic acid (sodium),Salicylic acid (sodium),Tenecteplase,Moderate
DDInter1764,Tenecteplase,DDInter1726,Sulfinpyrazone,Sulfinpyrazone,Tenecteplase,Moderate
DDInter1764,Tenecteplase,DDInter1732,Suprofen (ophthalmic),Suprofen (ophthalmic),Tenecteplase,Moderate
DDInter1764,Tenecteplase,DDInter1802,Ticagrelor,Tenecteplase,Ticagrelor,Moderate
DDInter1764,Tenecteplase,DDInter1804,Ticlopidine,Tenecteplase,Ticlopidine,Moderate
DDInter1764,Tenecteplase,DDInter1812,Tinzaparin,Tenecteplase,Tinzaparin,Major
DDInter1764,Tenecteplase,DDInter1817,Tipranavir,Tenecteplase,Tipranavir,Major
DDInter1764,Tenecteplase,DDInter1818,Tirofiban,Tenecteplase,Tirofiban,Major
DDInter1764,Tenecteplase,DDInter1831,Tolmetin,Tenecteplase,Tolmetin,Moderate
DDInter1764,Tenecteplase,DDInter1838,Tositumomab,Tenecteplase,Tositumomab,Major
DDInter1764,Tenecteplase,DDInter1852,Treprostinil,Tenecteplase,Treprostinil,Moderate
DDInter1764,Tenecteplase,DDInter1892,Turmeric,Tenecteplase,Turmeric,Minor
DDInter1764,Tenecteplase,DDInter1910,Valdecoxib,Tenecteplase,Valdecoxib,Moderate
DDInter1764,Tenecteplase,DDInter1927,Venlafaxine,Tenecteplase,Venlafaxine,Moderate
DDInter1764,Tenecteplase,DDInter1935,Vilazodone,Tenecteplase,Vilazodone,Moderate
DDInter1764,Tenecteplase,DDInter1945,Vorapaxar,Tenecteplase,Vorapaxar,Major
DDInter1764,Tenecteplase,DDInter1948,Vortioxetine,Tenecteplase,Vortioxetine,Moderate
DDInter1764,Tenecteplase,DDInter1959,Zanubrutinib,Tenecteplase,Zanubrutinib,Major
DDInter1765,Teniposide,DDInter785,Fostamatinib,Fostamatinib,Teniposide,Moderate
DDInter542,Dicoumarol,DDInter1768,Terbinafine,Dicoumarol,Terbinafine,Moderate
DDInter1768,Terbinafine,DDInter785,Fostamatinib,Fostamatinib,Terbinafine,Moderate
DDInter542,Dicoumarol,DDInter1771,Teriflunomide,Dicoumarol,Teriflunomide,Moderate
DDInter1771,Teriflunomide,DDInter785,Fostamatinib,Fostamatinib,Teriflunomide,Major
DDInter1852,Treprostinil,DDInter1771,Teriflunomide,Teriflunomide,Treprostinil,Moderate
DDInter1771,Teriflunomide,DDInter1964,Zinc chloride,Teriflunomide,Zinc chloride,Minor
DDInter1778,Tetrabenazine,DDInter1115,Magnesium citrate,Magnesium citrate,Tetrabenazine,Moderate
DDInter671,Erythropoietin,DDInter1789,Thalidomide,Erythropoietin,Thalidomide,Major
DDInter1789,Thalidomide,DDInter1406,Peginesatide,Peginesatide,Thalidomide,Major
DDInter1814,Tioguanine,DDInter785,Fostamatinib,Fostamatinib,Tioguanine,Moderate
DDInter1814,Tioguanine,DDInter1723,Sulfamethizole,Sulfamethizole,Tioguanine,Moderate
DDInter1797,Thiotepa,DDInter785,Fostamatinib,Fostamatinib,Thiotepa,Moderate
DDInter1497,Potassium chloride,DDInter1798,Thiothixene,Potassium chloride,Thiothixene,Major
DDInter1801,Tiagabine,DDInter785,Fostamatinib,Fostamatinib,Tiagabine,Moderate
DDInter71,Aminoglutethimide,DDInter1802,Ticagrelor,Aminoglutethimide,Ticagrelor,Moderate
DDInter90,Amprenavir,DDInter1802,Ticagrelor,Amprenavir,Ticagrelor,Moderate
DDInter98,Anisindione,DDInter1802,Ticagrelor,Anisindione,Ticagrelor,Moderate
DDInter99,Anistreplase,DDInter1802,Ticagrelor,Anistreplase,Ticagrelor,Moderate
DDInter115,Ardeparin,DDInter1802,Ticagrelor,Ardeparin,Ticagrelor,Major
DDInter117,Argatroban,DDInter1802,Ticagrelor,Argatroban,Ticagrelor,Moderate
DDInter128,Astemizole,DDInter1802,Ticagrelor,Astemizole,Ticagrelor,Moderate
DDInter192,Bepridil,DDInter1802,Ticagrelor,Bepridil,Ticagrelor,Moderate
DDInter1802,Ticagrelor,DDInter193,Berotralstat,Berotralstat,Ticagrelor,Moderate
DDInter215,Bismuth subsalicylate,DDInter1802,Ticagrelor,Bismuth subsalicylate,Ticagrelor,Moderate
DDInter1802,Ticagrelor,DDInter221,Boceprevir,Boceprevir,Ticagrelor,Major
DDInter241,Bromfenac,DDInter1802,Ticagrelor,Bromfenac,Ticagrelor,Moderate
DDInter256,Butabarbital,DDInter1802,Ticagrelor,Butabarbital,Ticagrelor,Moderate
DDInter257,Butalbital,DDInter1802,Ticagrelor,Butalbital,Ticagrelor,Moderate
DDInter1802,Ticagrelor,DDInter291,Capsicum,Capsicum,Ticagrelor,Minor
DDInter303,Carteolol,DDInter1802,Ticagrelor,Carteolol,Ticagrelor,Minor
DDInter341,Cerivastatin,DDInter1802,Ticagrelor,Cerivastatin,Ticagrelor,Moderate
DDInter1802,Ticagrelor,DDInter347,Chamomile,Chamomile,Ticagrelor,Minor
DDInter385,Cisapride,DDInter1802,Ticagrelor,Cisapride,Ticagrelor,Moderate
DDInter416,Clotrimazole,DDInter1802,Ticagrelor,Clotrimazole,Ticagrelor,Moderate
DDInter1802,Ticagrelor,DDInter417,Clove,Clove,Ticagrelor,Minor
DDInter421,Coagulation factor VIIa Recombinant Human,DDInter1802,Ticagrelor,Coagulation factor VIIa Recombinant Human,Ticagrelor,Minor
DDInter1802,Ticagrelor,DDInter441,Copanlisib,Copanlisib,Ticagrelor,Moderate
DDInter471,Danaparoid,DDInter1802,Ticagrelor,Danaparoid,Ticagrelor,Major
DDInter518,Dexfenfluramine,DDInter1802,Ticagrelor,Dexfenfluramine,Ticagrelor,Moderate
DDInter531,Dezocine,DDInter1802,Ticagrelor,Dezocine,Ticagrelor,Moderate
DDInter542,Dicoumarol,DDInter1802,Ticagrelor,Dicoumarol,Ticagrelor,Moderate
DDInter551,Diflunisal,DDInter1802,Ticagrelor,Diflunisal,Ticagrelor,Moderate
DDInter605,Drotrecogin alfa,DDInter1802,Ticagrelor,Drotrecogin alfa,Ticagrelor,Major
DDInter1802,Ticagrelor,DDInter614,Echinacea,Echinacea,Ticagrelor,Moderate
DDInter645,Enoxaparin,DDInter1802,Ticagrelor,Enoxaparin,Ticagrelor,Major
DDInter1802,Ticagrelor,DDInter648,Entrectinib,Entrectinib,Ticagrelor,Moderate
DDInter1802,Ticagrelor,DDInter649,Enzalutamide,Enzalutamide,Ticagrelor,Major
DDInter657,Epoprostenol,DDInter1802,Ticagrelor,Epoprostenol,Ticagrelor,Moderate
DDInter659,Eptifibatide,DDInter1802,Ticagrelor,Eptifibatide,Ticagrelor,Moderate
DDInter1802,Ticagrelor,DDInter661,Erdafitinib,Erdafitinib,Ticagrelor,Moderate
DDInter664,Ergometrine,DDInter1802,Ticagrelor,Ergometrine,Ticagrelor,Moderate
DDInter665,Ergotamine,DDInter1802,Ticagrelor,Ergotamine,Ticagrelor,Moderate
DDInter672,Escitalopram,DDInter1802,Ticagrelor,Escitalopram,Ticagrelor,Moderate
DDInter1802,Ticagrelor,DDInter674,Eslicarbazepine,Eslicarbazepine,Ticagrelor,Moderate
DDInter675,Esmolol,DDInter1802,Ticagrelor,Esmolol,Ticagrelor,Minor
DDInter699,Etodolac,DDInter1802,Ticagrelor,Etodolac,Ticagrelor,Moderate
DDInter703,Etravirine,DDInter1802,Ticagrelor,Etravirine,Ticagrelor,Moderate
DDInter704,Everolimus,DDInter1802,Ticagrelor,Everolimus,Ticagrelor,Moderate
DDInter1802,Ticagrelor,DDInter714,Fedratinib,Fedratinib,Ticagrelor,Moderate
DDInter715,Felbamate,DDInter1802,Ticagrelor,Felbamate,Ticagrelor,Moderate
DDInter716,Felodipine,DDInter1802,Ticagrelor,Felodipine,Ticagrelor,Minor
DDInter717,Fenfluramine,DDInter1802,Ticagrelor,Fenfluramine,Ticagrelor,Moderate
DDInter721,Fenoprofen,DDInter1802,Ticagrelor,Fenoprofen,Ticagrelor,Moderate
DDInter1802,Ticagrelor,DDInter734,Fidaxomicin,Fidaxomicin,Ticagrelor,Minor
DDInter1802,Ticagrelor,DDInter737,Fingolimod,Fingolimod,Ticagrelor,Minor
DDInter741,Flibanserin,DDInter1802,Ticagrelor,Flibanserin,Ticagrelor,Moderate
DDInter743,Fluconazole,DDInter1802,Ticagrelor,Fluconazole,Ticagrelor,Moderate
DDInter758,Fluoxetine,DDInter1802,Ticagrelor,Fluoxetine,Ticagrelor,Moderate
DDInter763,Flurbiprofen,DDInter1802,Ticagrelor,Flurbiprofen,Ticagrelor,Moderate
DDInter764,Flurbiprofen (ophthalmic),DDInter1802,Ticagrelor,Flurbiprofen (ophthalmic),Ticagrelor,Moderate
DDInter770,Fluvoxamine,DDInter1802,Ticagrelor,Fluvoxamine,Ticagrelor,Moderate
DDInter775,Fondaparinux,DDInter1802,Ticagrelor,Fondaparinux,Ticagrelor,Major
DDInter777,Fosamprenavir,DDInter1802,Ticagrelor,Fosamprenavir,Ticagrelor,Moderate
DDInter778,Fosaprepitant,DDInter1802,Ticagrelor,Fosaprepitant,Ticagrelor,Moderate
DDInter783,Fosphenytoin,DDInter1802,Ticagrelor,Fosphenytoin,Ticagrelor,Major
DDInter1802,Ticagrelor,DDInter785,Fostamatinib,Fostamatinib,Ticagrelor,Moderate
DDInter1802,Ticagrelor,DDInter808,Garlic,Garlic,Ticagrelor,Moderate
DDInter1802,Ticagrelor,DDInter817,Gilteritinib,Gilteritinib,Ticagrelor,Moderate
DDInter819,Ginkgo biloba,DDInter1802,Ticagrelor,Ginkgo biloba,Ticagrelor,Moderate
DDInter820,Ginseng,DDInter1802,Ticagrelor,Ginseng,Ticagrelor,Moderate
DDInter1802,Ticagrelor,DDInter822,Glasdegib,Glasdegib,Ticagrelor,Moderate
DDInter843,Griseofulvin,DDInter1802,Ticagrelor,Griseofulvin,Ticagrelor,Moderate
DDInter847,Guanfacine,DDInter1802,Ticagrelor,Guanfacine,Ticagrelor,Moderate
DDInter855,Hemin,DDInter1802,Ticagrelor,Hemin,Ticagrelor,Moderate
DDInter856,Heparin,DDInter1802,Ticagrelor,Heparin,Ticagrelor,Moderate
DDInter890,Hydromorphone,DDInter1802,Ticagrelor,Hydromorphone,Ticagrelor,Moderate
DDInter898,Ibritumomab tiuxetan,DDInter1802,Ticagrelor,Ibritumomab tiuxetan,Ticagrelor,Moderate
DDInter1802,Ticagrelor,DDInter899,Ibrutinib,Ibrutinib,Ticagrelor,Major
DDInter903,Icosapent,DDInter1802,Ticagrelor,Icosapent,Ticagrelor,Moderate
DDInter1802,Ticagrelor,DDInter905,Idelalisib,Idelalisib,Ticagrelor,Major
DDInter908,Iloprost,DDInter1802,Ticagrelor,Iloprost,Ticagrelor,Moderate
DDInter909,Imatinib,DDInter1802,Ticagrelor,Imatinib,Ticagrelor,Moderate
DDInter917,Indinavir,DDInter1802,Ticagrelor,Indinavir,Ticagrelor,Major
DDInter921,Indomethacin,DDInter1802,Ticagrelor,Indomethacin,Ticagrelor,Moderate
DDInter1839,Tositumomab (I-131),DDInter1802,Ticagrelor,Ticagrelor,Tositumomab (I-131),Moderate
DDInter974,Irinotecan (liposomal),DDInter1802,Ticagrelor,Irinotecan (liposomal),Ticagrelor,Moderate
DDInter1008,Ketoconazole,DDInter1802,Ticagrelor,Ketoconazole,Ticagrelor,Major
DDInter1037,Lepirudin,DDInter1802,Ticagrelor,Lepirudin,Ticagrelor,Moderate
DDInter1802,Ticagrelor,DDInter1048,Levobetaxolol (ophthalmic),Levobetaxolol (ophthalmic),Ticagrelor,Minor
DDInter1043,Levacetylmethadol,DDInter1802,Ticagrelor,Levacetylmethadol,Ticagrelor,Moderate
DDInter1802,Ticagrelor,DDInter1085,Lomitapide,Lomitapide,Ticagrelor,Moderate
DDInter1087,Lonafarnib,DDInter1802,Ticagrelor,Lonafarnib,Ticagrelor,Major
DDInter1135,Meclofenamic acid,DDInter1802,Ticagrelor,Meclofenamic acid,Ticagrelor,Moderate
DDInter1194,Methysergide,DDInter1802,Ticagrelor,Methysergide,Ticagrelor,Moderate
DDInter1256,Nafcillin,DDInter1802,Ticagrelor,Nafcillin,Ticagrelor,Moderate
DDInter1802,Ticagrelor,DDInter1344,Opium,Opium,Ticagrelor,Moderate
DDInter1417,Penbutolol,DDInter1802,Ticagrelor,Penbutolol,Ticagrelor,Minor
DDInter1451,Phenylbutazone,DDInter1802,Ticagrelor,Phenylbutazone,Ticagrelor,Moderate
DDInter1484,Plicamycin,DDInter1802,Ticagrelor,Plicamycin,Ticagrelor,Moderate
DDInter1802,Ticagrelor,DDInter1485,Polatuzumab vedotin,Polatuzumab vedotin,Ticagrelor,Moderate
DDInter1556,Quinidine,DDInter1802,Ticagrelor,Quinidine,Ticagrelor,Moderate
DDInter1802,Ticagrelor,DDInter1577,Relugolix,Relugolix,Ticagrelor,Major
DDInter1613,Rofecoxib,DDInter1802,Ticagrelor,Rofecoxib,Ticagrelor,Moderate
DDInter1665,Sibutramine,DDInter1802,Ticagrelor,Sibutramine,Ticagrelor,Moderate
DDInter1633,Salicylic acid (sodium),DDInter1802,Ticagrelor,Salicylic acid (sodium),Ticagrelor,Moderate
DDInter1802,Ticagrelor,DDInter1698,Somapacitan,Somapacitan,Ticagrelor,Moderate
DDInter1802,Ticagrelor,DDInter1700,Somatrem,Somatrem,Ticagrelor,Moderate
DDInter1699,Somatotropin,DDInter1802,Ticagrelor,Somatotropin,Ticagrelor,Moderate
DDInter1708,St. John's Wort,DDInter1802,Ticagrelor,St. John's Wort,Ticagrelor,Major
DDInter1712,Streptokinase,DDInter1802,Ticagrelor,Streptokinase,Ticagrelor,Moderate
DDInter1726,Sulfinpyrazone,DDInter1802,Ticagrelor,Sulfinpyrazone,Ticagrelor,Moderate
DDInter1732,Suprofen (ophthalmic),DDInter1802,Ticagrelor,Suprofen (ophthalmic),Ticagrelor,Moderate
DDInter1755,Telaprevir,DDInter1802,Ticagrelor,Telaprevir,Ticagrelor,Major
DDInter1770,Terfenadine,DDInter1802,Ticagrelor,Terfenadine,Ticagrelor,Moderate
DDInter1804,Ticlopidine,DDInter1802,Ticagrelor,Ticagrelor,Ticlopidine,Moderate
DDInter1809,Timolol,DDInter1802,Ticagrelor,Ticagrelor,Timolol,Minor
DDInter1812,Tinzaparin,DDInter1802,Ticagrelor,Ticagrelor,Tinzaparin,Major
DDInter1817,Tipranavir,DDInter1802,Ticagrelor,Ticagrelor,Tipranavir,Major
DDInter1818,Tirofiban,DDInter1802,Ticagrelor,Ticagrelor,Tirofiban,Moderate
DDInter1831,Tolmetin,DDInter1802,Ticagrelor,Ticagrelor,Tolmetin,Moderate
DDInter1838,Tositumomab,DDInter1802,Ticagrelor,Ticagrelor,Tositumomab,Moderate
DDInter1840,Trabectedin,DDInter1802,Ticagrelor,Ticagrelor,Trabectedin,Moderate
DDInter1852,Treprostinil,DDInter1802,Ticagrelor,Ticagrelor,Treprostinil,Moderate
DDInter1860,Triazolam,DDInter1802,Ticagrelor,Ticagrelor,Triazolam,Moderate
DDInter1881,Troglitazone,DDInter1802,Ticagrelor,Ticagrelor,Troglitazone,Moderate
DDInter1802,Ticagrelor,DDInter1882,Troleandomycin,Ticagrelor,Troleandomycin,Major
DDInter1802,Ticagrelor,DDInter1891,Tucatinib,Ticagrelor,Tucatinib,Major
DDInter1802,Ticagrelor,DDInter1892,Turmeric,Ticagrelor,Turmeric,Minor
DDInter1802,Ticagrelor,DDInter1896,Ubrogepant,Ticagrelor,Ubrogepant,Moderate
DDInter1802,Ticagrelor,DDInter1897,Ulipristal,Ticagrelor,Ulipristal,Moderate
DDInter1905,Urokinase,DDInter1802,Ticagrelor,Ticagrelor,Urokinase,Moderate
DDInter1910,Valdecoxib,DDInter1802,Ticagrelor,Ticagrelor,Valdecoxib,Moderate
DDInter1802,Ticagrelor,DDInter1925,Vemurafenib,Ticagrelor,Vemurafenib,Moderate
DDInter1802,Ticagrelor,DDInter1926,Venetoclax,Ticagrelor,Venetoclax,Major
DDInter1927,Venlafaxine,DDInter1802,Ticagrelor,Ticagrelor,Venlafaxine,Moderate
DDInter1929,Verteporfin,DDInter1802,Ticagrelor,Ticagrelor,Verteporfin,Moderate
DDInter1935,Vilazodone,DDInter1802,Ticagrelor,Ticagrelor,Vilazodone,Moderate
DDInter1936,Vinblastine,DDInter1802,Ticagrelor,Ticagrelor,Vinblastine,Moderate
DDInter1938,Vincristine (liposome),DDInter1802,Ticagrelor,Ticagrelor,Vincristine (liposome),Moderate
DDInter1939,Vinorelbine,DDInter1802,Ticagrelor,Ticagrelor,Vinorelbine,Moderate
DDInter1943,Vitamin E,DDInter1802,Ticagrelor,Ticagrelor,Vitamin E,Moderate
DDInter1802,Ticagrelor,DDInter1945,Vorapaxar,Ticagrelor,Vorapaxar,Moderate
DDInter1946,Voriconazole,DDInter1802,Ticagrelor,Ticagrelor,Voriconazole,Major
DDInter1802,Ticagrelor,DDInter1948,Vortioxetine,Ticagrelor,Vortioxetine,Moderate
DDInter1802,Ticagrelor,DDInter1949,Voxelotor,Ticagrelor,Voxelotor,Moderate
DDInter1802,Ticagrelor,DDInter1959,Zanubrutinib,Ticagrelor,Zanubrutinib,Major
DDInter1804,Ticlopidine,DDInter58,Aluminum hydroxide,Aluminum hydroxide,Ticlopidine,Minor
DDInter1804,Ticlopidine,DDInter74,Aminophylline,Aminophylline,Ticlopidine,Moderate
DDInter1804,Ticlopidine,DDInter98,Anisindione,Anisindione,Ticlopidine,Moderate
DDInter99,Anistreplase,DDInter1804,Ticlopidine,Anistreplase,Ticlopidine,Moderate
DDInter1804,Ticlopidine,DDInter115,Ardeparin,Ardeparin,Ticlopidine,Major
DDInter1804,Ticlopidine,DDInter117,Argatroban,Argatroban,Ticlopidine,Major
DDInter1804,Ticlopidine,DDInter241,Bromfenac,Bromfenac,Ticlopidine,Moderate
DDInter1804,Ticlopidine,DDInter271,Calcium carbonate,Calcium carbonate,Ticlopidine,Minor
DDInter1804,Ticlopidine,DDInter291,Capsicum,Capsicum,Ticlopidine,Minor
DDInter1804,Ticlopidine,DDInter347,Chamomile,Chamomile,Ticlopidine,Minor
DDInter1804,Ticlopidine,DDInter417,Clove,Clove,Ticlopidine,Minor
DDInter1804,Ticlopidine,DDInter471,Danaparoid,Danaparoid,Ticlopidine,Major
DDInter1804,Ticlopidine,DDInter518,Dexfenfluramine,Dexfenfluramine,Ticlopidine,Moderate
DDInter1804,Ticlopidine,DDInter542,Dicoumarol,Dicoumarol,Ticlopidine,Moderate
DDInter1804,Ticlopidine,DDInter551,Diflunisal,Diflunisal,Ticlopidine,Moderate
DDInter605,Drotrecogin alfa,DDInter1804,Ticlopidine,Drotrecogin alfa,Ticlopidine,Major
DDInter1804,Ticlopidine,DDInter645,Enoxaparin,Enoxaparin,Ticlopidine,Major
DDInter1804,Ticlopidine,DDInter657,Epoprostenol,Epoprostenol,Ticlopidine,Moderate
DDInter659,Eptifibatide,DDInter1804,Ticlopidine,Eptifibatide,Ticlopidine,Major
DDInter1804,Ticlopidine,DDInter672,Escitalopram,Escitalopram,Ticlopidine,Moderate
DDInter1804,Ticlopidine,DDInter696,Ethotoin,Ethotoin,Ticlopidine,Moderate
DDInter1804,Ticlopidine,DDInter699,Etodolac,Etodolac,Ticlopidine,Moderate
DDInter1804,Ticlopidine,DDInter703,Etravirine,Etravirine,Ticlopidine,Moderate
DDInter1804,Ticlopidine,DDInter714,Fedratinib,Fedratinib,Ticlopidine,Moderate
DDInter1804,Ticlopidine,DDInter717,Fenfluramine,Fenfluramine,Ticlopidine,Moderate
DDInter1804,Ticlopidine,DDInter721,Fenoprofen,Fenoprofen,Ticlopidine,Moderate
DDInter1804,Ticlopidine,DDInter731,Fesoterodine,Fesoterodine,Ticlopidine,Moderate
DDInter1804,Ticlopidine,DDInter741,Flibanserin,Flibanserin,Ticlopidine,Moderate
DDInter1804,Ticlopidine,DDInter747,Fludrocortisone,Fludrocortisone,Ticlopidine,Minor
DDInter1804,Ticlopidine,DDInter763,Flurbiprofen,Flurbiprofen,Ticlopidine,Moderate
DDInter1804,Ticlopidine,DDInter764,Flurbiprofen (ophthalmic),Flurbiprofen (ophthalmic),Ticlopidine,Moderate
DDInter770,Fluvoxamine,DDInter1804,Ticlopidine,Fluvoxamine,Ticlopidine,Moderate
DDInter1804,Ticlopidine,DDInter775,Fondaparinux,Fondaparinux,Ticlopidine,Major
DDInter1804,Ticlopidine,DDInter783,Fosphenytoin,Fosphenytoin,Ticlopidine,Moderate
DDInter1804,Ticlopidine,DDInter808,Garlic,Garlic,Ticlopidine,Moderate
DDInter1804,Ticlopidine,DDInter819,Ginkgo biloba,Ginkgo biloba,Ticlopidine,Moderate
DDInter1804,Ticlopidine,DDInter820,Ginseng,Ginseng,Ticlopidine,Moderate
DDInter1804,Ticlopidine,DDInter855,Hemin,Hemin,Ticlopidine,Moderate
DDInter1804,Ticlopidine,DDInter856,Heparin,Heparin,Ticlopidine,Moderate
DDInter898,Ibritumomab tiuxetan,DDInter1804,Ticlopidine,Ibritumomab tiuxetan,Ticlopidine,Major
DDInter1804,Ticlopidine,DDInter899,Ibrutinib,Ibrutinib,Ticlopidine,Major
DDInter903,Icosapent,DDInter1804,Ticlopidine,Icosapent,Ticlopidine,Moderate
DDInter1804,Ticlopidine,DDInter908,Iloprost,Iloprost,Ticlopidine,Moderate
DDInter1804,Ticlopidine,DDInter921,Indomethacin,Indomethacin,Ticlopidine,Moderate
DDInter1839,Tositumomab (I-131),DDInter1804,Ticlopidine,Ticlopidine,Tositumomab (I-131),Major
DDInter1037,Lepirudin,DDInter1804,Ticlopidine,Lepirudin,Ticlopidine,Major
DDInter1804,Ticlopidine,DDInter1051,Levobupivacaine,Levobupivacaine,Ticlopidine,Moderate
DDInter1804,Ticlopidine,DDInter1112,Magaldrate,Magaldrate,Ticlopidine,Minor
DDInter1804,Ticlopidine,DDInter1113,Magnesium carbonate,Magnesium carbonate,Ticlopidine,Minor
DDInter1804,Ticlopidine,DDInter1118,Magnesium hydroxide,Magnesium hydroxide,Ticlopidine,Minor
DDInter1804,Ticlopidine,DDInter1135,Meclofenamic acid,Meclofenamic acid,Ticlopidine,Moderate
DDInter1804,Ticlopidine,DDInter1152,Mephenytoin,Mephenytoin,Ticlopidine,Moderate
DDInter1804,Ticlopidine,DDInter1363,Oxtriphylline,Oxtriphylline,Ticlopidine,Moderate
DDInter1804,Ticlopidine,DDInter1442,Phenobarbital,Phenobarbital,Ticlopidine,Minor
DDInter1804,Ticlopidine,DDInter1451,Phenylbutazone,Phenylbutazone,Ticlopidine,Moderate
DDInter1804,Ticlopidine,DDInter1513,Prednisolone,Prednisolone,Ticlopidine,Minor
DDInter1804,Ticlopidine,DDInter1613,Rofecoxib,Rofecoxib,Ticlopidine,Moderate
DDInter1804,Ticlopidine,DDInter1665,Sibutramine,Sibutramine,Ticlopidine,Moderate
DDInter1712,Streptokinase,DDInter1804,Ticlopidine,Streptokinase,Ticlopidine,Moderate
DDInter1804,Ticlopidine,DDInter1732,Suprofen (ophthalmic),Suprofen (ophthalmic),Ticlopidine,Moderate
DDInter1804,Ticlopidine,DDInter1796,Thioridazine,Thioridazine,Ticlopidine,Major
DDInter1804,Ticlopidine,DDInter1812,Tinzaparin,Ticlopidine,Tinzaparin,Major
DDInter1804,Ticlopidine,DDInter1817,Tipranavir,Ticlopidine,Tipranavir,Major
DDInter1804,Ticlopidine,DDInter1818,Tirofiban,Ticlopidine,Tirofiban,Major
DDInter1804,Ticlopidine,DDInter1821,Tizanidine,Ticlopidine,Tizanidine,Major
DDInter1804,Ticlopidine,DDInter1831,Tolmetin,Ticlopidine,Tolmetin,Moderate
DDInter1804,Ticlopidine,DDInter1832,Tolterodine,Ticlopidine,Tolterodine,Minor
DDInter1838,Tositumomab,DDInter1804,Ticlopidine,Ticlopidine,Tositumomab,Major
DDInter1804,Ticlopidine,DDInter1852,Treprostinil,Ticlopidine,Treprostinil,Moderate
DDInter1804,Ticlopidine,DDInter1892,Turmeric,Ticlopidine,Turmeric,Minor
DDInter1905,Urokinase,DDInter1804,Ticlopidine,Ticlopidine,Urokinase,Moderate
DDInter1804,Ticlopidine,DDInter1910,Valdecoxib,Ticlopidine,Valdecoxib,Moderate
DDInter1804,Ticlopidine,DDInter1927,Venlafaxine,Ticlopidine,Venlafaxine,Moderate
DDInter1804,Ticlopidine,DDInter1929,Verteporfin,Ticlopidine,Verteporfin,Moderate
DDInter1804,Ticlopidine,DDInter1935,Vilazodone,Ticlopidine,Vilazodone,Moderate
DDInter1943,Vitamin E,DDInter1804,Ticlopidine,Ticlopidine,Vitamin E,Moderate
DDInter1804,Ticlopidine,DDInter1945,Vorapaxar,Ticlopidine,Vorapaxar,Major
DDInter1804,Ticlopidine,DDInter1948,Vortioxetine,Ticlopidine,Vortioxetine,Moderate
DDInter1804,Ticlopidine,DDInter1959,Zanubrutinib,Ticlopidine,Zanubrutinib,Major
DDInter542,Dicoumarol,DDInter1809,Timolol,Dicoumarol,Timolol,Minor
DDInter1809,Timolol,DDInter654,Epinephrine (topical),Epinephrine (topical),Timolol,Moderate
DDInter1809,Timolol,DDInter657,Epoprostenol,Epoprostenol,Timolol,Moderate
DDInter1809,Timolol,DDInter908,Iloprost,Iloprost,Timolol,Moderate
DDInter1809,Timolol,DDInter1852,Treprostinil,Timolol,Treprostinil,Moderate
DDInter542,Dicoumarol,DDInter1811,Tinidazole,Dicoumarol,Tinidazole,Moderate
DDInter1811,Tinidazole,DDInter785,Fostamatinib,Fostamatinib,Tinidazole,Moderate
DDInter99,Anistreplase,DDInter1817,Tipranavir,Anistreplase,Tipranavir,Major
DDInter117,Argatroban,DDInter1817,Tipranavir,Argatroban,Tipranavir,Major
DDInter1817,Tipranavir,DDInter471,Danaparoid,Danaparoid,Tipranavir,Major
DDInter542,Dicoumarol,DDInter1817,Tipranavir,Dicoumarol,Tipranavir,Major
DDInter605,Drotrecogin alfa,DDInter1817,Tipranavir,Drotrecogin alfa,Tipranavir,Major
DDInter1817,Tipranavir,DDInter645,Enoxaparin,Enoxaparin,Tipranavir,Major
DDInter1817,Tipranavir,DDInter657,Epoprostenol,Epoprostenol,Tipranavir,Major
DDInter659,Eptifibatide,DDInter1817,Tipranavir,Eptifibatide,Tipranavir,Major
DDInter775,Fondaparinux,DDInter1817,Tipranavir,Fondaparinux,Tipranavir,Major
DDInter1817,Tipranavir,DDInter785,Fostamatinib,Fostamatinib,Tipranavir,Moderate
DDInter1817,Tipranavir,DDInter856,Heparin,Heparin,Tipranavir,Major
DDInter1817,Tipranavir,DDInter908,Iloprost,Iloprost,Tipranavir,Major
DDInter1037,Lepirudin,DDInter1817,Tipranavir,Lepirudin,Tipranavir,Major
DDInter1712,Streptokinase,DDInter1817,Tipranavir,Streptokinase,Tipranavir,Major
DDInter1817,Tipranavir,DDInter1812,Tinzaparin,Tinzaparin,Tipranavir,Major
DDInter1818,Tirofiban,DDInter1817,Tipranavir,Tipranavir,Tirofiban,Major
DDInter1852,Treprostinil,DDInter1817,Tipranavir,Tipranavir,Treprostinil,Major
DDInter1905,Urokinase,DDInter1817,Tipranavir,Tipranavir,Urokinase,Major
DDInter1817,Tipranavir,DDInter1945,Vorapaxar,Tipranavir,Vorapaxar,Major
DDInter1818,Tirofiban,DDInter98,Anisindione,Anisindione,Tirofiban,Major
DDInter99,Anistreplase,DDInter1818,Tirofiban,Anistreplase,Tirofiban,Major
DDInter115,Ardeparin,DDInter1818,Tirofiban,Ardeparin,Tirofiban,Major
DDInter117,Argatroban,DDInter1818,Tirofiban,Argatroban,Tirofiban,Major
DDInter1818,Tirofiban,DDInter215,Bismuth subsalicylate,Bismuth subsalicylate,Tirofiban,Moderate
DDInter1818,Tirofiban,DDInter291,Capsicum,Capsicum,Tirofiban,Minor
DDInter1818,Tirofiban,DDInter347,Chamomile,Chamomile,Tirofiban,Minor
DDInter1818,Tirofiban,DDInter370,Choline salicylate,Choline salicylate,Tirofiban,Moderate
DDInter1818,Tirofiban,DDInter417,Clove,Clove,Tirofiban,Minor
DDInter1818,Tirofiban,DDInter471,Danaparoid,Danaparoid,Tirofiban,Major
DDInter1818,Tirofiban,DDInter518,Dexfenfluramine,Dexfenfluramine,Tirofiban,Moderate
DDInter542,Dicoumarol,DDInter1818,Tirofiban,Dicoumarol,Tirofiban,Major
DDInter1818,Tirofiban,DDInter551,Diflunisal,Diflunisal,Tirofiban,Moderate
DDInter605,Drotrecogin alfa,DDInter1818,Tirofiban,Drotrecogin alfa,Tirofiban,Major
DDInter1818,Tirofiban,DDInter645,Enoxaparin,Enoxaparin,Tirofiban,Major
DDInter1818,Tirofiban,DDInter657,Epoprostenol,Epoprostenol,Tirofiban,Moderate
DDInter659,Eptifibatide,DDInter1818,Tirofiban,Eptifibatide,Tirofiban,Major
DDInter1818,Tirofiban,DDInter672,Escitalopram,Escitalopram,Tirofiban,Moderate
DDInter699,Etodolac,DDInter1818,Tirofiban,Etodolac,Tirofiban,Moderate
DDInter717,Fenfluramine,DDInter1818,Tirofiban,Fenfluramine,Tirofiban,Moderate
DDInter721,Fenoprofen,DDInter1818,Tirofiban,Fenoprofen,Tirofiban,Moderate
DDInter758,Fluoxetine,DDInter1818,Tirofiban,Fluoxetine,Tirofiban,Moderate
DDInter763,Flurbiprofen,DDInter1818,Tirofiban,Flurbiprofen,Tirofiban,Moderate
DDInter764,Flurbiprofen (ophthalmic),DDInter1818,Tirofiban,Flurbiprofen (ophthalmic),Tirofiban,Moderate
DDInter770,Fluvoxamine,DDInter1818,Tirofiban,Fluvoxamine,Tirofiban,Moderate
DDInter775,Fondaparinux,DDInter1818,Tirofiban,Fondaparinux,Tirofiban,Major
DDInter1818,Tirofiban,DDInter808,Garlic,Garlic,Tirofiban,Moderate
DDInter1818,Tirofiban,DDInter819,Ginkgo biloba,Ginkgo biloba,Tirofiban,Moderate
DDInter1818,Tirofiban,DDInter820,Ginseng,Ginseng,Tirofiban,Moderate
DDInter1818,Tirofiban,DDInter855,Hemin,Hemin,Tirofiban,Moderate
DDInter1818,Tirofiban,DDInter856,Heparin,Heparin,Tirofiban,Major
DDInter898,Ibritumomab tiuxetan,DDInter1818,Tirofiban,Ibritumomab tiuxetan,Tirofiban,Major
DDInter1818,Tirofiban,DDInter899,Ibrutinib,Ibrutinib,Tirofiban,Major
DDInter903,Icosapent,DDInter1818,Tirofiban,Icosapent,Tirofiban,Moderate
DDInter1818,Tirofiban,DDInter908,Iloprost,Iloprost,Tirofiban,Moderate
DDInter921,Indomethacin,DDInter1818,Tirofiban,Indomethacin,Tirofiban,Moderate
DDInter1839,Tositumomab (I-131),DDInter1818,Tirofiban,Tirofiban,Tositumomab (I-131),Major
DDInter1037,Lepirudin,DDInter1818,Tirofiban,Lepirudin,Tirofiban,Major
DDInter1818,Tirofiban,DDInter1135,Meclofenamic acid,Meclofenamic acid,Tirofiban,Moderate
DDInter1818,Tirofiban,DDInter1451,Phenylbutazone,Phenylbutazone,Tirofiban,Moderate
DDInter1613,Rofecoxib,DDInter1818,Tirofiban,Rofecoxib,Tirofiban,Moderate
DDInter1818,Tirofiban,DDInter1665,Sibutramine,Sibutramine,Tirofiban,Moderate
DDInter1818,Tirofiban,DDInter1633,Salicylic acid (sodium),Salicylic acid (sodium),Tirofiban,Moderate
DDInter1712,Streptokinase,DDInter1818,Tirofiban,Streptokinase,Tirofiban,Major
DDInter1818,Tirofiban,DDInter1732,Suprofen (ophthalmic),Suprofen (ophthalmic),Tirofiban,Moderate
DDInter1818,Tirofiban,DDInter1812,Tinzaparin,Tinzaparin,Tirofiban,Major
DDInter1831,Tolmetin,DDInter1818,Tirofiban,Tirofiban,Tolmetin,Moderate
DDInter1838,Tositumomab,DDInter1818,Tirofiban,Tirofiban,Tositumomab,Major
DDInter1852,Treprostinil,DDInter1818,Tirofiban,Tirofiban,Treprostinil,Moderate
DDInter1818,Tirofiban,DDInter1892,Turmeric,Tirofiban,Turmeric,Minor
DDInter1905,Urokinase,DDInter1818,Tirofiban,Tirofiban,Urokinase,Major
DDInter1910,Valdecoxib,DDInter1818,Tirofiban,Tirofiban,Valdecoxib,Moderate
DDInter1927,Venlafaxine,DDInter1818,Tirofiban,Tirofiban,Venlafaxine,Moderate
DDInter1929,Verteporfin,DDInter1818,Tirofiban,Tirofiban,Verteporfin,Moderate
DDInter1818,Tirofiban,DDInter1935,Vilazodone,Tirofiban,Vilazodone,Moderate
DDInter1943,Vitamin E,DDInter1818,Tirofiban,Tirofiban,Vitamin E,Moderate
DDInter1818,Tirofiban,DDInter1945,Vorapaxar,Tirofiban,Vorapaxar,Major
DDInter1818,Tirofiban,DDInter1948,Vortioxetine,Tirofiban,Vortioxetine,Moderate
DDInter1818,Tirofiban,DDInter1959,Zanubrutinib,Tirofiban,Zanubrutinib,Major
DDInter1821,Tizanidine,DDInter657,Epoprostenol,Epoprostenol,Tizanidine,Major
DDInter1821,Tizanidine,DDInter908,Iloprost,Iloprost,Tizanidine,Major
DDInter1852,Treprostinil,DDInter1821,Tizanidine,Tizanidine,Treprostinil,Major
DDInter542,Dicoumarol,DDInter1824,Tocilizumab,Dicoumarol,Tocilizumab,Moderate
DDInter1824,Tocilizumab,DDInter1964,Zinc chloride,Tocilizumab,Zinc chloride,Minor
DDInter1825,Tofacitinib,DDInter785,Fostamatinib,Fostamatinib,Tofacitinib,Moderate
DDInter1825,Tofacitinib,DDInter1964,Zinc chloride,Tofacitinib,Zinc chloride,Minor
DDInter1826,Tolazamide,DDInter856,Heparin,Heparin,Tolazamide,Moderate
DDInter1826,Tolazamide,DDInter1681,Sodium acetate,Sodium acetate,Tolazamide,Minor
DDInter1723,Sulfamethizole,DDInter1826,Tolazamide,Sulfamethizole,Tolazamide,Moderate
DDInter542,Dicoumarol,DDInter1829,Tolcapone,Dicoumarol,Tolcapone,Minor
DDInter1829,Tolcapone,DDInter653,Epinephrine (ophthalmic),Epinephrine (ophthalmic),Tolcapone,Moderate
DDInter1829,Tolcapone,DDInter654,Epinephrine (topical),Epinephrine (topical),Tolcapone,Moderate
DDInter542,Dicoumarol,DDInter1832,Tolterodine,Dicoumarol,Tolterodine,Moderate
DDInter1832,Tolterodine,DDInter785,Fostamatinib,Fostamatinib,Tolterodine,Moderate
DDInter1497,Potassium chloride,DDInter1832,Tolterodine,Potassium chloride,Tolterodine,Major
DDInter542,Dicoumarol,DDInter1834,Topiramate,Dicoumarol,Topiramate,Moderate
DDInter542,Dicoumarol,DDInter1837,Toremifene,Dicoumarol,Toremifene,Moderate
DDInter1837,Toremifene,DDInter785,Fostamatinib,Fostamatinib,Toremifene,Moderate
DDInter1837,Toremifene,DDInter1115,Magnesium citrate,Magnesium citrate,Toremifene,Moderate
DDInter1836,Torasemide,DDInter657,Epoprostenol,Epoprostenol,Torasemide,Moderate
DDInter1836,Torasemide,DDInter908,Iloprost,Iloprost,Torasemide,Moderate
DDInter1836,Torasemide,DDInter1115,Magnesium citrate,Magnesium citrate,Torasemide,Moderate
DDInter1836,Torasemide,DDInter1723,Sulfamethizole,Sulfamethizole,Torasemide,Moderate
DDInter1836,Torasemide,DDInter1852,Treprostinil,Torasemide,Treprostinil,Moderate
DDInter1840,Trabectedin,DDInter785,Fostamatinib,Fostamatinib,Trabectedin,Moderate
DDInter1723,Sulfamethizole,DDInter1840,Trabectedin,Sulfamethizole,Trabectedin,Moderate
DDInter1842,Trametinib,DDInter785,Fostamatinib,Fostamatinib,Trametinib,Moderate
DDInter1843,Trandolapril,DDInter657,Epoprostenol,Epoprostenol,Trandolapril,Moderate
DDInter1843,Trandolapril,DDInter908,Iloprost,Iloprost,Trandolapril,Moderate
DDInter1843,Trandolapril,DDInter1406,Peginesatide,Peginesatide,Trandolapril,Minor
DDInter1852,Treprostinil,DDInter1843,Trandolapril,Trandolapril,Treprostinil,Moderate
DDInter653,Epinephrine (ophthalmic),DDInter1845,Tranylcypromine,Epinephrine (ophthalmic),Tranylcypromine,Moderate
DDInter654,Epinephrine (topical),DDInter1845,Tranylcypromine,Epinephrine (topical),Tranylcypromine,Moderate
DDInter1845,Tranylcypromine,DDInter657,Epoprostenol,Epoprostenol,Tranylcypromine,Moderate
DDInter1845,Tranylcypromine,DDInter908,Iloprost,Iloprost,Tranylcypromine,Moderate
DDInter1852,Treprostinil,DDInter1845,Tranylcypromine,Tranylcypromine,Treprostinil,Moderate
DDInter38,Aldesleukin,DDInter1852,Treprostinil,Aldesleukin,Treprostinil,Moderate
DDInter1852,Treprostinil,DDInter92,Amyl Nitrite,Amyl Nitrite,Treprostinil,Moderate
DDInter1852,Treprostinil,DDInter98,Anisindione,Anisindione,Treprostinil,Moderate
DDInter99,Anistreplase,DDInter1852,Treprostinil,Anistreplase,Treprostinil,Moderate
DDInter1852,Treprostinil,DDInter115,Ardeparin,Ardeparin,Treprostinil,Major
DDInter117,Argatroban,DDInter1852,Treprostinil,Argatroban,Treprostinil,Moderate
DDInter1852,Treprostinil,DDInter179,Bendroflumethiazide,Bendroflumethiazide,Treprostinil,Moderate
DDInter1852,Treprostinil,DDInter188,Benzthiazide,Benzthiazide,Treprostinil,Moderate
DDInter1852,Treprostinil,DDInter192,Bepridil,Bepridil,Treprostinil,Moderate
DDInter1852,Treprostinil,DDInter215,Bismuth subsalicylate,Bismuth subsalicylate,Treprostinil,Moderate
DDInter1852,Treprostinil,DDInter241,Bromfenac,Bromfenac,Treprostinil,Moderate
DDInter1852,Treprostinil,DDInter291,Capsicum,Capsicum,Treprostinil,Minor
DDInter1852,Treprostinil,DDInter303,Carteolol,Carteolol,Treprostinil,Moderate
DDInter1852,Treprostinil,DDInter347,Chamomile,Chamomile,Treprostinil,Minor
DDInter1852,Treprostinil,DDInter370,Choline salicylate,Choline salicylate,Treprostinil,Moderate
DDInter1852,Treprostinil,DDInter452,Cyclandelate,Cyclandelate,Treprostinil,Moderate
DDInter1852,Treprostinil,DDInter471,Danaparoid,Danaparoid,Treprostinil,Major
DDInter1852,Treprostinil,DDInter502,Deserpidine,Deserpidine,Treprostinil,Moderate
DDInter1852,Treprostinil,DDInter518,Dexfenfluramine,Dexfenfluramine,Treprostinil,Moderate
DDInter542,Dicoumarol,DDInter1852,Treprostinil,Dicoumarol,Treprostinil,Moderate
DDInter1852,Treprostinil,DDInter551,Diflunisal,Diflunisal,Treprostinil,Moderate
DDInter605,Drotrecogin alfa,DDInter1852,Treprostinil,Drotrecogin alfa,Treprostinil,Major
DDInter1852,Treprostinil,DDInter645,Enoxaparin,Enoxaparin,Treprostinil,Major
DDInter1852,Treprostinil,DDInter650,Ephedrine,Ephedrine,Treprostinil,Moderate
DDInter1852,Treprostinil,DDInter651,Ephedrine (nasal),Ephedrine (nasal),Treprostinil,Moderate
DDInter1852,Treprostinil,DDInter656,Eplerenone,Eplerenone,Treprostinil,Moderate
DDInter1852,Treprostinil,DDInter658,Eprosartan,Eprosartan,Treprostinil,Moderate
DDInter659,Eptifibatide,DDInter1852,Treprostinil,Eptifibatide,Treprostinil,Moderate
DDInter1852,Treprostinil,DDInter669,Ertugliflozin,Ertugliflozin,Treprostinil,Moderate
DDInter1852,Treprostinil,DDInter672,Escitalopram,Escitalopram,Treprostinil,Moderate
DDInter675,Esmolol,DDInter1852,Treprostinil,Esmolol,Treprostinil,Moderate
DDInter1852,Treprostinil,DDInter686,Etacrynic acid,Etacrynic acid,Treprostinil,Moderate
DDInter1852,Treprostinil,DDInter699,Etodolac,Etodolac,Treprostinil,Moderate
DDInter1852,Treprostinil,DDInter714,Fedratinib,Fedratinib,Treprostinil,Moderate
DDInter1852,Treprostinil,DDInter716,Felodipine,Felodipine,Treprostinil,Moderate
DDInter1852,Treprostinil,DDInter717,Fenfluramine,Fenfluramine,Treprostinil,Moderate
DDInter1852,Treprostinil,DDInter720,Fenoldopam,Fenoldopam,Treprostinil,Moderate
DDInter1852,Treprostinil,DDInter721,Fenoprofen,Fenoprofen,Treprostinil,Moderate
DDInter1852,Treprostinil,DDInter758,Fluoxetine,Fluoxetine,Treprostinil,Moderate
DDInter1852,Treprostinil,DDInter763,Flurbiprofen,Flurbiprofen,Treprostinil,Moderate
DDInter1852,Treprostinil,DDInter764,Flurbiprofen (ophthalmic),Flurbiprofen (ophthalmic),Treprostinil,Moderate
DDInter770,Fluvoxamine,DDInter1852,Treprostinil,Fluvoxamine,Treprostinil,Moderate
DDInter1852,Treprostinil,DDInter775,Fondaparinux,Fondaparinux,Treprostinil,Major
DDInter1852,Treprostinil,DDInter781,Fosinopril,Fosinopril,Treprostinil,Moderate
DDInter1852,Treprostinil,DDInter790,Furosemide,Furosemide,Treprostinil,Moderate
DDInter1852,Treprostinil,DDInter812,Gemfibrozil,Gemfibrozil,Treprostinil,Moderate
DDInter1852,Treprostinil,DDInter819,Ginkgo biloba,Ginkgo biloba,Treprostinil,Moderate
DDInter1852,Treprostinil,DDInter832,Glycerin,Glycerin,Treprostinil,Moderate
DDInter1852,Treprostinil,DDInter844,Guanabenz,Guanabenz,Treprostinil,Moderate
DDInter845,Guanadrel,DDInter1852,Treprostinil,Guanadrel,Treprostinil,Moderate
DDInter1852,Treprostinil,DDInter846,Guanethidine,Guanethidine,Treprostinil,Moderate
DDInter1852,Treprostinil,DDInter847,Guanfacine,Guanfacine,Treprostinil,Moderate
DDInter1852,Treprostinil,DDInter855,Hemin,Hemin,Treprostinil,Moderate
DDInter1852,Treprostinil,DDInter856,Heparin,Heparin,Treprostinil,Moderate
DDInter1852,Treprostinil,DDInter882,Hydralazine,Hydralazine,Treprostinil,Moderate
DDInter1852,Treprostinil,DDInter889,Hydroflumethiazide,Hydroflumethiazide,Treprostinil,Moderate
DDInter898,Ibritumomab tiuxetan,DDInter1852,Treprostinil,Ibritumomab tiuxetan,Treprostinil,Major
DDInter1852,Treprostinil,DDInter899,Ibrutinib,Ibrutinib,Treprostinil,Major
DDInter903,Icosapent,DDInter1852,Treprostinil,Icosapent,Treprostinil,Moderate
DDInter1852,Treprostinil,DDInter916,Indapamide,Indapamide,Treprostinil,Moderate
DDInter921,Indomethacin,DDInter1852,Treprostinil,Indomethacin,Treprostinil,Moderate
DDInter1839,Tositumomab (I-131),DDInter1852,Treprostinil,Tositumomab (I-131),Treprostinil,Major
DDInter1852,Treprostinil,DDInter988,Isosorbide,Isosorbide,Treprostinil,Moderate
DDInter1037,Lepirudin,DDInter1852,Treprostinil,Lepirudin,Treprostinil,Moderate
DDInter1852,Treprostinil,DDInter1065,Licorice,Licorice,Treprostinil,Moderate
DDInter1852,Treprostinil,DDInter1135,Meclofenamic acid,Meclofenamic acid,Treprostinil,Moderate
DDInter1227,Minoxidil (topical),DDInter1852,Treprostinil,Minoxidil (topical),Treprostinil,Moderate
DDInter1852,Treprostinil,DDInter1304,Nitroglycerin,Nitroglycerin,Treprostinil,Moderate
DDInter1852,Treprostinil,DDInter244,Bromotheophylline,Bromotheophylline,Treprostinil,Moderate
DDInter1852,Treprostinil,DDInter1389,Papaverine,Papaverine,Treprostinil,Moderate
DDInter1852,Treprostinil,DDInter1417,Penbutolol,Penbutolol,Treprostinil,Moderate
DDInter1852,Treprostinil,DDInter1442,Phenobarbital,Phenobarbital,Treprostinil,Moderate
DDInter1852,Treprostinil,DDInter1451,Phenylbutazone,Phenylbutazone,Treprostinil,Moderate
DDInter1852,Treprostinil,DDInter1458,Phenylpropanolamine,Phenylpropanolamine,Treprostinil,Moderate
DDInter1852,Treprostinil,DDInter1484,Plicamycin,Plicamycin,Treprostinil,Moderate
DDInter1852,Treprostinil,DDInter1490,Polythiazide,Polythiazide,Treprostinil,Moderate
DDInter1582,Reserpine,DDInter1852,Treprostinil,Reserpine,Treprostinil,Moderate
DDInter1852,Treprostinil,DDInter1600,Riociguat,Riociguat,Treprostinil,Moderate
DDInter1852,Treprostinil,DDInter1613,Rofecoxib,Rofecoxib,Treprostinil,Moderate
DDInter1852,Treprostinil,DDInter1665,Sibutramine,Sibutramine,Treprostinil,Moderate
DDInter1852,Treprostinil,DDInter1633,Salicylic acid (sodium),Salicylic acid (sodium),Treprostinil,Moderate
DDInter1852,Treprostinil,DDInter1708,St. John's Wort,St. John's Wort,Treprostinil,Moderate
DDInter1712,Streptokinase,DDInter1852,Treprostinil,Streptokinase,Treprostinil,Moderate
DDInter1852,Treprostinil,DDInter1726,Sulfinpyrazone,Sulfinpyrazone,Treprostinil,Moderate
DDInter1852,Treprostinil,DDInter1732,Suprofen (ophthalmic),Suprofen (ophthalmic),Treprostinil,Moderate
DDInter1852,Treprostinil,DDInter1812,Tinzaparin,Tinzaparin,Treprostinil,Major
DDInter1852,Treprostinil,DDInter1827,Tolazoline,Tolazoline,Treprostinil,Moderate
DDInter1852,Treprostinil,DDInter1831,Tolmetin,Tolmetin,Treprostinil,Moderate
DDInter1838,Tositumomab,DDInter1852,Treprostinil,Tositumomab,Treprostinil,Major
DDInter1852,Treprostinil,DDInter1859,Triamterene,Treprostinil,Triamterene,Moderate
DDInter1852,Treprostinil,DDInter1861,Trichlormethiazide,Treprostinil,Trichlormethiazide,Moderate
DDInter1852,Treprostinil,DDInter1872,Trimethaphan,Treprostinil,Trimethaphan,Moderate
DDInter1905,Urokinase,DDInter1852,Treprostinil,Treprostinil,Urokinase,Moderate
DDInter1852,Treprostinil,DDInter1910,Valdecoxib,Treprostinil,Valdecoxib,Moderate
DDInter1852,Treprostinil,DDInter1925,Vemurafenib,Treprostinil,Vemurafenib,Moderate
DDInter1927,Venlafaxine,DDInter1852,Treprostinil,Treprostinil,Venlafaxine,Moderate
DDInter1852,Treprostinil,DDInter1929,Verteporfin,Treprostinil,Verteporfin,Moderate
DDInter1852,Treprostinil,DDInter1935,Vilazodone,Treprostinil,Vilazodone,Moderate
DDInter1943,Vitamin E,DDInter1852,Treprostinil,Treprostinil,Vitamin E,Moderate
DDInter1852,Treprostinil,DDInter1945,Vorapaxar,Treprostinil,Vorapaxar,Moderate
DDInter1852,Treprostinil,DDInter1948,Vortioxetine,Treprostinil,Vortioxetine,Moderate
DDInter1852,Treprostinil,DDInter1959,Zanubrutinib,Treprostinil,Zanubrutinib,Major
DDInter1853,Tretinoin,DDInter113,Aprotinin,Aprotinin,Tretinoin,Major
DDInter1853,Tretinoin,DDInter785,Fostamatinib,Fostamatinib,Tretinoin,Moderate
DDInter542,Dicoumarol,DDInter1857,Triamcinolone (ophthalmic),Dicoumarol,Triamcinolone (ophthalmic),Moderate
DDInter1857,Triamcinolone (ophthalmic),DDInter1115,Magnesium citrate,Magnesium citrate,Triamcinolone (ophthalmic),Moderate
DDInter1859,Triamterene,DDInter471,Danaparoid,Danaparoid,Triamterene,Moderate
DDInter1859,Triamterene,DDInter645,Enoxaparin,Enoxaparin,Triamterene,Moderate
DDInter1859,Triamterene,DDInter657,Epoprostenol,Epoprostenol,Triamterene,Moderate
DDInter1859,Triamterene,DDInter856,Heparin,Heparin,Triamterene,Moderate
DDInter1859,Triamterene,DDInter908,Iloprost,Iloprost,Triamterene,Moderate
DDInter1859,Triamterene,DDInter1115,Magnesium citrate,Magnesium citrate,Triamterene,Moderate
DDInter1859,Triamterene,DDInter1495,Potassium acetate,Potassium acetate,Triamterene,Major
DDInter1859,Triamterene,DDInter1497,Potassium chloride,Potassium chloride,Triamterene,Major
DDInter1859,Triamterene,DDInter1812,Tinzaparin,Tinzaparin,Triamterene,Moderate
DDInter1860,Triazolam,DDInter785,Fostamatinib,Fostamatinib,Triazolam,Moderate
DDInter1115,Magnesium citrate,DDInter1863,Triclabendazole,Magnesium citrate,Triclabendazole,Moderate
DDInter542,Dicoumarol,DDInter1874,Trimethoprim,Dicoumarol,Trimethoprim,Moderate
DDInter1876,Trimipramine,DDInter80,Ammonium chloride,Ammonium chloride,Trimipramine,Minor
DDInter542,Dicoumarol,DDInter1876,Trimipramine,Dicoumarol,Trimipramine,Moderate
DDInter1876,Trimipramine,DDInter1497,Potassium chloride,Potassium chloride,Trimipramine,Major
DDInter1891,Tucatinib,DDInter785,Fostamatinib,Fostamatinib,Tucatinib,Moderate
DDInter1945,Vorapaxar,DDInter1891,Tucatinib,Tucatinib,Vorapaxar,Major
DDInter785,Fostamatinib,DDInter1896,Ubrogepant,Fostamatinib,Ubrogepant,Moderate
DDInter1897,Ulipristal,DDInter785,Fostamatinib,Fostamatinib,Ulipristal,Moderate
DDInter785,Fostamatinib,DDInter1901,Upadacitinib,Fostamatinib,Upadacitinib,Moderate
DDInter1964,Zinc chloride,DDInter1901,Upadacitinib,Upadacitinib,Zinc chloride,Minor
DDInter542,Dicoumarol,DDInter1907,Ustekinumab,Dicoumarol,Ustekinumab,Moderate
DDInter1907,Ustekinumab,DDInter1964,Zinc chloride,Ustekinumab,Zinc chloride,Minor
DDInter1909,Valbenazine,DDInter785,Fostamatinib,Fostamatinib,Valbenazine,Moderate
DDInter1115,Magnesium citrate,DDInter1909,Valbenazine,Magnesium citrate,Valbenazine,Moderate
DDInter542,Dicoumarol,DDInter1917,Vandetanib,Dicoumarol,Vandetanib,Moderate
DDInter1917,Vandetanib,DDInter785,Fostamatinib,Fostamatinib,Vandetanib,Moderate
DDInter1917,Vandetanib,DDInter1115,Magnesium citrate,Magnesium citrate,Vandetanib,Moderate
DDInter1921,Vasopressin,DDInter856,Heparin,Heparin,Vasopressin,Moderate
DDInter1921,Vasopressin,DDInter1903,Urea,Urea,Vasopressin,Moderate
DDInter1925,Vemurafenib,DDInter785,Fostamatinib,Fostamatinib,Vemurafenib,Moderate
DDInter1925,Vemurafenib,DDInter1115,Magnesium citrate,Magnesium citrate,Vemurafenib,Moderate
DDInter1926,Venetoclax,DDInter785,Fostamatinib,Fostamatinib,Venetoclax,Moderate
DDInter99,Anistreplase,DDInter1927,Venlafaxine,Anistreplase,Venlafaxine,Moderate
DDInter117,Argatroban,DDInter1927,Venlafaxine,Argatroban,Venlafaxine,Moderate
DDInter1927,Venlafaxine,DDInter471,Danaparoid,Danaparoid,Venlafaxine,Moderate
DDInter542,Dicoumarol,DDInter1927,Venlafaxine,Dicoumarol,Venlafaxine,Moderate
DDInter605,Drotrecogin alfa,DDInter1927,Venlafaxine,Drotrecogin alfa,Venlafaxine,Moderate
DDInter1927,Venlafaxine,DDInter645,Enoxaparin,Enoxaparin,Venlafaxine,Moderate
DDInter1927,Venlafaxine,DDInter653,Epinephrine (ophthalmic),Epinephrine (ophthalmic),Venlafaxine,Moderate
DDInter1927,Venlafaxine,DDInter654,Epinephrine (topical),Epinephrine (topical),Venlafaxine,Moderate
DDInter1927,Venlafaxine,DDInter657,Epoprostenol,Epoprostenol,Venlafaxine,Moderate
DDInter659,Eptifibatide,DDInter1927,Venlafaxine,Eptifibatide,Venlafaxine,Moderate
DDInter1927,Venlafaxine,DDInter775,Fondaparinux,Fondaparinux,Venlafaxine,Moderate
DDInter1927,Venlafaxine,DDInter785,Fostamatinib,Fostamatinib,Venlafaxine,Moderate
DDInter1927,Venlafaxine,DDInter856,Heparin,Heparin,Venlafaxine,Moderate
DDInter1927,Venlafaxine,DDInter908,Iloprost,Iloprost,Venlafaxine,Moderate
DDInter1037,Lepirudin,DDInter1927,Venlafaxine,Lepirudin,Venlafaxine,Moderate
DDInter1927,Venlafaxine,DDInter1115,Magnesium citrate,Magnesium citrate,Venlafaxine,Moderate
DDInter1712,Streptokinase,DDInter1927,Venlafaxine,Streptokinase,Venlafaxine,Moderate
DDInter1927,Venlafaxine,DDInter1812,Tinzaparin,Tinzaparin,Venlafaxine,Moderate
DDInter1927,Venlafaxine,DDInter1903,Urea,Urea,Venlafaxine,Moderate
DDInter1905,Urokinase,DDInter1927,Venlafaxine,Urokinase,Venlafaxine,Moderate
DDInter1927,Venlafaxine,DDInter1945,Vorapaxar,Venlafaxine,Vorapaxar,Moderate
DDInter117,Argatroban,DDInter1929,Verteporfin,Argatroban,Verteporfin,Moderate
DDInter1929,Verteporfin,DDInter471,Danaparoid,Danaparoid,Verteporfin,Moderate
DDInter542,Dicoumarol,DDInter1929,Verteporfin,Dicoumarol,Verteporfin,Moderate
DDInter1929,Verteporfin,DDInter645,Enoxaparin,Enoxaparin,Verteporfin,Moderate
DDInter1929,Verteporfin,DDInter657,Epoprostenol,Epoprostenol,Verteporfin,Moderate
DDInter659,Eptifibatide,DDInter1929,Verteporfin,Eptifibatide,Verteporfin,Moderate
DDInter1929,Verteporfin,DDInter775,Fondaparinux,Fondaparinux,Verteporfin,Moderate
DDInter1929,Verteporfin,DDInter856,Heparin,Heparin,Verteporfin,Moderate
DDInter1929,Verteporfin,DDInter908,Iloprost,Iloprost,Verteporfin,Moderate
DDInter1037,Lepirudin,DDInter1929,Verteporfin,Lepirudin,Verteporfin,Moderate
DDInter1929,Verteporfin,DDInter1723,Sulfamethizole,Sulfamethizole,Verteporfin,Moderate
DDInter1929,Verteporfin,DDInter1812,Tinzaparin,Tinzaparin,Verteporfin,Moderate
DDInter1929,Verteporfin,DDInter1945,Vorapaxar,Verteporfin,Vorapaxar,Moderate
DDInter99,Anistreplase,DDInter1935,Vilazodone,Anistreplase,Vilazodone,Moderate
DDInter117,Argatroban,DDInter1935,Vilazodone,Argatroban,Vilazodone,Moderate
DDInter1935,Vilazodone,DDInter471,Danaparoid,Danaparoid,Vilazodone,Moderate
DDInter542,Dicoumarol,DDInter1935,Vilazodone,Dicoumarol,Vilazodone,Moderate
DDInter605,Drotrecogin alfa,DDInter1935,Vilazodone,Drotrecogin alfa,Vilazodone,Moderate
DDInter645,Enoxaparin,DDInter1935,Vilazodone,Enoxaparin,Vilazodone,Moderate
DDInter657,Epoprostenol,DDInter1935,Vilazodone,Epoprostenol,Vilazodone,Moderate
DDInter659,Eptifibatide,DDInter1935,Vilazodone,Eptifibatide,Vilazodone,Moderate
DDInter775,Fondaparinux,DDInter1935,Vilazodone,Fondaparinux,Vilazodone,Moderate
DDInter1935,Vilazodone,DDInter785,Fostamatinib,Fostamatinib,Vilazodone,Moderate
DDInter856,Heparin,DDInter1935,Vilazodone,Heparin,Vilazodone,Moderate
DDInter908,Iloprost,DDInter1935,Vilazodone,Iloprost,Vilazodone,Moderate
DDInter1037,Lepirudin,DDInter1935,Vilazodone,Lepirudin,Vilazodone,Moderate
DDInter1712,Streptokinase,DDInter1935,Vilazodone,Streptokinase,Vilazodone,Moderate
DDInter1935,Vilazodone,DDInter1812,Tinzaparin,Tinzaparin,Vilazodone,Moderate
DDInter1903,Urea,DDInter1935,Vilazodone,Urea,Vilazodone,Moderate
DDInter1905,Urokinase,DDInter1935,Vilazodone,Urokinase,Vilazodone,Moderate
DDInter1935,Vilazodone,DDInter1945,Vorapaxar,Vilazodone,Vorapaxar,Moderate
DDInter1939,Vinorelbine,DDInter785,Fostamatinib,Fostamatinib,Vinorelbine,Moderate
DDInter90,Amprenavir,DDInter1945,Vorapaxar,Amprenavir,Vorapaxar,Major
DDInter98,Anisindione,DDInter1945,Vorapaxar,Anisindione,Vorapaxar,Major
DDInter99,Anistreplase,DDInter1945,Vorapaxar,Anistreplase,Vorapaxar,Major
DDInter115,Ardeparin,DDInter1945,Vorapaxar,Ardeparin,Vorapaxar,Major
DDInter117,Argatroban,DDInter1945,Vorapaxar,Argatroban,Vorapaxar,Major
DDInter221,Boceprevir,DDInter1945,Vorapaxar,Boceprevir,Vorapaxar,Major
DDInter241,Bromfenac,DDInter1945,Vorapaxar,Bromfenac,Vorapaxar,Major
DDInter1945,Vorapaxar,DDInter291,Capsicum,Capsicum,Vorapaxar,Minor
DDInter1945,Vorapaxar,DDInter347,Chamomile,Chamomile,Vorapaxar,Minor
DDInter1945,Vorapaxar,DDInter417,Clove,Clove,Vorapaxar,Minor
DDInter471,Danaparoid,DDInter1945,Vorapaxar,Danaparoid,Vorapaxar,Major
DDInter518,Dexfenfluramine,DDInter1945,Vorapaxar,Dexfenfluramine,Vorapaxar,Moderate
DDInter1945,Vorapaxar,DDInter523,Dextran (-1),Dextran (-1),Vorapaxar,Major
DDInter1945,Vorapaxar,DDInter524,Dextran (high molecular weight),Dextran (high molecular weight),Vorapaxar,Major
DDInter542,Dicoumarol,DDInter1945,Vorapaxar,Dicoumarol,Vorapaxar,Major
DDInter551,Diflunisal,DDInter1945,Vorapaxar,Diflunisal,Vorapaxar,Major
DDInter605,Drotrecogin alfa,DDInter1945,Vorapaxar,Drotrecogin alfa,Vorapaxar,Major
DDInter1945,Vorapaxar,DDInter614,Echinacea,Echinacea,Vorapaxar,Moderate
DDInter645,Enoxaparin,DDInter1945,Vorapaxar,Enoxaparin,Vorapaxar,Major
DDInter649,Enzalutamide,DDInter1945,Vorapaxar,Enzalutamide,Vorapaxar,Major
DDInter657,Epoprostenol,DDInter1945,Vorapaxar,Epoprostenol,Vorapaxar,Moderate
DDInter659,Eptifibatide,DDInter1945,Vorapaxar,Eptifibatide,Vorapaxar,Major
DDInter672,Escitalopram,DDInter1945,Vorapaxar,Escitalopram,Vorapaxar,Moderate
DDInter699,Etodolac,DDInter1945,Vorapaxar,Etodolac,Vorapaxar,Major
DDInter1945,Vorapaxar,DDInter714,Fedratinib,Fedratinib,Vorapaxar,Major
DDInter717,Fenfluramine,DDInter1945,Vorapaxar,Fenfluramine,Vorapaxar,Moderate
DDInter721,Fenoprofen,DDInter1945,Vorapaxar,Fenoprofen,Vorapaxar,Major
DDInter758,Fluoxetine,DDInter1945,Vorapaxar,Fluoxetine,Vorapaxar,Moderate
DDInter763,Flurbiprofen,DDInter1945,Vorapaxar,Flurbiprofen,Vorapaxar,Major
DDInter764,Flurbiprofen (ophthalmic),DDInter1945,Vorapaxar,Flurbiprofen (ophthalmic),Vorapaxar,Moderate
DDInter770,Fluvoxamine,DDInter1945,Vorapaxar,Fluvoxamine,Vorapaxar,Moderate
DDInter775,Fondaparinux,DDInter1945,Vorapaxar,Fondaparinux,Vorapaxar,Major
DDInter777,Fosamprenavir,DDInter1945,Vorapaxar,Fosamprenavir,Vorapaxar,Major
DDInter783,Fosphenytoin,DDInter1945,Vorapaxar,Fosphenytoin,Vorapaxar,Major
DDInter1945,Vorapaxar,DDInter785,Fostamatinib,Fostamatinib,Vorapaxar,Moderate
DDInter1945,Vorapaxar,DDInter808,Garlic,Garlic,Vorapaxar,Moderate
DDInter819,Ginkgo biloba,DDInter1945,Vorapaxar,Ginkgo biloba,Vorapaxar,Moderate
DDInter820,Ginseng,DDInter1945,Vorapaxar,Ginseng,Vorapaxar,Moderate
DDInter855,Hemin,DDInter1945,Vorapaxar,Hemin,Vorapaxar,Moderate
DDInter856,Heparin,DDInter1945,Vorapaxar,Heparin,Vorapaxar,Major
DDInter898,Ibritumomab tiuxetan,DDInter1945,Vorapaxar,Ibritumomab tiuxetan,Vorapaxar,Major
DDInter1945,Vorapaxar,DDInter899,Ibrutinib,Ibrutinib,Vorapaxar,Major
DDInter903,Icosapent,DDInter1945,Vorapaxar,Icosapent,Vorapaxar,Moderate
DDInter1945,Vorapaxar,DDInter905,Idelalisib,Idelalisib,Vorapaxar,Major
DDInter908,Iloprost,DDInter1945,Vorapaxar,Iloprost,Vorapaxar,Moderate
DDInter917,Indinavir,DDInter1945,Vorapaxar,Indinavir,Vorapaxar,Major
DDInter921,Indomethacin,DDInter1945,Vorapaxar,Indomethacin,Vorapaxar,Major
DDInter1839,Tositumomab (I-131),DDInter1945,Vorapaxar,Tositumomab (I-131),Vorapaxar,Major
DDInter1008,Ketoconazole,DDInter1945,Vorapaxar,Ketoconazole,Vorapaxar,Major
DDInter1037,Lepirudin,DDInter1945,Vorapaxar,Lepirudin,Vorapaxar,Major
DDInter1087,Lonafarnib,DDInter1945,Vorapaxar,Lonafarnib,Vorapaxar,Major
DDInter1135,Meclofenamic acid,DDInter1945,Vorapaxar,Meclofenamic acid,Vorapaxar,Major
DDInter1451,Phenylbutazone,DDInter1945,Vorapaxar,Phenylbutazone,Vorapaxar,Major
DDInter1613,Rofecoxib,DDInter1945,Vorapaxar,Rofecoxib,Vorapaxar,Moderate
DDInter1665,Sibutramine,DDInter1945,Vorapaxar,Sibutramine,Vorapaxar,Moderate
DDInter1945,Vorapaxar,DDInter1698,Somapacitan,Somapacitan,Vorapaxar,Moderate
DDInter1945,Vorapaxar,DDInter1700,Somatrem,Somatrem,Vorapaxar,Moderate
DDInter1699,Somatotropin,DDInter1945,Vorapaxar,Somatotropin,Vorapaxar,Moderate
DDInter1708,St. John's Wort,DDInter1945,Vorapaxar,St. John's Wort,Vorapaxar,Major
DDInter1712,Streptokinase,DDInter1945,Vorapaxar,Streptokinase,Vorapaxar,Major
DDInter1732,Suprofen (ophthalmic),DDInter1945,Vorapaxar,Suprofen (ophthalmic),Vorapaxar,Moderate
DDInter1755,Telaprevir,DDInter1945,Vorapaxar,Telaprevir,Vorapaxar,Major
DDInter1812,Tinzaparin,DDInter1945,Vorapaxar,Tinzaparin,Vorapaxar,Major
DDInter1831,Tolmetin,DDInter1945,Vorapaxar,Tolmetin,Vorapaxar,Major
DDInter1838,Tositumomab,DDInter1945,Vorapaxar,Tositumomab,Vorapaxar,Major
DDInter1945,Vorapaxar,DDInter1882,Troleandomycin,Troleandomycin,Vorapaxar,Major
DDInter1945,Vorapaxar,DDInter1892,Turmeric,Turmeric,Vorapaxar,Minor
DDInter1905,Urokinase,DDInter1945,Vorapaxar,Urokinase,Vorapaxar,Major
DDInter1910,Valdecoxib,DDInter1945,Vorapaxar,Valdecoxib,Vorapaxar,Moderate
DDInter1943,Vitamin E,DDInter1945,Vorapaxar,Vitamin E,Vorapaxar,Moderate
DDInter1946,Voriconazole,DDInter1945,Vorapaxar,Vorapaxar,Voriconazole,Major
DDInter1945,Vorapaxar,DDInter1948,Vortioxetine,Vorapaxar,Vortioxetine,Moderate
DDInter1945,Vorapaxar,DDInter1959,Zanubrutinib,Vorapaxar,Zanubrutinib,Major
DDInter542,Dicoumarol,DDInter1946,Voriconazole,Dicoumarol,Voriconazole,Major
DDInter1946,Voriconazole,DDInter785,Fostamatinib,Fostamatinib,Voriconazole,Major
DDInter1946,Voriconazole,DDInter1115,Magnesium citrate,Magnesium citrate,Voriconazole,Moderate
DDInter99,Anistreplase,DDInter1948,Vortioxetine,Anistreplase,Vortioxetine,Moderate
DDInter117,Argatroban,DDInter1948,Vortioxetine,Argatroban,Vortioxetine,Moderate
DDInter471,Danaparoid,DDInter1948,Vortioxetine,Danaparoid,Vortioxetine,Moderate
DDInter542,Dicoumarol,DDInter1948,Vortioxetine,Dicoumarol,Vortioxetine,Moderate
DDInter605,Drotrecogin alfa,DDInter1948,Vortioxetine,Drotrecogin alfa,Vortioxetine,Moderate
DDInter645,Enoxaparin,DDInter1948,Vortioxetine,Enoxaparin,Vortioxetine,Moderate
DDInter657,Epoprostenol,DDInter1948,Vortioxetine,Epoprostenol,Vortioxetine,Moderate
DDInter659,Eptifibatide,DDInter1948,Vortioxetine,Eptifibatide,Vortioxetine,Moderate
DDInter775,Fondaparinux,DDInter1948,Vortioxetine,Fondaparinux,Vortioxetine,Moderate
DDInter856,Heparin,DDInter1948,Vortioxetine,Heparin,Vortioxetine,Moderate
DDInter908,Iloprost,DDInter1948,Vortioxetine,Iloprost,Vortioxetine,Moderate
DDInter1037,Lepirudin,DDInter1948,Vortioxetine,Lepirudin,Vortioxetine,Moderate
DDInter1712,Streptokinase,DDInter1948,Vortioxetine,Streptokinase,Vortioxetine,Moderate
DDInter1812,Tinzaparin,DDInter1948,Vortioxetine,Tinzaparin,Vortioxetine,Moderate
DDInter1903,Urea,DDInter1948,Vortioxetine,Urea,Vortioxetine,Moderate
DDInter1905,Urokinase,DDInter1948,Vortioxetine,Urokinase,Vortioxetine,Moderate
DDInter785,Fostamatinib,DDInter1949,Voxelotor,Fostamatinib,Voxelotor,Moderate
DDInter542,Dicoumarol,DDInter1955,Zafirlukast,Dicoumarol,Zafirlukast,Moderate
DDInter1955,Zafirlukast,DDInter785,Fostamatinib,Fostamatinib,Zafirlukast,Moderate
DDInter1957,Zaleplon,DDInter785,Fostamatinib,Fostamatinib,Zaleplon,Moderate
DDInter99,Anistreplase,DDInter1959,Zanubrutinib,Anistreplase,Zanubrutinib,Major
DDInter117,Argatroban,DDInter1959,Zanubrutinib,Argatroban,Zanubrutinib,Major
DDInter471,Danaparoid,DDInter1959,Zanubrutinib,Danaparoid,Zanubrutinib,Major
DDInter523,Dextran (-1),DDInter1959,Zanubrutinib,Dextran (-1),Zanubrutinib,Major
DDInter524,Dextran (high molecular weight),DDInter1959,Zanubrutinib,Dextran (high molecular weight),Zanubrutinib,Major
DDInter542,Dicoumarol,DDInter1959,Zanubrutinib,Dicoumarol,Zanubrutinib,Major
DDInter605,Drotrecogin alfa,DDInter1959,Zanubrutinib,Drotrecogin alfa,Zanubrutinib,Major
DDInter645,Enoxaparin,DDInter1959,Zanubrutinib,Enoxaparin,Zanubrutinib,Major
DDInter657,Epoprostenol,DDInter1959,Zanubrutinib,Epoprostenol,Zanubrutinib,Major
DDInter659,Eptifibatide,DDInter1959,Zanubrutinib,Eptifibatide,Zanubrutinib,Major
DDInter775,Fondaparinux,DDInter1959,Zanubrutinib,Fondaparinux,Zanubrutinib,Major
DDInter855,Hemin,DDInter1959,Zanubrutinib,Hemin,Zanubrutinib,Moderate
DDInter856,Heparin,DDInter1959,Zanubrutinib,Heparin,Zanubrutinib,Major
DDInter908,Iloprost,DDInter1959,Zanubrutinib,Iloprost,Zanubrutinib,Major
DDInter1037,Lepirudin,DDInter1959,Zanubrutinib,Lepirudin,Zanubrutinib,Major
DDInter1712,Streptokinase,DDInter1959,Zanubrutinib,Streptokinase,Zanubrutinib,Major
DDInter1812,Tinzaparin,DDInter1959,Zanubrutinib,Tinzaparin,Zanubrutinib,Major
DDInter1905,Urokinase,DDInter1959,Zanubrutinib,Urokinase,Zanubrutinib,Major
DDInter1962,Zileuton,DDInter785,Fostamatinib,Fostamatinib,Zileuton,Moderate
DDInter1967,Ziprasidone,DDInter785,Fostamatinib,Fostamatinib,Ziprasidone,Moderate
DDInter1967,Ziprasidone,DDInter1115,Magnesium citrate,Magnesium citrate,Ziprasidone,Moderate
DDInter1970,Zolpidem,DDInter785,Fostamatinib,Fostamatinib,Zolpidem,Moderate
DDInter1971,Zonisamide,DDInter785,Fostamatinib,Fostamatinib,Zonisamide,Moderate
DDInter98,Anisindione,DDInter645,Enoxaparin,Anisindione,Enoxaparin,Major
DDInter99,Anistreplase,DDInter645,Enoxaparin,Anistreplase,Enoxaparin,Major
DDInter115,Ardeparin,DDInter645,Enoxaparin,Ardeparin,Enoxaparin,Major
DDInter117,Argatroban,DDInter645,Enoxaparin,Argatroban,Enoxaparin,Major
DDInter645,Enoxaparin,DDInter215,Bismuth subsalicylate,Bismuth subsalicylate,Enoxaparin,Moderate
DDInter241,Bromfenac,DDInter645,Enoxaparin,Bromfenac,Enoxaparin,Major
DDInter645,Enoxaparin,DDInter291,Capsicum,Capsicum,Enoxaparin,Minor
DDInter645,Enoxaparin,DDInter347,Chamomile,Chamomile,Enoxaparin,Minor
DDInter645,Enoxaparin,DDInter417,Clove,Clove,Enoxaparin,Minor
DDInter645,Enoxaparin,DDInter471,Danaparoid,Danaparoid,Enoxaparin,Major
DDInter518,Dexfenfluramine,DDInter645,Enoxaparin,Dexfenfluramine,Enoxaparin,Moderate
DDInter645,Enoxaparin,DDInter523,Dextran (-1),Dextran (-1),Enoxaparin,Major
DDInter645,Enoxaparin,DDInter524,Dextran (high molecular weight),Dextran (high molecular weight),Enoxaparin,Major
DDInter542,Dicoumarol,DDInter645,Enoxaparin,Dicoumarol,Enoxaparin,Major
DDInter551,Diflunisal,DDInter645,Enoxaparin,Diflunisal,Enoxaparin,Major
DDInter605,Drotrecogin alfa,DDInter645,Enoxaparin,Drotrecogin alfa,Enoxaparin,Major
DDInter645,Enoxaparin,DDInter657,Epoprostenol,Enoxaparin,Epoprostenol,Major
DDInter658,Eprosartan,DDInter645,Enoxaparin,Enoxaparin,Eprosartan,Moderate
DDInter659,Eptifibatide,DDInter645,Enoxaparin,Enoxaparin,Eptifibatide,Major
DDInter672,Escitalopram,DDInter645,Enoxaparin,Enoxaparin,Escitalopram,Moderate
DDInter699,Etodolac,DDInter645,Enoxaparin,Enoxaparin,Etodolac,Major
DDInter645,Enoxaparin,DDInter714,Fedratinib,Enoxaparin,Fedratinib,Major
DDInter717,Fenfluramine,DDInter645,Enoxaparin,Enoxaparin,Fenfluramine,Moderate
DDInter721,Fenoprofen,DDInter645,Enoxaparin,Enoxaparin,Fenoprofen,Major
DDInter763,Flurbiprofen,DDInter645,Enoxaparin,Enoxaparin,Flurbiprofen,Major
DDInter764,Flurbiprofen (ophthalmic),DDInter645,Enoxaparin,Enoxaparin,Flurbiprofen (ophthalmic),Moderate
DDInter770,Fluvoxamine,DDInter645,Enoxaparin,Enoxaparin,Fluvoxamine,Moderate
DDInter775,Fondaparinux,DDInter645,Enoxaparin,Enoxaparin,Fondaparinux,Major
DDInter781,Fosinopril,DDInter645,Enoxaparin,Enoxaparin,Fosinopril,Moderate
DDInter645,Enoxaparin,DDInter808,Garlic,Enoxaparin,Garlic,Moderate
DDInter645,Enoxaparin,DDInter819,Ginkgo biloba,Enoxaparin,Ginkgo biloba,Moderate
DDInter645,Enoxaparin,DDInter820,Ginseng,Enoxaparin,Ginseng,Moderate
DDInter645,Enoxaparin,DDInter855,Hemin,Enoxaparin,Hemin,Moderate
DDInter856,Heparin,DDInter645,Enoxaparin,Enoxaparin,Heparin,Major
DDInter898,Ibritumomab tiuxetan,DDInter645,Enoxaparin,Enoxaparin,Ibritumomab tiuxetan,Major
DDInter645,Enoxaparin,DDInter899,Ibrutinib,Enoxaparin,Ibrutinib,Major
DDInter903,Icosapent,DDInter645,Enoxaparin,Enoxaparin,Icosapent,Moderate
DDInter908,Iloprost,DDInter645,Enoxaparin,Enoxaparin,Iloprost,Major
DDInter921,Indomethacin,DDInter645,Enoxaparin,Enoxaparin,Indomethacin,Major
DDInter1839,Tositumomab (I-131),DDInter645,Enoxaparin,Enoxaparin,Tositumomab (I-131),Major
DDInter1037,Lepirudin,DDInter645,Enoxaparin,Enoxaparin,Lepirudin,Major
DDInter1135,Meclofenamic acid,DDInter645,Enoxaparin,Enoxaparin,Meclofenamic acid,Major
DDInter1451,Phenylbutazone,DDInter645,Enoxaparin,Enoxaparin,Phenylbutazone,Major
DDInter645,Enoxaparin,DDInter1484,Plicamycin,Enoxaparin,Plicamycin,Major
DDInter1613,Rofecoxib,DDInter645,Enoxaparin,Enoxaparin,Rofecoxib,Moderate
DDInter1665,Sibutramine,DDInter645,Enoxaparin,Enoxaparin,Sibutramine,Moderate
DDInter645,Enoxaparin,DDInter953,Iodide I-123,Enoxaparin,Iodide I-123,Moderate
DDInter1633,Salicylic acid (sodium),DDInter645,Enoxaparin,Enoxaparin,Salicylic acid (sodium),Moderate
DDInter1712,Streptokinase,DDInter645,Enoxaparin,Enoxaparin,Streptokinase,Major
DDInter1726,Sulfinpyrazone,DDInter645,Enoxaparin,Enoxaparin,Sulfinpyrazone,Major
DDInter1732,Suprofen (ophthalmic),DDInter645,Enoxaparin,Enoxaparin,Suprofen (ophthalmic),Moderate
DDInter645,Enoxaparin,DDInter1812,Tinzaparin,Enoxaparin,Tinzaparin,Major
DDInter1831,Tolmetin,DDInter645,Enoxaparin,Enoxaparin,Tolmetin,Major
DDInter1838,Tositumomab,DDInter645,Enoxaparin,Enoxaparin,Tositumomab,Major
DDInter645,Enoxaparin,DDInter1892,Turmeric,Enoxaparin,Turmeric,Minor
DDInter1905,Urokinase,DDInter645,Enoxaparin,Enoxaparin,Urokinase,Major
DDInter1910,Valdecoxib,DDInter645,Enoxaparin,Enoxaparin,Valdecoxib,Moderate
DDInter1943,Vitamin E,DDInter645,Enoxaparin,Enoxaparin,Vitamin E,Moderate
DDInter646,Entacapone,DDInter975,Iron,Entacapone,Iron,Moderate
DDInter646,Entacapone,DDInter653,Epinephrine (ophthalmic),Entacapone,Epinephrine (ophthalmic),Moderate
DDInter646,Entacapone,DDInter654,Epinephrine (topical),Entacapone,Epinephrine (topical),Moderate
DDInter646,Entacapone,DDInter725,Ferrous fumarate,Entacapone,Ferrous fumarate,Moderate
DDInter646,Entacapone,DDInter726,Ferrous gluconate,Entacapone,Ferrous gluconate,Moderate
DDInter1115,Magnesium citrate,DDInter648,Entrectinib,Entrectinib,Magnesium citrate,Moderate
DDInter542,Dicoumarol,DDInter649,Enzalutamide,Dicoumarol,Enzalutamide,Moderate
DDInter649,Enzalutamide,DDInter785,Fostamatinib,Enzalutamide,Fostamatinib,Major
DDInter649,Enzalutamide,DDInter1115,Magnesium citrate,Enzalutamide,Magnesium citrate,Moderate
DDInter650,Ephedrine,DDInter80,Ammonium chloride,Ammonium chloride,Ephedrine,Minor
DDInter657,Epoprostenol,DDInter650,Ephedrine,Ephedrine,Epoprostenol,Moderate
DDInter908,Iloprost,DDInter650,Ephedrine,Ephedrine,Iloprost,Moderate
DDInter650,Ephedrine,DDInter1681,Sodium acetate,Ephedrine,Sodium acetate,Moderate
DDInter82,Amoxapine,DDInter1497,Potassium chloride,Amoxapine,Potassium chloride,Major
DDInter149,Azatadine,DDInter1497,Potassium chloride,Azatadine,Potassium chloride,Major
DDInter1497,Potassium chloride,DDInter175,Belladonna,Belladonna,Potassium chloride,Major
DDInter1497,Potassium chloride,DDInter241,Bromfenac,Bromfenac,Potassium chloride,Moderate
DDInter1497,Potassium chloride,DDInter354,Chlorcyclizine,Chlorcyclizine,Potassium chloride,Major
DDInter363,Chlorpromazine,DDInter1497,Potassium chloride,Chlorpromazine,Potassium chloride,Major
DDInter1497,Potassium chloride,DDInter453,Cyclizine,Cyclizine,Potassium chloride,Major
DDInter459,Cyproheptadine,DDInter1497,Potassium chloride,Cyproheptadine,Potassium chloride,Major
DDInter517,Dexbrompheniramine,DDInter1497,Potassium chloride,Dexbrompheniramine,Potassium chloride,Major
DDInter1497,Potassium chloride,DDInter551,Diflunisal,Diflunisal,Potassium chloride,Moderate
DDInter1497,Potassium chloride,DDInter562,Dimenhydrinate,Dimenhydrinate,Potassium chloride,Major
DDInter656,Eplerenone,DDInter1497,Potassium chloride,Eplerenone,Potassium chloride,Major
DDInter1497,Potassium chloride,DDInter658,Eprosartan,Eprosartan,Potassium chloride,Major
DDInter699,Etodolac,DDInter1497,Potassium chloride,Etodolac,Potassium chloride,Moderate
DDInter721,Fenoprofen,DDInter1497,Potassium chloride,Fenoprofen,Potassium chloride,Moderate
DDInter1497,Potassium chloride,DDInter738,Flavoxate,Flavoxate,Potassium chloride,Major
DDInter760,Fluphenazine,DDInter1497,Potassium chloride,Fluphenazine,Potassium chloride,Major
DDInter763,Flurbiprofen,DDInter1497,Potassium chloride,Flurbiprofen,Potassium chloride,Moderate
DDInter781,Fosinopril,DDInter1497,Potassium chloride,Fosinopril,Potassium chloride,Major
DDInter895,Hydroxyzine,DDInter1497,Potassium chloride,Hydroxyzine,Potassium chloride,Major
DDInter912,Imipramine,DDInter1497,Potassium chloride,Imipramine,Potassium chloride,Major
DDInter921,Indomethacin,DDInter1497,Potassium chloride,Indomethacin,Potassium chloride,Moderate
DDInter934,Insulin human,DDInter1497,Potassium chloride,Insulin human,Potassium chloride,Minor
DDInter1497,Potassium chloride,DDInter928,Insulin aspart (aspart protamine),Insulin aspart (aspart protamine),Potassium chloride,Minor
DDInter940,Insulin lispro,DDInter1497,Potassium chloride,Insulin lispro,Potassium chloride,Minor
DDInter941,Insulin lispro (protamine),DDInter1497,Potassium chloride,Insulin lispro (protamine),Potassium chloride,Minor
DDInter939,Insulin human (zinc),DDInter1497,Potassium chloride,Insulin human (zinc),Potassium chloride,Minor
DDInter938,Insulin human (zinc extended),DDInter1497,Potassium chloride,Insulin human (zinc extended),Potassium chloride,Minor
DDInter1497,Potassium chloride,DDInter1135,Meclofenamic acid,Meclofenamic acid,Potassium chloride,Moderate
DDInter1497,Potassium chloride,DDInter1159,Mesoridazine,Mesoridazine,Potassium chloride,Major
DDInter1497,Potassium chloride,DDInter1168,Methdilazine,Methdilazine,Potassium chloride,Major
DDInter1497,Potassium chloride,DDInter1175,Methotrimeprazine,Methotrimeprazine,Potassium chloride,Major
DDInter1497,Potassium chloride,DDInter1432,Perphenazine,Perphenazine,Potassium chloride,Major
DDInter1497,Potassium chloride,DDInter1441,Phenindamine,Phenindamine,Potassium chloride,Major
DDInter1497,Potassium chloride,DDInter1451,Phenylbutazone,Phenylbutazone,Potassium chloride,Moderate
DDInter1532,Promazine,DDInter1497,Potassium chloride,Potassium chloride,Promazine,Major
DDInter1497,Potassium chloride,DDInter1537,Propiomazine,Potassium chloride,Propiomazine,Major
DDInter1793,Thiethylperazine,DDInter1497,Potassium chloride,Potassium chloride,Thiethylperazine,Major
DDInter1796,Thioridazine,DDInter1497,Potassium chloride,Potassium chloride,Thioridazine,Major
DDInter1831,Tolmetin,DDInter1497,Potassium chloride,Potassium chloride,Tolmetin,Moderate
DDInter1497,Potassium chloride,DDInter1866,Trifluoperazine,Potassium chloride,Trifluoperazine,Major
DDInter1867,Triflupromazine,DDInter1497,Potassium chloride,Potassium chloride,Triflupromazine,Major
DDInter1870,Trihexyphenidyl,DDInter1497,Potassium chloride,Potassium chloride,Trihexyphenidyl,Major
DDInter1497,Potassium chloride,DDInter45,Alimemazine,Alimemazine,Potassium chloride,Major
DDInter1497,Potassium chloride,DDInter1878,Tripelennamine,Potassium chloride,Tripelennamine,Major
DDInter655,Epirubicin,DDInter785,Fostamatinib,Epirubicin,Fostamatinib,Moderate
DDInter656,Eplerenone,DDInter657,Epoprostenol,Eplerenone,Epoprostenol,Moderate
DDInter656,Eplerenone,DDInter785,Fostamatinib,Eplerenone,Fostamatinib,Moderate
DDInter656,Eplerenone,DDInter908,Iloprost,Eplerenone,Iloprost,Moderate
DDInter656,Eplerenone,DDInter1495,Potassium acetate,Eplerenone,Potassium acetate,Major
DDInter671,Erythropoietin,DDInter781,Fosinopril,Erythropoietin,Fosinopril,Minor
DDInter38,Aldesleukin,DDInter657,Epoprostenol,Aldesleukin,Epoprostenol,Moderate
DDInter657,Epoprostenol,DDInter92,Amyl Nitrite,Amyl Nitrite,Epoprostenol,Moderate
DDInter98,Anisindione,DDInter657,Epoprostenol,Anisindione,Epoprostenol,Moderate
DDInter99,Anistreplase,DDInter657,Epoprostenol,Anistreplase,Epoprostenol,Moderate
DDInter115,Ardeparin,DDInter657,Epoprostenol,Ardeparin,Epoprostenol,Major
DDInter117,Argatroban,DDInter657,Epoprostenol,Argatroban,Epoprostenol,Moderate
DDInter179,Bendroflumethiazide,DDInter657,Epoprostenol,Bendroflumethiazide,Epoprostenol,Moderate
DDInter188,Benzthiazide,DDInter657,Epoprostenol,Benzthiazide,Epoprostenol,Moderate
DDInter657,Epoprostenol,DDInter192,Bepridil,Bepridil,Epoprostenol,Moderate
DDInter657,Epoprostenol,DDInter215,Bismuth subsalicylate,Bismuth subsalicylate,Epoprostenol,Moderate
DDInter241,Bromfenac,DDInter657,Epoprostenol,Bromfenac,Epoprostenol,Moderate
DDInter657,Epoprostenol,DDInter291,Capsicum,Capsicum,Epoprostenol,Minor
DDInter303,Carteolol,DDInter657,Epoprostenol,Carteolol,Epoprostenol,Moderate
DDInter657,Epoprostenol,DDInter347,Chamomile,Chamomile,Epoprostenol,Minor
DDInter657,Epoprostenol,DDInter370,Choline salicylate,Choline salicylate,Epoprostenol,Moderate
DDInter657,Epoprostenol,DDInter452,Cyclandelate,Cyclandelate,Epoprostenol,Moderate
DDInter657,Epoprostenol,DDInter471,Danaparoid,Danaparoid,Epoprostenol,Major
DDInter502,Deserpidine,DDInter657,Epoprostenol,Deserpidine,Epoprostenol,Moderate
DDInter518,Dexfenfluramine,DDInter657,Epoprostenol,Dexfenfluramine,Epoprostenol,Moderate
DDInter542,Dicoumarol,DDInter657,Epoprostenol,Dicoumarol,Epoprostenol,Moderate
DDInter551,Diflunisal,DDInter657,Epoprostenol,Diflunisal,Epoprostenol,Moderate
DDInter657,Epoprostenol,DDInter553,Digitoxin,Digitoxin,Epoprostenol,Minor
DDInter605,Drotrecogin alfa,DDInter657,Epoprostenol,Drotrecogin alfa,Epoprostenol,Major
DDInter657,Epoprostenol,DDInter651,Ephedrine (nasal),Ephedrine (nasal),Epoprostenol,Moderate
DDInter658,Eprosartan,DDInter657,Epoprostenol,Epoprostenol,Eprosartan,Moderate
DDInter659,Eptifibatide,DDInter657,Epoprostenol,Epoprostenol,Eptifibatide,Moderate
DDInter657,Epoprostenol,DDInter669,Ertugliflozin,Epoprostenol,Ertugliflozin,Moderate
DDInter672,Escitalopram,DDInter657,Epoprostenol,Epoprostenol,Escitalopram,Moderate
DDInter675,Esmolol,DDInter657,Epoprostenol,Epoprostenol,Esmolol,Moderate
DDInter686,Etacrynic acid,DDInter657,Epoprostenol,Epoprostenol,Etacrynic acid,Moderate
DDInter699,Etodolac,DDInter657,Epoprostenol,Epoprostenol,Etodolac,Moderate
DDInter657,Epoprostenol,DDInter714,Fedratinib,Epoprostenol,Fedratinib,Moderate
DDInter716,Felodipine,DDInter657,Epoprostenol,Epoprostenol,Felodipine,Moderate
DDInter717,Fenfluramine,DDInter657,Epoprostenol,Epoprostenol,Fenfluramine,Moderate
DDInter720,Fenoldopam,DDInter657,Epoprostenol,Epoprostenol,Fenoldopam,Moderate
DDInter721,Fenoprofen,DDInter657,Epoprostenol,Epoprostenol,Fenoprofen,Moderate
DDInter763,Flurbiprofen,DDInter657,Epoprostenol,Epoprostenol,Flurbiprofen,Moderate
DDInter764,Flurbiprofen (ophthalmic),DDInter657,Epoprostenol,Epoprostenol,Flurbiprofen (ophthalmic),Moderate
DDInter770,Fluvoxamine,DDInter657,Epoprostenol,Epoprostenol,Fluvoxamine,Moderate
DDInter775,Fondaparinux,DDInter657,Epoprostenol,Epoprostenol,Fondaparinux,Major
DDInter781,Fosinopril,DDInter657,Epoprostenol,Epoprostenol,Fosinopril,Moderate
DDInter790,Furosemide,DDInter657,Epoprostenol,Epoprostenol,Furosemide,Moderate
DDInter657,Epoprostenol,DDInter819,Ginkgo biloba,Epoprostenol,Ginkgo biloba,Moderate
DDInter657,Epoprostenol,DDInter832,Glycerin,Epoprostenol,Glycerin,Moderate
DDInter844,Guanabenz,DDInter657,Epoprostenol,Epoprostenol,Guanabenz,Moderate
DDInter845,Guanadrel,DDInter657,Epoprostenol,Epoprostenol,Guanadrel,Moderate
DDInter846,Guanethidine,DDInter657,Epoprostenol,Epoprostenol,Guanethidine,Moderate
DDInter847,Guanfacine,DDInter657,Epoprostenol,Epoprostenol,Guanfacine,Moderate
DDInter657,Epoprostenol,DDInter855,Hemin,Epoprostenol,Hemin,Moderate
DDInter856,Heparin,DDInter657,Epoprostenol,Epoprostenol,Heparin,Moderate
DDInter889,Hydroflumethiazide,DDInter657,Epoprostenol,Epoprostenol,Hydroflumethiazide,Moderate
DDInter898,Ibritumomab tiuxetan,DDInter657,Epoprostenol,Epoprostenol,Ibritumomab tiuxetan,Major
DDInter657,Epoprostenol,DDInter899,Ibrutinib,Epoprostenol,Ibrutinib,Major
DDInter903,Icosapent,DDInter657,Epoprostenol,Epoprostenol,Icosapent,Moderate
DDInter916,Indapamide,DDInter657,Epoprostenol,Epoprostenol,Indapamide,Moderate
DDInter921,Indomethacin,DDInter657,Epoprostenol,Epoprostenol,Indomethacin,Moderate
DDInter1839,Tositumomab (I-131),DDInter657,Epoprostenol,Epoprostenol,Tositumomab (I-131),Major
DDInter972,Irbesartan,DDInter657,Epoprostenol,Epoprostenol,Irbesartan,Moderate
DDInter657,Epoprostenol,DDInter988,Isosorbide,Epoprostenol,Isosorbide,Moderate
DDInter1037,Lepirudin,DDInter657,Epoprostenol,Epoprostenol,Lepirudin,Moderate
DDInter657,Epoprostenol,DDInter1065,Licorice,Epoprostenol,Licorice,Moderate
DDInter1135,Meclofenamic acid,DDInter657,Epoprostenol,Epoprostenol,Meclofenamic acid,Moderate
DDInter1185,Methyldopa,DDInter657,Epoprostenol,Epoprostenol,Methyldopa,Moderate
DDInter1227,Minoxidil (topical),DDInter657,Epoprostenol,Epoprostenol,Minoxidil (topical),Moderate
DDInter1304,Nitroglycerin,DDInter657,Epoprostenol,Epoprostenol,Nitroglycerin,Moderate
DDInter657,Epoprostenol,DDInter244,Bromotheophylline,Bromotheophylline,Epoprostenol,Moderate
DDInter1389,Papaverine,DDInter657,Epoprostenol,Epoprostenol,Papaverine,Moderate
DDInter657,Epoprostenol,DDInter1417,Penbutolol,Epoprostenol,Penbutolol,Moderate
DDInter1451,Phenylbutazone,DDInter657,Epoprostenol,Epoprostenol,Phenylbutazone,Moderate
DDInter1458,Phenylpropanolamine,DDInter657,Epoprostenol,Epoprostenol,Phenylpropanolamine,Moderate
DDInter657,Epoprostenol,DDInter1484,Plicamycin,Epoprostenol,Plicamycin,Moderate
DDInter657,Epoprostenol,DDInter1490,Polythiazide,Epoprostenol,Polythiazide,Moderate
DDInter1582,Reserpine,DDInter657,Epoprostenol,Epoprostenol,Reserpine,Moderate
DDInter657,Epoprostenol,DDInter1600,Riociguat,Epoprostenol,Riociguat,Moderate
DDInter1613,Rofecoxib,DDInter657,Epoprostenol,Epoprostenol,Rofecoxib,Moderate
DDInter1665,Sibutramine,DDInter657,Epoprostenol,Epoprostenol,Sibutramine,Moderate
DDInter1633,Salicylic acid (sodium),DDInter657,Epoprostenol,Epoprostenol,Salicylic acid (sodium),Moderate
DDInter1712,Streptokinase,DDInter657,Epoprostenol,Epoprostenol,Streptokinase,Moderate
DDInter1726,Sulfinpyrazone,DDInter657,Epoprostenol,Epoprostenol,Sulfinpyrazone,Moderate
DDInter1732,Suprofen (ophthalmic),DDInter657,Epoprostenol,Epoprostenol,Suprofen (ophthalmic),Moderate
DDInter657,Epoprostenol,DDInter1812,Tinzaparin,Epoprostenol,Tinzaparin,Major
DDInter1827,Tolazoline,DDInter657,Epoprostenol,Epoprostenol,Tolazoline,Moderate
DDInter1831,Tolmetin,DDInter657,Epoprostenol,Epoprostenol,Tolmetin,Moderate
DDInter1838,Tositumomab,DDInter657,Epoprostenol,Epoprostenol,Tositumomab,Major
DDInter1861,Trichlormethiazide,DDInter657,Epoprostenol,Epoprostenol,Trichlormethiazide,Moderate
DDInter1872,Trimethaphan,DDInter657,Epoprostenol,Epoprostenol,Trimethaphan,Moderate
DDInter1905,Urokinase,DDInter657,Epoprostenol,Epoprostenol,Urokinase,Moderate
DDInter1910,Valdecoxib,DDInter657,Epoprostenol,Epoprostenol,Valdecoxib,Moderate
DDInter1943,Vitamin E,DDInter657,Epoprostenol,Epoprostenol,Vitamin E,Moderate
DDInter658,Eprosartan,DDInter856,Heparin,Eprosartan,Heparin,Moderate
DDInter658,Eprosartan,DDInter908,Iloprost,Eprosartan,Iloprost,Moderate
DDInter658,Eprosartan,DDInter1495,Potassium acetate,Eprosartan,Potassium acetate,Major
DDInter658,Eprosartan,DDInter1812,Tinzaparin,Eprosartan,Tinzaparin,Moderate
DDInter659,Eptifibatide,DDInter98,Anisindione,Anisindione,Eptifibatide,Major
DDInter99,Anistreplase,DDInter659,Eptifibatide,Anistreplase,Eptifibatide,Major
DDInter659,Eptifibatide,DDInter115,Ardeparin,Ardeparin,Eptifibatide,Major
DDInter659,Eptifibatide,DDInter117,Argatroban,Argatroban,Eptifibatide,Major
DDInter659,Eptifibatide,DDInter215,Bismuth subsalicylate,Bismuth subsalicylate,Eptifibatide,Moderate
DDInter659,Eptifibatide,DDInter291,Capsicum,Capsicum,Eptifibatide,Minor
DDInter659,Eptifibatide,DDInter347,Chamomile,Chamomile,Eptifibatide,Minor
DDInter659,Eptifibatide,DDInter370,Choline salicylate,Choline salicylate,Eptifibatide,Moderate
DDInter659,Eptifibatide,DDInter417,Clove,Clove,Eptifibatide,Minor
DDInter659,Eptifibatide,DDInter471,Danaparoid,Danaparoid,Eptifibatide,Major
DDInter659,Eptifibatide,DDInter518,Dexfenfluramine,Dexfenfluramine,Eptifibatide,Moderate
DDInter659,Eptifibatide,DDInter542,Dicoumarol,Dicoumarol,Eptifibatide,Major
DDInter659,Eptifibatide,DDInter551,Diflunisal,Diflunisal,Eptifibatide,Moderate
DDInter605,Drotrecogin alfa,DDInter659,Eptifibatide,Drotrecogin alfa,Eptifibatide,Major
DDInter659,Eptifibatide,DDInter672,Escitalopram,Eptifibatide,Escitalopram,Moderate
DDInter659,Eptifibatide,DDInter699,Etodolac,Eptifibatide,Etodolac,Moderate
DDInter659,Eptifibatide,DDInter717,Fenfluramine,Eptifibatide,Fenfluramine,Moderate
DDInter659,Eptifibatide,DDInter721,Fenoprofen,Eptifibatide,Fenoprofen,Moderate
DDInter659,Eptifibatide,DDInter758,Fluoxetine,Eptifibatide,Fluoxetine,Moderate
DDInter659,Eptifibatide,DDInter763,Flurbiprofen,Eptifibatide,Flurbiprofen,Moderate
DDInter659,Eptifibatide,DDInter764,Flurbiprofen (ophthalmic),Eptifibatide,Flurbiprofen (ophthalmic),Moderate
DDInter659,Eptifibatide,DDInter770,Fluvoxamine,Eptifibatide,Fluvoxamine,Moderate
DDInter659,Eptifibatide,DDInter775,Fondaparinux,Eptifibatide,Fondaparinux,Major
DDInter659,Eptifibatide,DDInter808,Garlic,Eptifibatide,Garlic,Moderate
DDInter659,Eptifibatide,DDInter819,Ginkgo biloba,Eptifibatide,Ginkgo biloba,Moderate
DDInter659,Eptifibatide,DDInter820,Ginseng,Eptifibatide,Ginseng,Moderate
DDInter659,Eptifibatide,DDInter855,Hemin,Eptifibatide,Hemin,Moderate
DDInter659,Eptifibatide,DDInter856,Heparin,Eptifibatide,Heparin,Major
DDInter659,Eptifibatide,DDInter898,Ibritumomab tiuxetan,Eptifibatide,Ibritumomab tiuxetan,Major
DDInter659,Eptifibatide,DDInter899,Ibrutinib,Eptifibatide,Ibrutinib,Major
DDInter659,Eptifibatide,DDInter903,Icosapent,Eptifibatide,Icosapent,Moderate
DDInter659,Eptifibatide,DDInter908,Iloprost,Eptifibatide,Iloprost,Moderate
DDInter659,Eptifibatide,DDInter921,Indomethacin,Eptifibatide,Indomethacin,Moderate
DDInter659,Eptifibatide,DDInter1839,Tositumomab (I-131),Eptifibatide,Tositumomab (I-131),Major
DDInter1037,Lepirudin,DDInter659,Eptifibatide,Eptifibatide,Lepirudin,Major
DDInter659,Eptifibatide,DDInter1135,Meclofenamic acid,Eptifibatide,Meclofenamic acid,Moderate
DDInter659,Eptifibatide,DDInter1451,Phenylbutazone,Eptifibatide,Phenylbutazone,Moderate
DDInter659,Eptifibatide,DDInter1613,Rofecoxib,Eptifibatide,Rofecoxib,Moderate
DDInter659,Eptifibatide,DDInter1665,Sibutramine,Eptifibatide,Sibutramine,Moderate
DDInter659,Eptifibatide,DDInter1633,Salicylic acid (sodium),Eptifibatide,Salicylic acid (sodium),Moderate
DDInter659,Eptifibatide,DDInter1712,Streptokinase,Eptifibatide,Streptokinase,Major
DDInter659,Eptifibatide,DDInter1732,Suprofen (ophthalmic),Eptifibatide,Suprofen (ophthalmic),Moderate
DDInter659,Eptifibatide,DDInter1812,Tinzaparin,Eptifibatide,Tinzaparin,Major
DDInter659,Eptifibatide,DDInter1831,Tolmetin,Eptifibatide,Tolmetin,Moderate
DDInter659,Eptifibatide,DDInter1838,Tositumomab,Eptifibatide,Tositumomab,Major
DDInter659,Eptifibatide,DDInter1892,Turmeric,Eptifibatide,Turmeric,Minor
DDInter1905,Urokinase,DDInter659,Eptifibatide,Eptifibatide,Urokinase,Major
DDInter659,Eptifibatide,DDInter1910,Valdecoxib,Eptifibatide,Valdecoxib,Moderate
DDInter659,Eptifibatide,DDInter1943,Vitamin E,Eptifibatide,Vitamin E,Moderate
DDInter542,Dicoumarol,DDInter660,Eravacycline,Dicoumarol,Eravacycline,Moderate
DDInter1115,Magnesium citrate,DDInter661,Erdafitinib,Erdafitinib,Magnesium citrate,Major
DDInter662,Ergocalciferol,DDInter1115,Magnesium citrate,Ergocalciferol,Magnesium citrate,Moderate
DDInter653,Epinephrine (ophthalmic),DDInter665,Ergotamine,Epinephrine (ophthalmic),Ergotamine,Major
DDInter654,Epinephrine (topical),DDInter665,Ergotamine,Epinephrine (topical),Ergotamine,Major
DDInter665,Ergotamine,DDInter785,Fostamatinib,Ergotamine,Fostamatinib,Moderate
DDInter666,Eribulin,DDInter785,Fostamatinib,Eribulin,Fostamatinib,Moderate
DDInter666,Eribulin,DDInter1115,Magnesium citrate,Eribulin,Magnesium citrate,Moderate
DDInter542,Dicoumarol,DDInter667,Erlotinib,Dicoumarol,Erlotinib,Moderate
DDInter667,Erlotinib,DDInter785,Fostamatinib,Erlotinib,Fostamatinib,Moderate
DDInter908,Iloprost,DDInter669,Ertugliflozin,Ertugliflozin,Iloprost,Moderate
DDInter1903,Urea,DDInter669,Ertugliflozin,Ertugliflozin,Urea,Moderate
DDInter99,Anistreplase,DDInter672,Escitalopram,Anistreplase,Escitalopram,Moderate
DDInter117,Argatroban,DDInter672,Escitalopram,Argatroban,Escitalopram,Moderate
DDInter672,Escitalopram,DDInter471,Danaparoid,Danaparoid,Escitalopram,Moderate
DDInter542,Dicoumarol,DDInter672,Escitalopram,Dicoumarol,Escitalopram,Moderate
DDInter605,Drotrecogin alfa,DDInter672,Escitalopram,Drotrecogin alfa,Escitalopram,Moderate
DDInter775,Fondaparinux,DDInter672,Escitalopram,Escitalopram,Fondaparinux,Moderate
DDInter672,Escitalopram,DDInter785,Fostamatinib,Escitalopram,Fostamatinib,Moderate
DDInter856,Heparin,DDInter672,Escitalopram,Escitalopram,Heparin,Moderate
DDInter908,Iloprost,DDInter672,Escitalopram,Escitalopram,Iloprost,Moderate
DDInter1037,Lepirudin,DDInter672,Escitalopram,Escitalopram,Lepirudin,Moderate
DDInter672,Escitalopram,DDInter1115,Magnesium citrate,Escitalopram,Magnesium citrate,Moderate
DDInter1712,Streptokinase,DDInter672,Escitalopram,Escitalopram,Streptokinase,Moderate
DDInter672,Escitalopram,DDInter1812,Tinzaparin,Escitalopram,Tinzaparin,Moderate
DDInter672,Escitalopram,DDInter1903,Urea,Escitalopram,Urea,Moderate
DDInter1905,Urokinase,DDInter672,Escitalopram,Escitalopram,Urokinase,Moderate
DDInter542,Dicoumarol,DDInter674,Eslicarbazepine,Dicoumarol,Eslicarbazepine,Moderate
DDInter785,Fostamatinib,DDInter674,Eslicarbazepine,Eslicarbazepine,Fostamatinib,Moderate
DDInter1903,Urea,DDInter674,Eslicarbazepine,Eslicarbazepine,Urea,Moderate
DDInter675,Esmolol,DDInter908,Iloprost,Esmolol,Iloprost,Moderate
DDInter542,Dicoumarol,DDInter676,Esomeprazole,Dicoumarol,Esomeprazole,Moderate
DDInter676,Esomeprazole,DDInter726,Ferrous gluconate,Esomeprazole,Ferrous gluconate,Moderate
DDInter676,Esomeprazole,DDInter785,Fostamatinib,Esomeprazole,Fostamatinib,Moderate
DDInter676,Esomeprazole,DDInter1136,Mecobalamin,Esomeprazole,Mecobalamin,Minor
DDInter677,Estazolam,DDInter785,Fostamatinib,Estazolam,Fostamatinib,Moderate
DDInter678,Esterified estrogens,DDInter785,Fostamatinib,Esterified estrogens,Fostamatinib,Moderate
DDInter855,Hemin,DDInter678,Esterified estrogens,Esterified estrogens,Hemin,Major
DDInter542,Dicoumarol,DDInter680,Estradiol (topical),Dicoumarol,Estradiol (topical),Moderate
DDInter680,Estradiol (topical),DDInter785,Fostamatinib,Estradiol (topical),Fostamatinib,Moderate
DDInter680,Estradiol (topical),DDInter855,Hemin,Estradiol (topical),Hemin,Major
DDInter542,Dicoumarol,DDInter681,Estramustine,Dicoumarol,Estramustine,Moderate
DDInter542,Dicoumarol,DDInter440,Conjugated estrogens (topical),Conjugated estrogens (topical),Dicoumarol,Moderate
DDInter440,Conjugated estrogens (topical),DDInter855,Hemin,Conjugated estrogens (topical),Hemin,Major
DDInter542,Dicoumarol,DDInter678,Esterified estrogens,Dicoumarol,Esterified estrogens,Moderate
DDInter542,Dicoumarol,DDInter683,Estrone sulfate,Dicoumarol,Estrone sulfate,Moderate
DDInter683,Estrone sulfate,DDInter785,Fostamatinib,Estrone sulfate,Fostamatinib,Moderate
DDInter855,Hemin,DDInter683,Estrone sulfate,Estrone sulfate,Hemin,Major
DDInter685,Eszopiclone,DDInter785,Fostamatinib,Eszopiclone,Fostamatinib,Moderate
DDInter687,Etanercept,DDInter542,Dicoumarol,Dicoumarol,Etanercept,Moderate
DDInter687,Etanercept,DDInter1964,Zinc chloride,Etanercept,Zinc chloride,Minor
DDInter686,Etacrynic acid,DDInter908,Iloprost,Etacrynic acid,Iloprost,Moderate
DDInter686,Etacrynic acid,DDInter1115,Magnesium citrate,Etacrynic acid,Magnesium citrate,Moderate
DDInter695,Ethosuximide,DDInter785,Fostamatinib,Ethosuximide,Fostamatinib,Moderate
DDInter542,Dicoumarol,DDInter696,Ethotoin,Dicoumarol,Ethotoin,Moderate
DDInter1723,Sulfamethizole,DDInter696,Ethotoin,Ethotoin,Sulfamethizole,Moderate
DDInter698,Etidronic acid,DDInter975,Iron,Etidronic acid,Iron,Moderate
DDInter698,Etidronic acid,DDInter725,Ferrous fumarate,Etidronic acid,Ferrous fumarate,Moderate
DDInter698,Etidronic acid,DDInter726,Ferrous gluconate,Etidronic acid,Ferrous gluconate,Moderate
DDInter698,Etidronic acid,DDInter1115,Magnesium citrate,Etidronic acid,Magnesium citrate,Moderate
DDInter99,Anistreplase,DDInter699,Etodolac,Anistreplase,Etodolac,Moderate
DDInter117,Argatroban,DDInter699,Etodolac,Argatroban,Etodolac,Moderate
DDInter699,Etodolac,DDInter471,Danaparoid,Danaparoid,Etodolac,Major
DDInter542,Dicoumarol,DDInter699,Etodolac,Dicoumarol,Etodolac,Major
DDInter605,Drotrecogin alfa,DDInter699,Etodolac,Drotrecogin alfa,Etodolac,Major
DDInter775,Fondaparinux,DDInter699,Etodolac,Etodolac,Fondaparinux,Major
DDInter699,Etodolac,DDInter856,Heparin,Etodolac,Heparin,Moderate
DDInter699,Etodolac,DDInter908,Iloprost,Etodolac,Iloprost,Moderate
DDInter1037,Lepirudin,DDInter699,Etodolac,Etodolac,Lepirudin,Moderate
DDInter1712,Streptokinase,DDInter699,Etodolac,Etodolac,Streptokinase,Moderate
DDInter699,Etodolac,DDInter1812,Tinzaparin,Etodolac,Tinzaparin,Major
DDInter1905,Urokinase,DDInter699,Etodolac,Etodolac,Urokinase,Moderate
DDInter701,Etonogestrel,DDInter785,Fostamatinib,Etonogestrel,Fostamatinib,Moderate
DDInter542,Dicoumarol,DDInter702,Etoposide,Dicoumarol,Etoposide,Moderate
DDInter702,Etoposide,DDInter785,Fostamatinib,Etoposide,Fostamatinib,Moderate
DDInter542,Dicoumarol,DDInter703,Etravirine,Dicoumarol,Etravirine,Moderate
DDInter703,Etravirine,DDInter785,Fostamatinib,Etravirine,Fostamatinib,Moderate
DDInter1723,Sulfamethizole,DDInter703,Etravirine,Etravirine,Sulfamethizole,Moderate
DDInter704,Everolimus,DDInter785,Fostamatinib,Everolimus,Fostamatinib,Moderate
DDInter704,Everolimus,DDInter1964,Zinc chloride,Everolimus,Zinc chloride,Minor
DDInter705,Exemestane,DDInter785,Fostamatinib,Exemestane,Fostamatinib,Moderate
DDInter542,Dicoumarol,DDInter706,Exenatide,Dicoumarol,Exenatide,Moderate
DDInter706,Exenatide,DDInter1903,Urea,Exenatide,Urea,Moderate
DDInter708,Ezogabine,DDInter1115,Magnesium citrate,Ezogabine,Magnesium citrate,Moderate
DDInter113,Aprotinin,DDInter709,Factor IX Complex (Human),Aprotinin,Factor IX Complex (Human),Major
DDInter421,Coagulation factor VIIa Recombinant Human,DDInter709,Factor IX Complex (Human),Coagulation factor VIIa Recombinant Human,Factor IX Complex (Human),Moderate
DDInter775,Fondaparinux,DDInter422,Coagulation factor X human,Coagulation factor X human,Fondaparinux,Moderate
DDInter975,Iron,DDInter271,Calcium carbonate,Calcium carbonate,Iron,Moderate
DDInter271,Calcium carbonate,DDInter725,Ferrous fumarate,Calcium carbonate,Ferrous fumarate,Moderate
DDInter271,Calcium carbonate,DDInter726,Ferrous gluconate,Calcium carbonate,Ferrous gluconate,Moderate
DDInter1903,Urea,DDInter1118,Magnesium hydroxide,Magnesium hydroxide,Urea,Moderate
DDInter117,Argatroban,DDInter714,Fedratinib,Argatroban,Fedratinib,Major
DDInter471,Danaparoid,DDInter714,Fedratinib,Danaparoid,Fedratinib,Major
DDInter605,Drotrecogin alfa,DDInter714,Fedratinib,Drotrecogin alfa,Fedratinib,Major
DDInter775,Fondaparinux,DDInter714,Fedratinib,Fedratinib,Fondaparinux,Major
DDInter855,Hemin,DDInter714,Fedratinib,Fedratinib,Hemin,Moderate
DDInter908,Iloprost,DDInter714,Fedratinib,Fedratinib,Iloprost,Moderate
DDInter1037,Lepirudin,DDInter714,Fedratinib,Fedratinib,Lepirudin,Major
DDInter1812,Tinzaparin,DDInter714,Fedratinib,Fedratinib,Tinzaparin,Major
DDInter542,Dicoumarol,DDInter715,Felbamate,Dicoumarol,Felbamate,Moderate
DDInter715,Felbamate,DDInter785,Fostamatinib,Felbamate,Fostamatinib,Moderate
DDInter542,Dicoumarol,DDInter1170,Methimazole,Dicoumarol,Methimazole,Moderate
DDInter716,Felodipine,DDInter272,Calcium chloride,Calcium chloride,Felodipine,Moderate
DDInter716,Felodipine,DDInter785,Fostamatinib,Felodipine,Fostamatinib,Moderate
DDInter716,Felodipine,DDInter908,Iloprost,Felodipine,Iloprost,Moderate
DDInter99,Anistreplase,DDInter717,Fenfluramine,Anistreplase,Fenfluramine,Moderate
DDInter117,Argatroban,DDInter717,Fenfluramine,Argatroban,Fenfluramine,Moderate
DDInter717,Fenfluramine,DDInter471,Danaparoid,Danaparoid,Fenfluramine,Moderate
DDInter542,Dicoumarol,DDInter717,Fenfluramine,Dicoumarol,Fenfluramine,Moderate
DDInter605,Drotrecogin alfa,DDInter717,Fenfluramine,Drotrecogin alfa,Fenfluramine,Moderate
DDInter775,Fondaparinux,DDInter717,Fenfluramine,Fenfluramine,Fondaparinux,Moderate
DDInter717,Fenfluramine,DDInter856,Heparin,Fenfluramine,Heparin,Moderate
DDInter717,Fenfluramine,DDInter908,Iloprost,Fenfluramine,Iloprost,Moderate
DDInter1037,Lepirudin,DDInter717,Fenfluramine,Fenfluramine,Lepirudin,Moderate
DDInter1712,Streptokinase,DDInter717,Fenfluramine,Fenfluramine,Streptokinase,Moderate
DDInter717,Fenfluramine,DDInter1812,Tinzaparin,Fenfluramine,Tinzaparin,Moderate
DDInter1905,Urokinase,DDInter717,Fenfluramine,Fenfluramine,Urokinase,Moderate
DDInter542,Dicoumarol,DDInter719,Fenofibric acid,Dicoumarol,Fenofibric acid,Major
DDInter720,Fenoldopam,DDInter908,Iloprost,Fenoldopam,Iloprost,Moderate
DDInter720,Fenoldopam,DDInter1903,Urea,Fenoldopam,Urea,Moderate
DDInter99,Anistreplase,DDInter721,Fenoprofen,Anistreplase,Fenoprofen,Moderate
DDInter117,Argatroban,DDInter721,Fenoprofen,Argatroban,Fenoprofen,Moderate
DDInter721,Fenoprofen,DDInter471,Danaparoid,Danaparoid,Fenoprofen,Major
DDInter542,Dicoumarol,DDInter721,Fenoprofen,Dicoumarol,Fenoprofen,Major
DDInter605,Drotrecogin alfa,DDInter721,Fenoprofen,Drotrecogin alfa,Fenoprofen,Major
DDInter775,Fondaparinux,DDInter721,Fenoprofen,Fenoprofen,Fondaparinux,Major
DDInter721,Fenoprofen,DDInter856,Heparin,Fenoprofen,Heparin,Moderate
DDInter721,Fenoprofen,DDInter908,Iloprost,Fenoprofen,Iloprost,Moderate
DDInter1037,Lepirudin,DDInter721,Fenoprofen,Fenoprofen,Lepirudin,Moderate
DDInter1712,Streptokinase,DDInter721,Fenoprofen,Fenoprofen,Streptokinase,Moderate
DDInter721,Fenoprofen,DDInter1812,Tinzaparin,Fenoprofen,Tinzaparin,Major
DDInter1905,Urokinase,DDInter721,Fenoprofen,Fenoprofen,Urokinase,Moderate
DDInter975,Iron,DDInter723,Ferric carboxymaltose,Ferric carboxymaltose,Iron,Moderate
DDInter723,Ferric carboxymaltose,DDInter725,Ferrous fumarate,Ferric carboxymaltose,Ferrous fumarate,Moderate
DDInter723,Ferric carboxymaltose,DDInter726,Ferrous gluconate,Ferric carboxymaltose,Ferrous gluconate,Moderate
DDInter975,Iron,DDInter724,Ferric derisomaltose,Ferric derisomaltose,Iron,Moderate
DDInter725,Ferrous fumarate,DDInter724,Ferric derisomaltose,Ferric derisomaltose,Ferrous fumarate,Moderate
DDInter726,Ferrous gluconate,DDInter724,Ferric derisomaltose,Ferric derisomaltose,Ferrous gluconate,Moderate
DDInter975,Iron,DDInter1687,Sodium ferric gluconate complex,Iron,Sodium ferric gluconate complex,Moderate
DDInter1687,Sodium ferric gluconate complex,DDInter725,Ferrous fumarate,Ferrous fumarate,Sodium ferric gluconate complex,Moderate
DDInter1687,Sodium ferric gluconate complex,DDInter726,Ferrous gluconate,Ferrous gluconate,Sodium ferric gluconate complex,Moderate
DDInter975,Iron,DDInter730,Ferumoxytol,Ferumoxytol,Iron,Moderate
DDInter730,Ferumoxytol,DDInter725,Ferrous fumarate,Ferrous fumarate,Ferumoxytol,Moderate
DDInter730,Ferumoxytol,DDInter726,Ferrous gluconate,Ferrous gluconate,Ferumoxytol,Moderate
DDInter731,Fesoterodine,DDInter785,Fostamatinib,Fesoterodine,Fostamatinib,Moderate
DDInter732,Fexofenadine,DDInter785,Fostamatinib,Fexofenadine,Fostamatinib,Moderate
DDInter734,Fidaxomicin,DDInter785,Fostamatinib,Fidaxomicin,Fostamatinib,Moderate
DDInter736,Finasteride,DDInter785,Fostamatinib,Finasteride,Fostamatinib,Moderate
DDInter740,Flecainide,DDInter80,Ammonium chloride,Ammonium chloride,Flecainide,Minor
DDInter740,Flecainide,DDInter1115,Magnesium citrate,Flecainide,Magnesium citrate,Moderate
DDInter740,Flecainide,DDInter1681,Sodium acetate,Flecainide,Sodium acetate,Minor
DDInter741,Flibanserin,DDInter785,Fostamatinib,Flibanserin,Fostamatinib,Moderate
DDInter542,Dicoumarol,DDInter1513,Prednisolone,Dicoumarol,Prednisolone,Moderate
DDInter1513,Prednisolone,DDInter785,Fostamatinib,Fostamatinib,Prednisolone,Moderate
DDInter1513,Prednisolone,DDInter1115,Magnesium citrate,Magnesium citrate,Prednisolone,Moderate
DDInter1513,Prednisolone,DDInter1964,Zinc chloride,Prednisolone,Zinc chloride,Minor
DDInter743,Fluconazole,DDInter542,Dicoumarol,Dicoumarol,Fluconazole,Major
DDInter743,Fluconazole,DDInter785,Fostamatinib,Fluconazole,Fostamatinib,Moderate
DDInter743,Fluconazole,DDInter1115,Magnesium citrate,Fluconazole,Magnesium citrate,Moderate
DDInter542,Dicoumarol,DDInter747,Fludrocortisone,Dicoumarol,Fludrocortisone,Moderate
DDInter747,Fludrocortisone,DDInter785,Fostamatinib,Fludrocortisone,Fostamatinib,Moderate
DDInter747,Fludrocortisone,DDInter1115,Magnesium citrate,Fludrocortisone,Magnesium citrate,Moderate
DDInter1723,Sulfamethizole,DDInter1364,Oxybuprocaine (ophthalmic),Oxybuprocaine (ophthalmic),Sulfamethizole,Moderate
DDInter542,Dicoumarol,DDInter757,Fluorouracil,Dicoumarol,Fluorouracil,Major
DDInter117,Argatroban,DDInter758,Fluoxetine,Argatroban,Fluoxetine,Moderate
DDInter758,Fluoxetine,DDInter471,Danaparoid,Danaparoid,Fluoxetine,Moderate
DDInter605,Drotrecogin alfa,DDInter758,Fluoxetine,Drotrecogin alfa,Fluoxetine,Moderate
DDInter758,Fluoxetine,DDInter775,Fondaparinux,Fluoxetine,Fondaparinux,Moderate
DDInter758,Fluoxetine,DDInter908,Iloprost,Fluoxetine,Iloprost,Moderate
DDInter1037,Lepirudin,DDInter758,Fluoxetine,Fluoxetine,Lepirudin,Moderate
DDInter758,Fluoxetine,DDInter1812,Tinzaparin,Fluoxetine,Tinzaparin,Moderate
DDInter758,Fluoxetine,DDInter1903,Urea,Fluoxetine,Urea,Moderate
DDInter542,Dicoumarol,DDInter759,Fluoxymesterone,Dicoumarol,Fluoxymesterone,Major
DDInter760,Fluphenazine,DDInter1115,Magnesium citrate,Fluphenazine,Magnesium citrate,Moderate
DDInter99,Anistreplase,DDInter763,Flurbiprofen,Anistreplase,Flurbiprofen,Moderate
DDInter117,Argatroban,DDInter763,Flurbiprofen,Argatroban,Flurbiprofen,Moderate
DDInter763,Flurbiprofen,DDInter471,Danaparoid,Danaparoid,Flurbiprofen,Major
DDInter542,Dicoumarol,DDInter763,Flurbiprofen,Dicoumarol,Flurbiprofen,Major
DDInter605,Drotrecogin alfa,DDInter763,Flurbiprofen,Drotrecogin alfa,Flurbiprofen,Major
DDInter775,Fondaparinux,DDInter763,Flurbiprofen,Flurbiprofen,Fondaparinux,Major
DDInter763,Flurbiprofen,DDInter856,Heparin,Flurbiprofen,Heparin,Moderate
DDInter763,Flurbiprofen,DDInter908,Iloprost,Flurbiprofen,Iloprost,Moderate
DDInter1037,Lepirudin,DDInter763,Flurbiprofen,Flurbiprofen,Lepirudin,Moderate
DDInter1712,Streptokinase,DDInter763,Flurbiprofen,Flurbiprofen,Streptokinase,Moderate
DDInter763,Flurbiprofen,DDInter1812,Tinzaparin,Flurbiprofen,Tinzaparin,Major
DDInter1905,Urokinase,DDInter763,Flurbiprofen,Flurbiprofen,Urokinase,Moderate
DDInter99,Anistreplase,DDInter764,Flurbiprofen (ophthalmic),Anistreplase,Flurbiprofen (ophthalmic),Moderate
DDInter117,Argatroban,DDInter764,Flurbiprofen (ophthalmic),Argatroban,Flurbiprofen (ophthalmic),Moderate
DDInter764,Flurbiprofen (ophthalmic),DDInter471,Danaparoid,Danaparoid,Flurbiprofen (ophthalmic),Moderate
DDInter542,Dicoumarol,DDInter764,Flurbiprofen (ophthalmic),Dicoumarol,Flurbiprofen (ophthalmic),Moderate
DDInter605,Drotrecogin alfa,DDInter764,Flurbiprofen (ophthalmic),Drotrecogin alfa,Flurbiprofen (ophthalmic),Moderate
DDInter775,Fondaparinux,DDInter764,Flurbiprofen (ophthalmic),Flurbiprofen (ophthalmic),Fondaparinux,Moderate
DDInter764,Flurbiprofen (ophthalmic),DDInter856,Heparin,Flurbiprofen (ophthalmic),Heparin,Moderate
DDInter764,Flurbiprofen (ophthalmic),DDInter908,Iloprost,Flurbiprofen (ophthalmic),Iloprost,Moderate
DDInter1037,Lepirudin,DDInter764,Flurbiprofen (ophthalmic),Flurbiprofen (ophthalmic),Lepirudin,Moderate
DDInter1712,Streptokinase,DDInter764,Flurbiprofen (ophthalmic),Flurbiprofen (ophthalmic),Streptokinase,Moderate
DDInter764,Flurbiprofen (ophthalmic),DDInter1812,Tinzaparin,Flurbiprofen (ophthalmic),Tinzaparin,Moderate
DDInter1905,Urokinase,DDInter764,Flurbiprofen (ophthalmic),Flurbiprofen (ophthalmic),Urokinase,Moderate
DDInter542,Dicoumarol,DDInter765,Flutamide,Dicoumarol,Flutamide,Moderate
DDInter765,Flutamide,DDInter1115,Magnesium citrate,Flutamide,Magnesium citrate,Moderate
DDInter785,Fostamatinib,DDInter766,Fluticasone,Fluticasone,Fostamatinib,Moderate
DDInter542,Dicoumarol,DDInter769,Fluvastatin,Dicoumarol,Fluvastatin,Minor
DDInter769,Fluvastatin,DDInter785,Fostamatinib,Fluvastatin,Fostamatinib,Moderate
DDInter99,Anistreplase,DDInter770,Fluvoxamine,Anistreplase,Fluvoxamine,Moderate
DDInter770,Fluvoxamine,DDInter117,Argatroban,Argatroban,Fluvoxamine,Moderate
DDInter770,Fluvoxamine,DDInter471,Danaparoid,Danaparoid,Fluvoxamine,Moderate
DDInter770,Fluvoxamine,DDInter542,Dicoumarol,Dicoumarol,Fluvoxamine,Moderate
DDInter605,Drotrecogin alfa,DDInter770,Fluvoxamine,Drotrecogin alfa,Fluvoxamine,Moderate
DDInter770,Fluvoxamine,DDInter775,Fondaparinux,Fluvoxamine,Fondaparinux,Moderate
DDInter770,Fluvoxamine,DDInter785,Fostamatinib,Fluvoxamine,Fostamatinib,Moderate
DDInter770,Fluvoxamine,DDInter856,Heparin,Fluvoxamine,Heparin,Moderate
DDInter770,Fluvoxamine,DDInter908,Iloprost,Fluvoxamine,Iloprost,Moderate
DDInter1037,Lepirudin,DDInter770,Fluvoxamine,Fluvoxamine,Lepirudin,Moderate
DDInter1712,Streptokinase,DDInter770,Fluvoxamine,Fluvoxamine,Streptokinase,Moderate
DDInter770,Fluvoxamine,DDInter1812,Tinzaparin,Fluvoxamine,Tinzaparin,Moderate
DDInter770,Fluvoxamine,DDInter1903,Urea,Fluvoxamine,Urea,Moderate
DDInter1905,Urokinase,DDInter770,Fluvoxamine,Fluvoxamine,Urokinase,Moderate
DDInter775,Fondaparinux,DDInter98,Anisindione,Anisindione,Fondaparinux,Major
DDInter99,Anistreplase,DDInter775,Fondaparinux,Anistreplase,Fondaparinux,Major
DDInter115,Ardeparin,DDInter775,Fondaparinux,Ardeparin,Fondaparinux,Major
DDInter117,Argatroban,DDInter775,Fondaparinux,Argatroban,Fondaparinux,Major
DDInter775,Fondaparinux,DDInter215,Bismuth subsalicylate,Bismuth subsalicylate,Fondaparinux,Moderate
DDInter775,Fondaparinux,DDInter241,Bromfenac,Bromfenac,Fondaparinux,Major
DDInter775,Fondaparinux,DDInter291,Capsicum,Capsicum,Fondaparinux,Minor
DDInter775,Fondaparinux,DDInter347,Chamomile,Chamomile,Fondaparinux,Minor
DDInter775,Fondaparinux,DDInter370,Choline salicylate,Choline salicylate,Fondaparinux,Moderate
DDInter775,Fondaparinux,DDInter417,Clove,Clove,Fondaparinux,Minor
DDInter775,Fondaparinux,DDInter471,Danaparoid,Danaparoid,Fondaparinux,Major
DDInter775,Fondaparinux,DDInter518,Dexfenfluramine,Dexfenfluramine,Fondaparinux,Moderate
DDInter775,Fondaparinux,DDInter523,Dextran (-1),Dextran (-1),Fondaparinux,Major
DDInter775,Fondaparinux,DDInter524,Dextran (high molecular weight),Dextran (high molecular weight),Fondaparinux,Major
DDInter542,Dicoumarol,DDInter775,Fondaparinux,Dicoumarol,Fondaparinux,Major
DDInter775,Fondaparinux,DDInter551,Diflunisal,Diflunisal,Fondaparinux,Major
DDInter605,Drotrecogin alfa,DDInter775,Fondaparinux,Drotrecogin alfa,Fondaparinux,Major
DDInter775,Fondaparinux,DDInter808,Garlic,Fondaparinux,Garlic,Moderate
DDInter775,Fondaparinux,DDInter819,Ginkgo biloba,Fondaparinux,Ginkgo biloba,Moderate
DDInter775,Fondaparinux,DDInter820,Ginseng,Fondaparinux,Ginseng,Moderate
DDInter775,Fondaparinux,DDInter855,Hemin,Fondaparinux,Hemin,Moderate
DDInter775,Fondaparinux,DDInter856,Heparin,Fondaparinux,Heparin,Major
DDInter898,Ibritumomab tiuxetan,DDInter775,Fondaparinux,Fondaparinux,Ibritumomab tiuxetan,Major
DDInter775,Fondaparinux,DDInter899,Ibrutinib,Fondaparinux,Ibrutinib,Major
DDInter903,Icosapent,DDInter775,Fondaparinux,Fondaparinux,Icosapent,Moderate
DDInter775,Fondaparinux,DDInter908,Iloprost,Fondaparinux,Iloprost,Major
DDInter921,Indomethacin,DDInter775,Fondaparinux,Fondaparinux,Indomethacin,Major
DDInter1839,Tositumomab (I-131),DDInter775,Fondaparinux,Fondaparinux,Tositumomab (I-131),Major
DDInter1037,Lepirudin,DDInter775,Fondaparinux,Fondaparinux,Lepirudin,Major
DDInter775,Fondaparinux,DDInter1135,Meclofenamic acid,Fondaparinux,Meclofenamic acid,Major
DDInter775,Fondaparinux,DDInter1451,Phenylbutazone,Fondaparinux,Phenylbutazone,Major
DDInter775,Fondaparinux,DDInter1484,Plicamycin,Fondaparinux,Plicamycin,Major
DDInter1613,Rofecoxib,DDInter775,Fondaparinux,Fondaparinux,Rofecoxib,Moderate
DDInter775,Fondaparinux,DDInter1665,Sibutramine,Fondaparinux,Sibutramine,Moderate
DDInter775,Fondaparinux,DDInter953,Iodide I-123,Fondaparinux,Iodide I-123,Moderate
DDInter775,Fondaparinux,DDInter1633,Salicylic acid (sodium),Fondaparinux,Salicylic acid (sodium),Moderate
DDInter1712,Streptokinase,DDInter775,Fondaparinux,Fondaparinux,Streptokinase,Major
DDInter775,Fondaparinux,DDInter1726,Sulfinpyrazone,Fondaparinux,Sulfinpyrazone,Major
DDInter775,Fondaparinux,DDInter1732,Suprofen (ophthalmic),Fondaparinux,Suprofen (ophthalmic),Moderate
DDInter775,Fondaparinux,DDInter1812,Tinzaparin,Fondaparinux,Tinzaparin,Major
DDInter1831,Tolmetin,DDInter775,Fondaparinux,Fondaparinux,Tolmetin,Major
DDInter1838,Tositumomab,DDInter775,Fondaparinux,Fondaparinux,Tositumomab,Major
DDInter775,Fondaparinux,DDInter1892,Turmeric,Fondaparinux,Turmeric,Minor
DDInter1905,Urokinase,DDInter775,Fondaparinux,Fondaparinux,Urokinase,Major
DDInter775,Fondaparinux,DDInter1910,Valdecoxib,Fondaparinux,Valdecoxib,Moderate
DDInter1943,Vitamin E,DDInter775,Fondaparinux,Fondaparinux,Vitamin E,Moderate
DDInter542,Dicoumarol,DDInter777,Fosamprenavir,Dicoumarol,Fosamprenavir,Moderate
DDInter777,Fosamprenavir,DDInter785,Fostamatinib,Fosamprenavir,Fostamatinib,Moderate
DDInter542,Dicoumarol,DDInter778,Fosaprepitant,Dicoumarol,Fosaprepitant,Moderate
DDInter778,Fosaprepitant,DDInter785,Fostamatinib,Fosaprepitant,Fostamatinib,Moderate
DDInter779,Foscarnet,DDInter1115,Magnesium citrate,Foscarnet,Magnesium citrate,Moderate
DDInter99,Anistreplase,DDInter781,Fosinopril,Anistreplase,Fosinopril,Moderate
DDInter781,Fosinopril,DDInter856,Heparin,Fosinopril,Heparin,Moderate
DDInter781,Fosinopril,DDInter902,Icatibant,Fosinopril,Icatibant,Moderate
DDInter781,Fosinopril,DDInter908,Iloprost,Fosinopril,Iloprost,Moderate
DDInter781,Fosinopril,DDInter1406,Peginesatide,Fosinopril,Peginesatide,Minor
DDInter781,Fosinopril,DDInter1495,Potassium acetate,Fosinopril,Potassium acetate,Major
DDInter1712,Streptokinase,DDInter781,Fosinopril,Fosinopril,Streptokinase,Moderate
DDInter781,Fosinopril,DDInter1812,Tinzaparin,Fosinopril,Tinzaparin,Moderate
DDInter1905,Urokinase,DDInter781,Fosinopril,Fosinopril,Urokinase,Moderate
DDInter542,Dicoumarol,DDInter783,Fosphenytoin,Dicoumarol,Fosphenytoin,Moderate
DDInter783,Fosphenytoin,DDInter785,Fostamatinib,Fosphenytoin,Fostamatinib,Major
DDInter1723,Sulfamethizole,DDInter783,Fosphenytoin,Fosphenytoin,Sulfamethizole,Moderate
DDInter71,Aminoglutethimide,DDInter785,Fostamatinib,Aminoglutethimide,Fostamatinib,Moderate
DDInter90,Amprenavir,DDInter785,Fostamatinib,Amprenavir,Fostamatinib,Moderate
DDInter122,Artesunate,DDInter785,Fostamatinib,Artesunate,Fostamatinib,Moderate
DDInter128,Astemizole,DDInter785,Fostamatinib,Astemizole,Fostamatinib,Moderate
DDInter170,Bedaquiline,DDInter785,Fostamatinib,Bedaquiline,Fostamatinib,Moderate
DDInter174,Belinostat,DDInter785,Fostamatinib,Belinostat,Fostamatinib,Moderate
DDInter785,Fostamatinib,DDInter193,Berotralstat,Berotralstat,Fostamatinib,Major
DDInter221,Boceprevir,DDInter785,Fostamatinib,Boceprevir,Fostamatinib,Major
DDInter256,Butabarbital,DDInter785,Fostamatinib,Butabarbital,Fostamatinib,Moderate
DDInter341,Cerivastatin,DDInter785,Fostamatinib,Cerivastatin,Fostamatinib,Moderate
DDInter363,Chlorpromazine,DDInter785,Fostamatinib,Chlorpromazine,Fostamatinib,Moderate
DDInter385,Cisapride,DDInter785,Fostamatinib,Cisapride,Fostamatinib,Moderate
DDInter416,Clotrimazole,DDInter785,Fostamatinib,Clotrimazole,Fostamatinib,Moderate
DDInter475,Dapsone,DDInter785,Fostamatinib,Dapsone,Fostamatinib,Moderate
DDInter597,Doxorubicin (liposomal),DDInter785,Fostamatinib,Doxorubicin (liposomal),Fostamatinib,Moderate
DDInter664,Ergometrine,DDInter785,Fostamatinib,Ergometrine,Fostamatinib,Moderate
DDInter682,Estrone,DDInter785,Fostamatinib,Estrone,Fostamatinib,Moderate
DDInter684,Estrone sulfate (topical),DDInter785,Fostamatinib,Estrone sulfate (topical),Fostamatinib,Moderate
DDInter762,Flurazepam,DDInter785,Fostamatinib,Flurazepam,Fostamatinib,Moderate
DDInter802,Galantamine,DDInter785,Fostamatinib,Fostamatinib,Galantamine,Moderate
DDInter810,Gefitinib,DDInter785,Fostamatinib,Fostamatinib,Gefitinib,Moderate
DDInter785,Fostamatinib,DDInter817,Gilteritinib,Fostamatinib,Gilteritinib,Moderate
DDInter831,Glyburide,DDInter785,Fostamatinib,Fostamatinib,Glyburide,Moderate
DDInter833,Glycerol phenylbutyrate,DDInter785,Fostamatinib,Fostamatinib,Glycerol phenylbutyrate,Moderate
DDInter840,Granisetron,DDInter785,Fostamatinib,Fostamatinib,Granisetron,Moderate
DDInter843,Griseofulvin,DDInter785,Fostamatinib,Fostamatinib,Griseofulvin,Moderate
DDInter847,Guanfacine,DDInter785,Fostamatinib,Fostamatinib,Guanfacine,Moderate
DDInter852,Halofantrine,DDInter785,Fostamatinib,Fostamatinib,Halofantrine,Moderate
DDInter853,Haloperidol,DDInter785,Fostamatinib,Fostamatinib,Haloperidol,Moderate
DDInter854,Halothane,DDInter785,Fostamatinib,Fostamatinib,Halothane,Moderate
DDInter904,Idarubicin,DDInter785,Fostamatinib,Fostamatinib,Idarubicin,Moderate
DDInter905,Idelalisib,DDInter785,Fostamatinib,Fostamatinib,Idelalisib,Major
DDInter906,Ifosfamide,DDInter785,Fostamatinib,Fostamatinib,Ifosfamide,Moderate
DDInter907,Iloperidone,DDInter785,Fostamatinib,Fostamatinib,Iloperidone,Moderate
DDInter909,Imatinib,DDInter785,Fostamatinib,Fostamatinib,Imatinib,Moderate
DDInter912,Imipramine,DDInter785,Fostamatinib,Fostamatinib,Imipramine,Moderate
DDInter915,Indacaterol,DDInter785,Fostamatinib,Fostamatinib,Indacaterol,Moderate
DDInter917,Indinavir,DDInter785,Fostamatinib,Fostamatinib,Indinavir,Major
DDInter974,Irinotecan (liposomal),DDInter785,Fostamatinib,Fostamatinib,Irinotecan (liposomal),Moderate
DDInter1051,Levobupivacaine,DDInter785,Fostamatinib,Fostamatinib,Levobupivacaine,Moderate
DDInter1043,Levacetylmethadol,DDInter785,Fostamatinib,Fostamatinib,Levacetylmethadol,Moderate
DDInter1085,Lomitapide,DDInter785,Fostamatinib,Fostamatinib,Lomitapide,Major
DDInter1087,Lonafarnib,DDInter785,Fostamatinib,Fostamatinib,Lonafarnib,Major
DDInter1256,Nafcillin,DDInter785,Fostamatinib,Fostamatinib,Nafcillin,Moderate
DDInter1315,Norgestrel,DDInter785,Fostamatinib,Fostamatinib,Norgestrel,Moderate
DDInter1378,Paclitaxel (protein-bound),DDInter785,Fostamatinib,Fostamatinib,Paclitaxel (protein-bound),Moderate
DDInter1451,Phenylbutazone,DDInter785,Fostamatinib,Fostamatinib,Phenylbutazone,Moderate
DDInter1530,Progesterone (topical),DDInter785,Fostamatinib,Fostamatinib,Progesterone (topical),Moderate
DDInter1555,Quinestrol,DDInter785,Fostamatinib,Fostamatinib,Quinestrol,Moderate
DDInter1556,Quinidine,DDInter785,Fostamatinib,Fostamatinib,Quinidine,Moderate
DDInter1577,Relugolix,DDInter785,Fostamatinib,Fostamatinib,Relugolix,Major
DDInter1665,Sibutramine,DDInter785,Fostamatinib,Fostamatinib,Sibutramine,Moderate
DDInter785,Fostamatinib,DDInter1698,Somapacitan,Fostamatinib,Somapacitan,Moderate
DDInter1700,Somatrem,DDInter785,Fostamatinib,Fostamatinib,Somatrem,Moderate
DDInter1699,Somatotropin,DDInter785,Fostamatinib,Fostamatinib,Somatotropin,Moderate
DDInter1708,St. John's Wort,DDInter785,Fostamatinib,Fostamatinib,St. John's Wort,Major
DDInter1726,Sulfinpyrazone,DDInter785,Fostamatinib,Fostamatinib,Sulfinpyrazone,Moderate
DDInter1755,Telaprevir,DDInter785,Fostamatinib,Fostamatinib,Telaprevir,Major
DDInter1770,Terfenadine,DDInter785,Fostamatinib,Fostamatinib,Terfenadine,Moderate
DDInter1776,Testosterone (topical),DDInter785,Fostamatinib,Fostamatinib,Testosterone (topical),Moderate
DDInter1835,Topotecan,DDInter785,Fostamatinib,Fostamatinib,Topotecan,Moderate
DDInter1881,Troglitazone,DDInter785,Fostamatinib,Fostamatinib,Troglitazone,Moderate
DDInter785,Fostamatinib,DDInter1882,Troleandomycin,Fostamatinib,Troleandomycin,Major
DDInter1910,Valdecoxib,DDInter785,Fostamatinib,Fostamatinib,Valdecoxib,Moderate
DDInter1936,Vinblastine,DDInter785,Fostamatinib,Fostamatinib,Vinblastine,Moderate
DDInter1938,Vincristine (liposome),DDInter785,Fostamatinib,Fostamatinib,Vincristine (liposome),Moderate
DDInter1115,Magnesium citrate,DDInter786,Fostemsavir,Fostemsavir,Magnesium citrate,Moderate
DDInter790,Furosemide,DDInter908,Iloprost,Furosemide,Iloprost,Moderate
DDInter790,Furosemide,DDInter1115,Magnesium citrate,Furosemide,Magnesium citrate,Moderate
DDInter542,Dicoumarol,DDInter810,Gefitinib,Dicoumarol,Gefitinib,Moderate
DDInter542,Dicoumarol,DDInter811,Gemcitabine,Dicoumarol,Gemcitabine,Moderate
DDInter542,Dicoumarol,DDInter812,Gemfibrozil,Dicoumarol,Gemfibrozil,Major
DDInter813,Gemifloxacin,DDInter975,Iron,Gemifloxacin,Iron,Moderate
DDInter542,Dicoumarol,DDInter813,Gemifloxacin,Dicoumarol,Gemifloxacin,Major
DDInter813,Gemifloxacin,DDInter725,Ferrous fumarate,Ferrous fumarate,Gemifloxacin,Moderate
DDInter813,Gemifloxacin,DDInter726,Ferrous gluconate,Ferrous gluconate,Gemifloxacin,Moderate
DDInter813,Gemifloxacin,DDInter1115,Magnesium citrate,Gemifloxacin,Magnesium citrate,Moderate
DDInter108,Apixaban,DDInter817,Gilteritinib,Apixaban,Gilteritinib,Moderate
DDInter143,Avatrombopag,DDInter817,Gilteritinib,Avatrombopag,Gilteritinib,Moderate
DDInter817,Gilteritinib,DDInter200,Betrixaban,Betrixaban,Gilteritinib,Moderate
DDInter621,Edoxaban,DDInter817,Gilteritinib,Edoxaban,Gilteritinib,Major
DDInter631,Eltrombopag,DDInter817,Gilteritinib,Eltrombopag,Gilteritinib,Moderate
DDInter1115,Magnesium citrate,DDInter817,Gilteritinib,Gilteritinib,Magnesium citrate,Moderate
DDInter1115,Magnesium citrate,DDInter822,Glasdegib,Glasdegib,Magnesium citrate,Moderate
DDInter108,Apixaban,DDInter824,Glecaprevir,Apixaban,Glecaprevir,Moderate
DDInter200,Betrixaban,DDInter824,Glecaprevir,Betrixaban,Glecaprevir,Moderate
DDInter621,Edoxaban,DDInter824,Glecaprevir,Edoxaban,Glecaprevir,Major
DDInter1106,Lusutrombopag,DDInter824,Glecaprevir,Glecaprevir,Lusutrombopag,Moderate
DDInter826,Glipizide,DDInter856,Heparin,Glipizide,Heparin,Moderate
DDInter826,Glipizide,DDInter1681,Sodium acetate,Glipizide,Sodium acetate,Minor
DDInter1723,Sulfamethizole,DDInter826,Glipizide,Glipizide,Sulfamethizole,Moderate
DDInter542,Dicoumarol,DDInter831,Glyburide,Dicoumarol,Glyburide,Moderate
DDInter831,Glyburide,DDInter856,Heparin,Glyburide,Heparin,Moderate
DDInter831,Glyburide,DDInter1681,Sodium acetate,Glyburide,Sodium acetate,Minor
DDInter1723,Sulfamethizole,DDInter831,Glyburide,Glyburide,Sulfamethizole,Moderate
DDInter542,Dicoumarol,DDInter837,Golimumab,Dicoumarol,Golimumab,Moderate
DDInter837,Golimumab,DDInter1964,Zinc chloride,Golimumab,Zinc chloride,Minor
DDInter1304,Nitroglycerin,DDInter856,Heparin,Heparin,Nitroglycerin,Moderate
DDInter1304,Nitroglycerin,DDInter908,Iloprost,Iloprost,Nitroglycerin,Moderate
DDInter1227,Minoxidil (topical),DDInter908,Iloprost,Iloprost,Minoxidil (topical),Moderate
DDInter839,Goserelin,DDInter1115,Magnesium citrate,Goserelin,Magnesium citrate,Moderate
DDInter840,Granisetron,DDInter1115,Magnesium citrate,Granisetron,Magnesium citrate,Moderate
DDInter542,Dicoumarol,DDInter843,Griseofulvin,Dicoumarol,Griseofulvin,Moderate
DDInter847,Guanfacine,DDInter908,Iloprost,Guanfacine,Iloprost,Moderate
DDInter542,Dicoumarol,DDInter849,Guselkumab,Dicoumarol,Guselkumab,Moderate
DDInter849,Guselkumab,DDInter1964,Zinc chloride,Guselkumab,Zinc chloride,Minor
DDInter853,Haloperidol,DDInter1115,Magnesium citrate,Haloperidol,Magnesium citrate,Moderate
DDInter864,Histrelin,DDInter1115,Magnesium citrate,Histrelin,Magnesium citrate,Moderate
DDInter940,Insulin lispro,DDInter1495,Potassium acetate,Insulin lispro,Potassium acetate,Minor
DDInter940,Insulin lispro,DDInter1723,Sulfamethizole,Insulin lispro,Sulfamethizole,Moderate
DDInter908,Iloprost,DDInter882,Hydralazine,Hydralazine,Iloprost,Moderate
DDInter891,Hydroxocobalamin,DDInter953,Iodide I-123,Hydroxocobalamin,Iodide I-123,Moderate
DDInter893,Hydroxychloroquine,DDInter1115,Magnesium citrate,Hydroxychloroquine,Magnesium citrate,Moderate
DDInter895,Hydroxyzine,DDInter1115,Magnesium citrate,Hydroxyzine,Magnesium citrate,Moderate
DDInter99,Anistreplase,DDInter898,Ibritumomab tiuxetan,Anistreplase,Ibritumomab tiuxetan,Major
DDInter898,Ibritumomab tiuxetan,DDInter117,Argatroban,Argatroban,Ibritumomab tiuxetan,Major
DDInter898,Ibritumomab tiuxetan,DDInter471,Danaparoid,Danaparoid,Ibritumomab tiuxetan,Major
DDInter898,Ibritumomab tiuxetan,DDInter542,Dicoumarol,Dicoumarol,Ibritumomab tiuxetan,Major
DDInter605,Drotrecogin alfa,DDInter898,Ibritumomab tiuxetan,Drotrecogin alfa,Ibritumomab tiuxetan,Major
DDInter898,Ibritumomab tiuxetan,DDInter855,Hemin,Hemin,Ibritumomab tiuxetan,Moderate
DDInter898,Ibritumomab tiuxetan,DDInter856,Heparin,Heparin,Ibritumomab tiuxetan,Major
DDInter898,Ibritumomab tiuxetan,DDInter908,Iloprost,Ibritumomab tiuxetan,Iloprost,Major
DDInter1037,Lepirudin,DDInter898,Ibritumomab tiuxetan,Ibritumomab tiuxetan,Lepirudin,Major
DDInter898,Ibritumomab tiuxetan,DDInter1712,Streptokinase,Ibritumomab tiuxetan,Streptokinase,Major
DDInter898,Ibritumomab tiuxetan,DDInter1812,Tinzaparin,Ibritumomab tiuxetan,Tinzaparin,Major
DDInter1905,Urokinase,DDInter898,Ibritumomab tiuxetan,Ibritumomab tiuxetan,Urokinase,Major
DDInter99,Anistreplase,DDInter899,Ibrutinib,Anistreplase,Ibrutinib,Major
DDInter117,Argatroban,DDInter899,Ibrutinib,Argatroban,Ibrutinib,Major
DDInter471,Danaparoid,DDInter899,Ibrutinib,Danaparoid,Ibrutinib,Major
DDInter542,Dicoumarol,DDInter899,Ibrutinib,Dicoumarol,Ibrutinib,Major
DDInter605,Drotrecogin alfa,DDInter899,Ibrutinib,Drotrecogin alfa,Ibrutinib,Major
DDInter855,Hemin,DDInter899,Ibrutinib,Hemin,Ibrutinib,Moderate
DDInter856,Heparin,DDInter899,Ibrutinib,Heparin,Ibrutinib,Major
DDInter908,Iloprost,DDInter899,Ibrutinib,Ibrutinib,Iloprost,Major
DDInter1037,Lepirudin,DDInter899,Ibrutinib,Ibrutinib,Lepirudin,Major
DDInter1712,Streptokinase,DDInter899,Ibrutinib,Ibrutinib,Streptokinase,Major
DDInter1812,Tinzaparin,DDInter899,Ibrutinib,Ibrutinib,Tinzaparin,Major
DDInter1905,Urokinase,DDInter899,Ibrutinib,Ibrutinib,Urokinase,Major
DDInter901,Ibutilide,DDInter1115,Magnesium citrate,Ibutilide,Magnesium citrate,Moderate
DDInter99,Anistreplase,DDInter903,Icosapent,Anistreplase,Icosapent,Moderate
DDInter903,Icosapent,DDInter117,Argatroban,Argatroban,Icosapent,Moderate
DDInter903,Icosapent,DDInter471,Danaparoid,Danaparoid,Icosapent,Moderate
DDInter903,Icosapent,DDInter523,Dextran (-1),Dextran (-1),Icosapent,Moderate
DDInter903,Icosapent,DDInter524,Dextran (high molecular weight),Dextran (high molecular weight),Icosapent,Moderate
DDInter903,Icosapent,DDInter542,Dicoumarol,Dicoumarol,Icosapent,Moderate
DDInter605,Drotrecogin alfa,DDInter903,Icosapent,Drotrecogin alfa,Icosapent,Moderate
DDInter903,Icosapent,DDInter856,Heparin,Heparin,Icosapent,Moderate
DDInter903,Icosapent,DDInter908,Iloprost,Icosapent,Iloprost,Moderate
DDInter1037,Lepirudin,DDInter903,Icosapent,Icosapent,Lepirudin,Moderate
DDInter1712,Streptokinase,DDInter903,Icosapent,Icosapent,Streptokinase,Moderate
DDInter903,Icosapent,DDInter1812,Tinzaparin,Icosapent,Tinzaparin,Moderate
DDInter1905,Urokinase,DDInter903,Icosapent,Icosapent,Urokinase,Moderate
DDInter1723,Sulfamethizole,DDInter905,Idelalisib,Idelalisib,Sulfamethizole,Moderate
DDInter542,Dicoumarol,DDInter906,Ifosfamide,Dicoumarol,Ifosfamide,Moderate
DDInter907,Iloperidone,DDInter1115,Magnesium citrate,Iloperidone,Magnesium citrate,Moderate
DDInter38,Aldesleukin,DDInter908,Iloprost,Aldesleukin,Iloprost,Moderate
DDInter908,Iloprost,DDInter92,Amyl Nitrite,Amyl Nitrite,Iloprost,Moderate
DDInter908,Iloprost,DDInter98,Anisindione,Anisindione,Iloprost,Moderate
DDInter99,Anistreplase,DDInter908,Iloprost,Anistreplase,Iloprost,Moderate
DDInter115,Ardeparin,DDInter908,Iloprost,Ardeparin,Iloprost,Major
DDInter117,Argatroban,DDInter908,Iloprost,Argatroban,Iloprost,Moderate
DDInter179,Bendroflumethiazide,DDInter908,Iloprost,Bendroflumethiazide,Iloprost,Moderate
DDInter188,Benzthiazide,DDInter908,Iloprost,Benzthiazide,Iloprost,Moderate
DDInter908,Iloprost,DDInter192,Bepridil,Bepridil,Iloprost,Moderate
DDInter908,Iloprost,DDInter215,Bismuth subsalicylate,Bismuth subsalicylate,Iloprost,Moderate
DDInter241,Bromfenac,DDInter908,Iloprost,Bromfenac,Iloprost,Moderate
DDInter908,Iloprost,DDInter291,Capsicum,Capsicum,Iloprost,Minor
DDInter303,Carteolol,DDInter908,Iloprost,Carteolol,Iloprost,Moderate
DDInter908,Iloprost,DDInter347,Chamomile,Chamomile,Iloprost,Minor
DDInter908,Iloprost,DDInter452,Cyclandelate,Cyclandelate,Iloprost,Moderate
DDInter908,Iloprost,DDInter471,Danaparoid,Danaparoid,Iloprost,Major
DDInter908,Iloprost,DDInter502,Deserpidine,Deserpidine,Iloprost,Moderate
DDInter908,Iloprost,DDInter518,Dexfenfluramine,Dexfenfluramine,Iloprost,Moderate
DDInter542,Dicoumarol,DDInter908,Iloprost,Dicoumarol,Iloprost,Moderate
DDInter551,Diflunisal,DDInter908,Iloprost,Diflunisal,Iloprost,Moderate
DDInter605,Drotrecogin alfa,DDInter908,Iloprost,Drotrecogin alfa,Iloprost,Major
DDInter908,Iloprost,DDInter651,Ephedrine (nasal),Ephedrine (nasal),Iloprost,Moderate
DDInter908,Iloprost,DDInter819,Ginkgo biloba,Ginkgo biloba,Iloprost,Moderate
DDInter908,Iloprost,DDInter832,Glycerin,Glycerin,Iloprost,Moderate
DDInter844,Guanabenz,DDInter908,Iloprost,Guanabenz,Iloprost,Moderate
DDInter845,Guanadrel,DDInter908,Iloprost,Guanadrel,Iloprost,Moderate
DDInter908,Iloprost,DDInter846,Guanethidine,Guanethidine,Iloprost,Moderate
DDInter908,Iloprost,DDInter855,Hemin,Hemin,Iloprost,Moderate
DDInter908,Iloprost,DDInter856,Heparin,Heparin,Iloprost,Moderate
DDInter889,Hydroflumethiazide,DDInter908,Iloprost,Hydroflumethiazide,Iloprost,Moderate
DDInter916,Indapamide,DDInter908,Iloprost,Iloprost,Indapamide,Moderate
DDInter921,Indomethacin,DDInter908,Iloprost,Iloprost,Indomethacin,Moderate
DDInter1839,Tositumomab (I-131),DDInter908,Iloprost,Iloprost,Tositumomab (I-131),Major
DDInter908,Iloprost,DDInter988,Isosorbide,Iloprost,Isosorbide,Moderate
DDInter1037,Lepirudin,DDInter908,Iloprost,Iloprost,Lepirudin,Moderate
DDInter908,Iloprost,DDInter1065,Licorice,Iloprost,Licorice,Moderate
DDInter1135,Meclofenamic acid,DDInter908,Iloprost,Iloprost,Meclofenamic acid,Moderate
DDInter908,Iloprost,DDInter244,Bromotheophylline,Bromotheophylline,Iloprost,Moderate
DDInter908,Iloprost,DDInter1389,Papaverine,Iloprost,Papaverine,Moderate
DDInter908,Iloprost,DDInter1417,Penbutolol,Iloprost,Penbutolol,Moderate
DDInter1451,Phenylbutazone,DDInter908,Iloprost,Iloprost,Phenylbutazone,Moderate
DDInter1458,Phenylpropanolamine,DDInter908,Iloprost,Iloprost,Phenylpropanolamine,Moderate
DDInter908,Iloprost,DDInter1484,Plicamycin,Iloprost,Plicamycin,Moderate
DDInter908,Iloprost,DDInter1490,Polythiazide,Iloprost,Polythiazide,Moderate
DDInter1582,Reserpine,DDInter908,Iloprost,Iloprost,Reserpine,Moderate
DDInter908,Iloprost,DDInter1600,Riociguat,Iloprost,Riociguat,Moderate
DDInter1613,Rofecoxib,DDInter908,Iloprost,Iloprost,Rofecoxib,Moderate
DDInter908,Iloprost,DDInter1665,Sibutramine,Iloprost,Sibutramine,Moderate
DDInter1633,Salicylic acid (sodium),DDInter908,Iloprost,Iloprost,Salicylic acid (sodium),Moderate
DDInter1712,Streptokinase,DDInter908,Iloprost,Iloprost,Streptokinase,Moderate
DDInter908,Iloprost,DDInter1726,Sulfinpyrazone,Iloprost,Sulfinpyrazone,Moderate
DDInter1732,Suprofen (ophthalmic),DDInter908,Iloprost,Iloprost,Suprofen (ophthalmic),Moderate
DDInter908,Iloprost,DDInter1812,Tinzaparin,Iloprost,Tinzaparin,Major
DDInter1827,Tolazoline,DDInter908,Iloprost,Iloprost,Tolazoline,Moderate
DDInter1831,Tolmetin,DDInter908,Iloprost,Iloprost,Tolmetin,Moderate
DDInter1838,Tositumomab,DDInter908,Iloprost,Iloprost,Tositumomab,Major
DDInter1861,Trichlormethiazide,DDInter908,Iloprost,Iloprost,Trichlormethiazide,Moderate
DDInter908,Iloprost,DDInter1872,Trimethaphan,Iloprost,Trimethaphan,Moderate
DDInter1905,Urokinase,DDInter908,Iloprost,Iloprost,Urokinase,Moderate
DDInter1910,Valdecoxib,DDInter908,Iloprost,Iloprost,Valdecoxib,Moderate
DDInter1943,Vitamin E,DDInter908,Iloprost,Iloprost,Vitamin E,Moderate
DDInter542,Dicoumarol,DDInter911,Imipenem,Dicoumarol,Imipenem,Moderate
DDInter1951,Warfarin,DDInter911,Imipenem,Imipenem,Warfarin,Moderate
DDInter912,Imipramine,DDInter80,Ammonium chloride,Ammonium chloride,Imipramine,Minor
DDInter542,Dicoumarol,DDInter912,Imipramine,Dicoumarol,Imipramine,Moderate
DDInter653,Epinephrine (ophthalmic),DDInter915,Indacaterol,Epinephrine (ophthalmic),Indacaterol,Moderate
DDInter654,Epinephrine (topical),DDInter915,Indacaterol,Epinephrine (topical),Indacaterol,Moderate
DDInter916,Indapamide,DDInter272,Calcium chloride,Calcium chloride,Indapamide,Moderate
DDInter542,Dicoumarol,DDInter916,Indapamide,Dicoumarol,Indapamide,Minor
DDInter916,Indapamide,DDInter1115,Magnesium citrate,Indapamide,Magnesium citrate,Moderate
DDInter917,Indinavir,DDInter542,Dicoumarol,Dicoumarol,Indinavir,Moderate
DDInter99,Anistreplase,DDInter921,Indomethacin,Anistreplase,Indomethacin,Moderate
DDInter117,Argatroban,DDInter921,Indomethacin,Argatroban,Indomethacin,Moderate
DDInter921,Indomethacin,DDInter471,Danaparoid,Danaparoid,Indomethacin,Major
DDInter542,Dicoumarol,DDInter921,Indomethacin,Dicoumarol,Indomethacin,Major
DDInter605,Drotrecogin alfa,DDInter921,Indomethacin,Drotrecogin alfa,Indomethacin,Major
DDInter921,Indomethacin,DDInter856,Heparin,Heparin,Indomethacin,Moderate
DDInter1037,Lepirudin,DDInter921,Indomethacin,Indomethacin,Lepirudin,Moderate
DDInter1712,Streptokinase,DDInter921,Indomethacin,Indomethacin,Streptokinase,Moderate
DDInter921,Indomethacin,DDInter1812,Tinzaparin,Indomethacin,Tinzaparin,Major
DDInter1905,Urokinase,DDInter921,Indomethacin,Indomethacin,Urokinase,Moderate
DDInter922,Inebilizumab,DDInter1964,Zinc chloride,Inebilizumab,Zinc chloride,Minor
DDInter923,Infliximab,DDInter542,Dicoumarol,Dicoumarol,Infliximab,Moderate
DDInter923,Infliximab,DDInter1964,Zinc chloride,Infliximab,Zinc chloride,Minor
DDInter1903,Urea,DDInter1600,Riociguat,Riociguat,Urea,Moderate
DDInter542,Dicoumarol,DDInter90,Amprenavir,Amprenavir,Dicoumarol,Moderate
DDInter1903,Urea,DDInter832,Glycerin,Glycerin,Urea,Moderate
DDInter82,Amoxapine,DDInter80,Ammonium chloride,Ammonium chloride,Amoxapine,Minor
DDInter651,Ephedrine (nasal),DDInter80,Ammonium chloride,Ammonium chloride,Ephedrine (nasal),Minor
DDInter542,Dicoumarol,DDInter82,Amoxapine,Amoxapine,Dicoumarol,Moderate
DDInter41,Alemtuzumab,DDInter117,Argatroban,Alemtuzumab,Argatroban,Moderate
DDInter117,Argatroban,DDInter98,Anisindione,Anisindione,Argatroban,Major
DDInter99,Anistreplase,DDInter117,Argatroban,Anistreplase,Argatroban,Major
DDInter117,Argatroban,DDInter115,Ardeparin,Ardeparin,Argatroban,Major
DDInter117,Argatroban,DDInter215,Bismuth subsalicylate,Argatroban,Bismuth subsalicylate,Moderate
DDInter117,Argatroban,DDInter241,Bromfenac,Argatroban,Bromfenac,Moderate
DDInter117,Argatroban,DDInter291,Capsicum,Argatroban,Capsicum,Minor
DDInter117,Argatroban,DDInter347,Chamomile,Argatroban,Chamomile,Minor
DDInter117,Argatroban,DDInter370,Choline salicylate,Argatroban,Choline salicylate,Moderate
DDInter117,Argatroban,DDInter417,Clove,Argatroban,Clove,Minor
DDInter117,Argatroban,DDInter471,Danaparoid,Argatroban,Danaparoid,Major
DDInter117,Argatroban,DDInter518,Dexfenfluramine,Argatroban,Dexfenfluramine,Moderate
DDInter542,Dicoumarol,DDInter117,Argatroban,Argatroban,Dicoumarol,Major
DDInter117,Argatroban,DDInter551,Diflunisal,Argatroban,Diflunisal,Moderate
DDInter605,Drotrecogin alfa,DDInter117,Argatroban,Argatroban,Drotrecogin alfa,Major
DDInter117,Argatroban,DDInter808,Garlic,Argatroban,Garlic,Moderate
DDInter117,Argatroban,DDInter819,Ginkgo biloba,Argatroban,Ginkgo biloba,Moderate
DDInter117,Argatroban,DDInter820,Ginseng,Argatroban,Ginseng,Moderate
DDInter117,Argatroban,DDInter855,Hemin,Argatroban,Hemin,Moderate
DDInter117,Argatroban,DDInter856,Heparin,Argatroban,Heparin,Major
DDInter117,Argatroban,DDInter857,Heparin (flush),Argatroban,Heparin (flush),Major
DDInter1839,Tositumomab (I-131),DDInter117,Argatroban,Argatroban,Tositumomab (I-131),Major
DDInter117,Argatroban,DDInter1135,Meclofenamic acid,Argatroban,Meclofenamic acid,Moderate
DDInter117,Argatroban,DDInter1451,Phenylbutazone,Argatroban,Phenylbutazone,Moderate
DDInter117,Argatroban,DDInter1613,Rofecoxib,Argatroban,Rofecoxib,Moderate
DDInter117,Argatroban,DDInter1665,Sibutramine,Argatroban,Sibutramine,Moderate
DDInter117,Argatroban,DDInter953,Iodide I-123,Argatroban,Iodide I-123,Moderate
DDInter117,Argatroban,DDInter1633,Salicylic acid (sodium),Argatroban,Salicylic acid (sodium),Moderate
DDInter1712,Streptokinase,DDInter117,Argatroban,Argatroban,Streptokinase,Major
DDInter117,Argatroban,DDInter1726,Sulfinpyrazone,Argatroban,Sulfinpyrazone,Major
DDInter117,Argatroban,DDInter1732,Suprofen (ophthalmic),Argatroban,Suprofen (ophthalmic),Moderate
DDInter117,Argatroban,DDInter1812,Tinzaparin,Argatroban,Tinzaparin,Major
DDInter117,Argatroban,DDInter1831,Tolmetin,Argatroban,Tolmetin,Moderate
DDInter1838,Tositumomab,DDInter117,Argatroban,Argatroban,Tositumomab,Major
DDInter117,Argatroban,DDInter1892,Turmeric,Argatroban,Turmeric,Minor
DDInter1905,Urokinase,DDInter117,Argatroban,Argatroban,Urokinase,Major
DDInter117,Argatroban,DDInter1910,Valdecoxib,Argatroban,Valdecoxib,Moderate
DDInter1943,Vitamin E,DDInter117,Argatroban,Argatroban,Vitamin E,Moderate
DDInter170,Bedaquiline,DDInter1115,Magnesium citrate,Bedaquiline,Magnesium citrate,Moderate
DDInter1723,Sulfamethizole,DDInter170,Bedaquiline,Bedaquiline,Sulfamethizole,Moderate
DDInter99,Anistreplase,DDInter1839,Tositumomab (I-131),Anistreplase,Tositumomab (I-131),Major
DDInter1839,Tositumomab (I-131),DDInter471,Danaparoid,Danaparoid,Tositumomab (I-131),Major
DDInter1839,Tositumomab (I-131),DDInter542,Dicoumarol,Dicoumarol,Tositumomab (I-131),Major
DDInter605,Drotrecogin alfa,DDInter1839,Tositumomab (I-131),Drotrecogin alfa,Tositumomab (I-131),Major
DDInter1839,Tositumomab (I-131),DDInter855,Hemin,Hemin,Tositumomab (I-131),Moderate
DDInter1839,Tositumomab (I-131),DDInter856,Heparin,Heparin,Tositumomab (I-131),Major
DDInter1037,Lepirudin,DDInter1839,Tositumomab (I-131),Lepirudin,Tositumomab (I-131),Major
DDInter1839,Tositumomab (I-131),DDInter1712,Streptokinase,Streptokinase,Tositumomab (I-131),Major
DDInter1839,Tositumomab (I-131),DDInter1812,Tinzaparin,Tinzaparin,Tositumomab (I-131),Major
DDInter1905,Urokinase,DDInter1839,Tositumomab (I-131),Tositumomab (I-131),Urokinase,Major
DDInter215,Bismuth subsalicylate,DDInter471,Danaparoid,Bismuth subsalicylate,Danaparoid,Moderate
DDInter542,Dicoumarol,DDInter215,Bismuth subsalicylate,Bismuth subsalicylate,Dicoumarol,Moderate
DDInter605,Drotrecogin alfa,DDInter215,Bismuth subsalicylate,Bismuth subsalicylate,Drotrecogin alfa,Moderate
DDInter856,Heparin,DDInter215,Bismuth subsalicylate,Bismuth subsalicylate,Heparin,Moderate
DDInter1037,Lepirudin,DDInter215,Bismuth subsalicylate,Bismuth subsalicylate,Lepirudin,Moderate
DDInter215,Bismuth subsalicylate,DDInter1812,Tinzaparin,Bismuth subsalicylate,Tinzaparin,Moderate
DDInter256,Butabarbital,DDInter542,Dicoumarol,Butabarbital,Dicoumarol,Major
DDInter256,Butabarbital,DDInter855,Hemin,Butabarbital,Hemin,Major
DDInter179,Bendroflumethiazide,DDInter272,Calcium chloride,Bendroflumethiazide,Calcium chloride,Moderate
DDInter188,Benzthiazide,DDInter272,Calcium chloride,Benzthiazide,Calcium chloride,Moderate
DDInter272,Calcium chloride,DDInter192,Bepridil,Bepridil,Calcium chloride,Moderate
DDInter498,Demeclocycline,DDInter272,Calcium chloride,Calcium chloride,Demeclocycline,Moderate
DDInter272,Calcium chloride,DDInter553,Digitoxin,Calcium chloride,Digitoxin,Major
DDInter889,Hydroflumethiazide,DDInter272,Calcium chloride,Calcium chloride,Hydroflumethiazide,Moderate
DDInter1374,Oxytetracycline,DDInter272,Calcium chloride,Calcium chloride,Oxytetracycline,Moderate
DDInter272,Calcium chloride,DDInter1490,Polythiazide,Calcium chloride,Polythiazide,Moderate
DDInter1861,Trichlormethiazide,DDInter272,Calcium chloride,Calcium chloride,Trichlormethiazide,Moderate
DDInter99,Anistreplase,DDInter291,Capsicum,Anistreplase,Capsicum,Minor
DDInter471,Danaparoid,DDInter291,Capsicum,Capsicum,Danaparoid,Minor
DDInter542,Dicoumarol,DDInter291,Capsicum,Capsicum,Dicoumarol,Minor
DDInter605,Drotrecogin alfa,DDInter291,Capsicum,Capsicum,Drotrecogin alfa,Minor
DDInter856,Heparin,DDInter291,Capsicum,Capsicum,Heparin,Minor
DDInter1037,Lepirudin,DDInter291,Capsicum,Capsicum,Lepirudin,Minor
DDInter1712,Streptokinase,DDInter291,Capsicum,Capsicum,Streptokinase,Minor
DDInter1812,Tinzaparin,DDInter291,Capsicum,Capsicum,Tinzaparin,Minor
DDInter1905,Urokinase,DDInter291,Capsicum,Capsicum,Urokinase,Minor
DDInter41,Alemtuzumab,DDInter20,Acetylsalicylic acid,Acetylsalicylic acid,Alemtuzumab,Moderate
DDInter1903,Urea,DDInter787,Frangula purshiana bark,Frangula purshiana bark,Urea,Moderate
DDInter1903,Urea,DDInter307,Castor oil,Castor oil,Urea,Moderate
DDInter542,Dicoumarol,DDInter309,Cefaclor,Cefaclor,Dicoumarol,Moderate
DDInter99,Anistreplase,DDInter347,Chamomile,Anistreplase,Chamomile,Minor
DDInter471,Danaparoid,DDInter347,Chamomile,Chamomile,Danaparoid,Minor
DDInter542,Dicoumarol,DDInter347,Chamomile,Chamomile,Dicoumarol,Minor
DDInter605,Drotrecogin alfa,DDInter347,Chamomile,Chamomile,Drotrecogin alfa,Minor
DDInter856,Heparin,DDInter347,Chamomile,Chamomile,Heparin,Minor
DDInter1037,Lepirudin,DDInter347,Chamomile,Chamomile,Lepirudin,Minor
DDInter1712,Streptokinase,DDInter347,Chamomile,Chamomile,Streptokinase,Minor
DDInter1812,Tinzaparin,DDInter347,Chamomile,Chamomile,Tinzaparin,Minor
DDInter1905,Urokinase,DDInter347,Chamomile,Chamomile,Urokinase,Minor
DDInter363,Chlorpromazine,DDInter1115,Magnesium citrate,Chlorpromazine,Magnesium citrate,Moderate
DDInter471,Danaparoid,DDInter370,Choline salicylate,Choline salicylate,Danaparoid,Moderate
DDInter542,Dicoumarol,DDInter370,Choline salicylate,Choline salicylate,Dicoumarol,Moderate
DDInter542,Dicoumarol,DDInter371,Chondroitin sulfate,Chondroitin sulfate,Dicoumarol,Moderate
DDInter99,Anistreplase,DDInter417,Clove,Anistreplase,Clove,Minor
DDInter471,Danaparoid,DDInter417,Clove,Clove,Danaparoid,Minor
DDInter542,Dicoumarol,DDInter417,Clove,Clove,Dicoumarol,Minor
DDInter856,Heparin,DDInter417,Clove,Clove,Heparin,Minor
DDInter1037,Lepirudin,DDInter417,Clove,Clove,Lepirudin,Minor
DDInter1712,Streptokinase,DDInter417,Clove,Clove,Streptokinase,Minor
DDInter1812,Tinzaparin,DDInter417,Clove,Clove,Tinzaparin,Minor
DDInter1905,Urokinase,DDInter417,Clove,Clove,Urokinase,Minor
DDInter1522,Probenecid,DDInter856,Heparin,Heparin,Probenecid,Minor
DDInter542,Dicoumarol,DDInter446,Cranberry,Cranberry,Dicoumarol,Moderate
DDInter475,Dapsone,DDInter1723,Sulfamethizole,Dapsone,Sulfamethizole,Moderate
DDInter498,Demeclocycline,DDInter975,Iron,Demeclocycline,Iron,Moderate
DDInter542,Dicoumarol,DDInter498,Demeclocycline,Demeclocycline,Dicoumarol,Moderate
DDInter498,Demeclocycline,DDInter725,Ferrous fumarate,Demeclocycline,Ferrous fumarate,Moderate
DDInter498,Demeclocycline,DDInter726,Ferrous gluconate,Demeclocycline,Ferrous gluconate,Moderate
DDInter498,Demeclocycline,DDInter1115,Magnesium citrate,Demeclocycline,Magnesium citrate,Moderate
DDInter498,Demeclocycline,DDInter1681,Sodium acetate,Demeclocycline,Sodium acetate,Moderate
DDInter498,Demeclocycline,DDInter1964,Zinc chloride,Demeclocycline,Zinc chloride,Moderate
DDInter115,Ardeparin,DDInter524,Dextran (high molecular weight),Ardeparin,Dextran (high molecular weight),Major
DDInter471,Danaparoid,DDInter524,Dextran (high molecular weight),Danaparoid,Dextran (high molecular weight),Major
DDInter605,Drotrecogin alfa,DDInter524,Dextran (high molecular weight),Dextran (high molecular weight),Drotrecogin alfa,Major
DDInter1812,Tinzaparin,DDInter524,Dextran (high molecular weight),Dextran (high molecular weight),Tinzaparin,Major
DDInter382,Cinchocaine (topical),DDInter1723,Sulfamethizole,Cinchocaine (topical),Sulfamethizole,Moderate
DDInter542,Dicoumarol,DDInter541,Dicloxacillin,Dicloxacillin,Dicoumarol,Major
DDInter99,Anistreplase,DDInter551,Diflunisal,Anistreplase,Diflunisal,Moderate
DDInter551,Diflunisal,DDInter471,Danaparoid,Danaparoid,Diflunisal,Major
DDInter542,Dicoumarol,DDInter551,Diflunisal,Dicoumarol,Diflunisal,Major
DDInter605,Drotrecogin alfa,DDInter551,Diflunisal,Diflunisal,Drotrecogin alfa,Major
DDInter551,Diflunisal,DDInter856,Heparin,Diflunisal,Heparin,Moderate
DDInter1037,Lepirudin,DDInter551,Diflunisal,Diflunisal,Lepirudin,Moderate
DDInter1712,Streptokinase,DDInter551,Diflunisal,Diflunisal,Streptokinase,Moderate
DDInter551,Diflunisal,DDInter1812,Tinzaparin,Diflunisal,Tinzaparin,Major
DDInter1905,Urokinase,DDInter551,Diflunisal,Diflunisal,Urokinase,Moderate
DDInter303,Carteolol,DDInter654,Epinephrine (topical),Carteolol,Epinephrine (topical),Moderate
DDInter654,Epinephrine (topical),DDInter664,Ergometrine,Epinephrine (topical),Ergometrine,Major
DDInter982,Isoetharine,DDInter654,Epinephrine (topical),Epinephrine (topical),Isoetharine,Moderate
DDInter654,Epinephrine (topical),DDInter1007,Ketamine,Epinephrine (topical),Ketamine,Moderate
DDInter1194,Methysergide,DDInter654,Epinephrine (topical),Epinephrine (topical),Methysergide,Major
DDInter654,Epinephrine (topical),DDInter1417,Penbutolol,Epinephrine (topical),Penbutolol,Moderate
DDInter654,Epinephrine (topical),DDInter1560,Racepinephrine,Epinephrine (topical),Racepinephrine,Moderate
DDInter654,Epinephrine (topical),DDInter1606,Ritodrine,Epinephrine (topical),Ritodrine,Moderate
DDInter654,Epinephrine (topical),DDInter1665,Sibutramine,Epinephrine (topical),Sibutramine,Moderate
DDInter654,Epinephrine (topical),DDInter1769,Terbutaline,Epinephrine (topical),Terbutaline,Moderate
DDInter542,Dicoumarol,DDInter1243,Moricizine,Dicoumarol,Moricizine,Minor
DDInter383,Cinoxacin,DDInter975,Iron,Cinoxacin,Iron,Moderate
DDInter644,Enoxacin,DDInter975,Iron,Enoxacin,Iron,Moderate
DDInter975,Iron,DDInter803,Gallium chloride Ga-67,Gallium chloride Ga-67,Iron,Moderate
DDInter809,Gatifloxacin,DDInter975,Iron,Gatifloxacin,Iron,Moderate
DDInter842,Grepafloxacin,DDInter975,Iron,Grepafloxacin,Iron,Moderate
DDInter1084,Lomefloxacin,DDInter975,Iron,Iron,Lomefloxacin,Moderate
DDInter975,Iron,DDInter1112,Magaldrate,Iron,Magaldrate,Moderate
DDInter975,Iron,DDInter1113,Magnesium carbonate,Iron,Magnesium carbonate,Moderate
DDInter975,Iron,DDInter1118,Magnesium hydroxide,Iron,Magnesium hydroxide,Moderate
DDInter1259,Nalidixic acid,DDInter975,Iron,Iron,Nalidixic acid,Moderate
DDInter1374,Oxytetracycline,DDInter975,Iron,Iron,Oxytetracycline,Moderate
DDInter975,Iron,DDInter1645,Saw palmetto,Iron,Saw palmetto,Minor
DDInter1705,Sparfloxacin,DDInter975,Iron,Iron,Sparfloxacin,Moderate
DDInter1708,St. John's Wort,DDInter975,Iron,Iron,St. John's Wort,Minor
DDInter1808,Tiludronic acid,DDInter975,Iron,Iron,Tiludronic acid,Moderate
DDInter1887,Trovafloxacin,DDInter975,Iron,Iron,Trovafloxacin,Moderate
DDInter1943,Vitamin E,DDInter975,Iron,Iron,Vitamin E,Moderate
DDInter975,Iron,DDInter1965,Zinc gluconate,Iron,Zinc gluconate,Minor
DDInter58,Aluminum hydroxide,DDInter725,Ferrous fumarate,Aluminum hydroxide,Ferrous fumarate,Moderate
DDInter383,Cinoxacin,DDInter725,Ferrous fumarate,Cinoxacin,Ferrous fumarate,Moderate
DDInter644,Enoxacin,DDInter725,Ferrous fumarate,Enoxacin,Ferrous fumarate,Moderate
DDInter725,Ferrous fumarate,DDInter803,Gallium chloride Ga-67,Ferrous fumarate,Gallium chloride Ga-67,Moderate
DDInter809,Gatifloxacin,DDInter725,Ferrous fumarate,Ferrous fumarate,Gatifloxacin,Moderate
DDInter842,Grepafloxacin,DDInter725,Ferrous fumarate,Ferrous fumarate,Grepafloxacin,Moderate
DDInter1084,Lomefloxacin,DDInter725,Ferrous fumarate,Ferrous fumarate,Lomefloxacin,Moderate
DDInter1112,Magaldrate,DDInter725,Ferrous fumarate,Ferrous fumarate,Magaldrate,Moderate
DDInter1113,Magnesium carbonate,DDInter725,Ferrous fumarate,Ferrous fumarate,Magnesium carbonate,Moderate
DDInter1118,Magnesium hydroxide,DDInter725,Ferrous fumarate,Ferrous fumarate,Magnesium hydroxide,Moderate
DDInter1259,Nalidixic acid,DDInter725,Ferrous fumarate,Ferrous fumarate,Nalidixic acid,Moderate
DDInter1374,Oxytetracycline,DDInter725,Ferrous fumarate,Ferrous fumarate,Oxytetracycline,Moderate
DDInter1645,Saw palmetto,DDInter725,Ferrous fumarate,Ferrous fumarate,Saw palmetto,Minor
DDInter1705,Sparfloxacin,DDInter725,Ferrous fumarate,Ferrous fumarate,Sparfloxacin,Moderate
DDInter1708,St. John's Wort,DDInter725,Ferrous fumarate,Ferrous fumarate,St. John's Wort,Minor
DDInter1808,Tiludronic acid,DDInter725,Ferrous fumarate,Ferrous fumarate,Tiludronic acid,Moderate
DDInter1887,Trovafloxacin,DDInter725,Ferrous fumarate,Ferrous fumarate,Trovafloxacin,Moderate
DDInter1943,Vitamin E,DDInter725,Ferrous fumarate,Ferrous fumarate,Vitamin E,Moderate
DDInter1965,Zinc gluconate,DDInter725,Ferrous fumarate,Ferrous fumarate,Zinc gluconate,Minor
DDInter58,Aluminum hydroxide,DDInter726,Ferrous gluconate,Aluminum hydroxide,Ferrous gluconate,Moderate
DDInter383,Cinoxacin,DDInter726,Ferrous gluconate,Cinoxacin,Ferrous gluconate,Moderate
DDInter644,Enoxacin,DDInter726,Ferrous gluconate,Enoxacin,Ferrous gluconate,Moderate
DDInter726,Ferrous gluconate,DDInter803,Gallium chloride Ga-67,Ferrous gluconate,Gallium chloride Ga-67,Moderate
DDInter809,Gatifloxacin,DDInter726,Ferrous gluconate,Ferrous gluconate,Gatifloxacin,Moderate
DDInter842,Grepafloxacin,DDInter726,Ferrous gluconate,Ferrous gluconate,Grepafloxacin,Moderate
DDInter1084,Lomefloxacin,DDInter726,Ferrous gluconate,Ferrous gluconate,Lomefloxacin,Moderate
DDInter1112,Magaldrate,DDInter726,Ferrous gluconate,Ferrous gluconate,Magaldrate,Moderate
DDInter1113,Magnesium carbonate,DDInter726,Ferrous gluconate,Ferrous gluconate,Magnesium carbonate,Moderate
DDInter1118,Magnesium hydroxide,DDInter726,Ferrous gluconate,Ferrous gluconate,Magnesium hydroxide,Moderate
DDInter1259,Nalidixic acid,DDInter726,Ferrous gluconate,Ferrous gluconate,Nalidixic acid,Moderate
DDInter1374,Oxytetracycline,DDInter726,Ferrous gluconate,Ferrous gluconate,Oxytetracycline,Moderate
DDInter1645,Saw palmetto,DDInter726,Ferrous gluconate,Ferrous gluconate,Saw palmetto,Minor
DDInter1705,Sparfloxacin,DDInter726,Ferrous gluconate,Ferrous gluconate,Sparfloxacin,Moderate
DDInter1708,St. John's Wort,DDInter726,Ferrous gluconate,Ferrous gluconate,St. John's Wort,Minor
DDInter1808,Tiludronic acid,DDInter726,Ferrous gluconate,Ferrous gluconate,Tiludronic acid,Moderate
DDInter1887,Trovafloxacin,DDInter726,Ferrous gluconate,Ferrous gluconate,Trovafloxacin,Moderate
DDInter1943,Vitamin E,DDInter726,Ferrous gluconate,Ferrous gluconate,Vitamin E,Moderate
DDInter1965,Zinc gluconate,DDInter726,Ferrous gluconate,Ferrous gluconate,Zinc gluconate,Minor
DDInter975,Iron,DDInter58,Aluminum hydroxide,Aluminum hydroxide,Iron,Moderate
DDInter542,Dicoumarol,DDInter1118,Magnesium hydroxide,Dicoumarol,Magnesium hydroxide,Minor
DDInter746,Fludeoxyglucose (18F),DDInter1115,Magnesium citrate,Fludeoxyglucose (18F),Magnesium citrate,Moderate
DDInter108,Apixaban,DDInter782,Fosnetupitant,Apixaban,Fosnetupitant,Moderate
DDInter379,Cilostazol,DDInter782,Fosnetupitant,Cilostazol,Fosnetupitant,Major
DDInter785,Fostamatinib,DDInter782,Fosnetupitant,Fosnetupitant,Fostamatinib,Moderate
DDInter1106,Lusutrombopag,DDInter782,Fosnetupitant,Fosnetupitant,Lusutrombopag,Moderate
DDInter1609,Rivaroxaban,DDInter782,Fosnetupitant,Fosnetupitant,Rivaroxaban,Moderate
DDInter1802,Ticagrelor,DDInter782,Fosnetupitant,Fosnetupitant,Ticagrelor,Moderate
DDInter99,Anistreplase,DDInter808,Garlic,Anistreplase,Garlic,Moderate
DDInter471,Danaparoid,DDInter808,Garlic,Danaparoid,Garlic,Moderate
DDInter542,Dicoumarol,DDInter808,Garlic,Dicoumarol,Garlic,Moderate
DDInter856,Heparin,DDInter808,Garlic,Garlic,Heparin,Moderate
DDInter1037,Lepirudin,DDInter808,Garlic,Garlic,Lepirudin,Moderate
DDInter1712,Streptokinase,DDInter808,Garlic,Garlic,Streptokinase,Moderate
DDInter1812,Tinzaparin,DDInter808,Garlic,Garlic,Tinzaparin,Moderate
DDInter1903,Urea,DDInter808,Garlic,Garlic,Urea,Minor
DDInter1905,Urokinase,DDInter808,Garlic,Garlic,Urokinase,Moderate
DDInter542,Dicoumarol,DDInter809,Gatifloxacin,Dicoumarol,Gatifloxacin,Major
DDInter809,Gatifloxacin,DDInter1115,Magnesium citrate,Gatifloxacin,Magnesium citrate,Moderate
DDInter542,Dicoumarol,DDInter295,Carbenicillin,Carbenicillin,Dicoumarol,Moderate
DDInter99,Anistreplase,DDInter819,Ginkgo biloba,Anistreplase,Ginkgo biloba,Moderate
DDInter819,Ginkgo biloba,DDInter471,Danaparoid,Danaparoid,Ginkgo biloba,Moderate
DDInter542,Dicoumarol,DDInter819,Ginkgo biloba,Dicoumarol,Ginkgo biloba,Moderate
DDInter856,Heparin,DDInter819,Ginkgo biloba,Ginkgo biloba,Heparin,Moderate
DDInter1037,Lepirudin,DDInter819,Ginkgo biloba,Ginkgo biloba,Lepirudin,Moderate
DDInter1712,Streptokinase,DDInter819,Ginkgo biloba,Ginkgo biloba,Streptokinase,Moderate
DDInter819,Ginkgo biloba,DDInter1812,Tinzaparin,Ginkgo biloba,Tinzaparin,Moderate
DDInter1905,Urokinase,DDInter819,Ginkgo biloba,Ginkgo biloba,Urokinase,Moderate
DDInter99,Anistreplase,DDInter820,Ginseng,Anistreplase,Ginseng,Moderate
DDInter820,Ginseng,DDInter471,Danaparoid,Danaparoid,Ginseng,Moderate
DDInter542,Dicoumarol,DDInter820,Ginseng,Dicoumarol,Ginseng,Moderate
DDInter856,Heparin,DDInter820,Ginseng,Ginseng,Heparin,Moderate
DDInter1037,Lepirudin,DDInter820,Ginseng,Ginseng,Lepirudin,Moderate
DDInter1712,Streptokinase,DDInter820,Ginseng,Ginseng,Streptokinase,Moderate
DDInter820,Ginseng,DDInter1812,Tinzaparin,Ginseng,Tinzaparin,Moderate
DDInter1905,Urokinase,DDInter820,Ginseng,Ginseng,Urokinase,Moderate
DDInter542,Dicoumarol,DDInter829,Glucosamine,Dicoumarol,Glucosamine,Moderate
DDInter16,Acetohexamide,DDInter856,Heparin,Acetohexamide,Heparin,Moderate
DDInter41,Alemtuzumab,DDInter856,Heparin,Alemtuzumab,Heparin,Moderate
DDInter856,Heparin,DDInter98,Anisindione,Anisindione,Heparin,Major
DDInter99,Anistreplase,DDInter856,Heparin,Anistreplase,Heparin,Major
DDInter115,Ardeparin,DDInter856,Heparin,Ardeparin,Heparin,Major
DDInter241,Bromfenac,DDInter856,Heparin,Bromfenac,Heparin,Moderate
DDInter856,Heparin,DDInter312,Cefamandole,Cefamandole,Heparin,Moderate
DDInter320,Cefmetazole,DDInter856,Heparin,Cefmetazole,Heparin,Moderate
DDInter856,Heparin,DDInter322,Cefoperazone,Cefoperazone,Heparin,Moderate
DDInter856,Heparin,DDInter471,Danaparoid,Danaparoid,Heparin,Major
DDInter856,Heparin,DDInter518,Dexfenfluramine,Dexfenfluramine,Heparin,Moderate
DDInter542,Dicoumarol,DDInter856,Heparin,Dicoumarol,Heparin,Major
DDInter605,Drotrecogin alfa,DDInter856,Heparin,Drotrecogin alfa,Heparin,Major
DDInter856,Heparin,DDInter855,Hemin,Hemin,Heparin,Moderate
DDInter1037,Lepirudin,DDInter856,Heparin,Heparin,Lepirudin,Major
DDInter1135,Meclofenamic acid,DDInter856,Heparin,Heparin,Meclofenamic acid,Moderate
DDInter856,Heparin,DDInter1195,Meticillin,Heparin,Meticillin,Minor
DDInter1207,Mezlocillin,DDInter856,Heparin,Heparin,Mezlocillin,Minor
DDInter1256,Nafcillin,DDInter856,Heparin,Heparin,Nafcillin,Minor
DDInter1354,Oxacillin,DDInter856,Heparin,Heparin,Oxacillin,Minor
DDInter191,Benzylpenicillin (sodium),DDInter856,Heparin,Benzylpenicillin (sodium),Heparin,Minor
DDInter1451,Phenylbutazone,DDInter856,Heparin,Heparin,Phenylbutazone,Moderate
DDInter856,Heparin,DDInter1551,Pyrophosphoric acid,Heparin,Pyrophosphoric acid,Moderate
DDInter1613,Rofecoxib,DDInter856,Heparin,Heparin,Rofecoxib,Moderate
DDInter1665,Sibutramine,DDInter856,Heparin,Heparin,Sibutramine,Moderate
DDInter856,Heparin,DDInter953,Iodide I-123,Heparin,Iodide I-123,Moderate
DDInter1633,Salicylic acid (sodium),DDInter856,Heparin,Heparin,Salicylic acid (sodium),Moderate
DDInter1712,Streptokinase,DDInter856,Heparin,Heparin,Streptokinase,Major
DDInter1732,Suprofen (ophthalmic),DDInter856,Heparin,Heparin,Suprofen (ophthalmic),Moderate
DDInter856,Heparin,DDInter1812,Tinzaparin,Heparin,Tinzaparin,Major
DDInter856,Heparin,DDInter1828,Tolbutamide,Heparin,Tolbutamide,Moderate
DDInter1831,Tolmetin,DDInter856,Heparin,Heparin,Tolmetin,Moderate
DDInter1838,Tositumomab,DDInter856,Heparin,Heparin,Tositumomab,Major
DDInter856,Heparin,DDInter1892,Turmeric,Heparin,Turmeric,Minor
DDInter1905,Urokinase,DDInter856,Heparin,Heparin,Urokinase,Major
DDInter1910,Valdecoxib,DDInter856,Heparin,Heparin,Valdecoxib,Moderate
DDInter1943,Vitamin E,DDInter856,Heparin,Heparin,Vitamin E,Moderate
DDInter939,Insulin human (zinc),DDInter1495,Potassium acetate,Insulin human (zinc),Potassium acetate,Minor
DDInter939,Insulin human (zinc),DDInter1723,Sulfamethizole,Insulin human (zinc),Sulfamethizole,Moderate
DDInter938,Insulin human (zinc extended),DDInter1495,Potassium acetate,Insulin human (zinc extended),Potassium acetate,Minor
DDInter938,Insulin human (zinc extended),DDInter1723,Sulfamethizole,Insulin human (zinc extended),Sulfamethizole,Moderate
DDInter880,Hyaluronic acid,DDInter345,Cetylpyridinium (topical),Cetylpyridinium (topical),Hyaluronic acid,Moderate
DDInter1723,Sulfamethizole,DDInter918,Indium In-111 oxyquinoline,Indium In-111 oxyquinoline,Sulfamethizole,Moderate
DDInter946,Interferon alfacon-1,DDInter542,Dicoumarol,Dicoumarol,Interferon alfacon-1,Moderate
DDInter945,Interferon alfa-n3,DDInter542,Dicoumarol,Dicoumarol,Interferon alfa-n3,Moderate
DDInter974,Irinotecan (liposomal),DDInter1115,Magnesium citrate,Irinotecan (liposomal),Magnesium citrate,Moderate
DDInter542,Dicoumarol,DDInter986,Isoniazid,Dicoumarol,Isoniazid,Moderate
DDInter471,Danaparoid,DDInter953,Iodide I-123,Danaparoid,Iodide I-123,Moderate
DDInter542,Dicoumarol,DDInter953,Iodide I-123,Dicoumarol,Iodide I-123,Moderate
DDInter605,Drotrecogin alfa,DDInter953,Iodide I-123,Drotrecogin alfa,Iodide I-123,Moderate
DDInter1037,Lepirudin,DDInter953,Iodide I-123,Iodide I-123,Lepirudin,Moderate
DDInter1723,Sulfamethizole,DDInter953,Iodide I-123,Iodide I-123,Sulfamethizole,Moderate
DDInter1812,Tinzaparin,DDInter953,Iodide I-123,Iodide I-123,Tinzaparin,Moderate
DDInter1723,Sulfamethizole,DDInter1085,Lomitapide,Lomitapide,Sulfamethizole,Major
DDInter1723,Sulfamethizole,DDInter1017,Lactobacillus acidophilus,Lactobacillus acidophilus,Sulfamethizole,Moderate
DDInter1903,Urea,DDInter1065,Licorice,Licorice,Urea,Moderate
DDInter1723,Sulfamethizole,DDInter1087,Lonafarnib,Lonafarnib,Sulfamethizole,Moderate
DDInter842,Grepafloxacin,DDInter1120,Magnesium sulfate,Grepafloxacin,Magnesium sulfate,Moderate
DDInter1120,Magnesium sulfate,DDInter1705,Sparfloxacin,Magnesium sulfate,Sparfloxacin,Moderate
DDInter4,Abarelix,DDInter1115,Magnesium citrate,Abarelix,Magnesium citrate,Moderate
DDInter128,Astemizole,DDInter1115,Magnesium citrate,Astemizole,Magnesium citrate,Moderate
DDInter179,Bendroflumethiazide,DDInter1115,Magnesium citrate,Bendroflumethiazide,Magnesium citrate,Moderate
DDInter188,Benzthiazide,DDInter1115,Magnesium citrate,Benzthiazide,Magnesium citrate,Moderate
DDInter192,Bepridil,DDInter1115,Magnesium citrate,Bepridil,Magnesium citrate,Moderate
DDInter383,Cinoxacin,DDInter1115,Magnesium citrate,Cinoxacin,Magnesium citrate,Moderate
DDInter385,Cisapride,DDInter1115,Magnesium citrate,Cisapride,Magnesium citrate,Moderate
DDInter558,Dihydrotachysterol,DDInter1115,Magnesium citrate,Dihydrotachysterol,Magnesium citrate,Moderate
DDInter644,Enoxacin,DDInter1115,Magnesium citrate,Enoxacin,Magnesium citrate,Moderate
DDInter842,Grepafloxacin,DDInter1115,Magnesium citrate,Grepafloxacin,Magnesium citrate,Moderate
DDInter852,Halofantrine,DDInter1115,Magnesium citrate,Halofantrine,Magnesium citrate,Moderate
DDInter889,Hydroflumethiazide,DDInter1115,Magnesium citrate,Hydroflumethiazide,Magnesium citrate,Moderate
DDInter1043,Levacetylmethadol,DDInter1115,Magnesium citrate,Levacetylmethadol,Magnesium citrate,Moderate
DDInter1084,Lomefloxacin,DDInter1115,Magnesium citrate,Lomefloxacin,Magnesium citrate,Moderate
DDInter1159,Mesoridazine,DDInter1115,Magnesium citrate,Magnesium citrate,Mesoridazine,Moderate
DDInter1175,Methotrimeprazine,DDInter1115,Magnesium citrate,Magnesium citrate,Methotrimeprazine,Moderate
DDInter1259,Nalidixic acid,DDInter1115,Magnesium citrate,Magnesium citrate,Nalidixic acid,Moderate
DDInter1374,Oxytetracycline,DDInter1115,Magnesium citrate,Magnesium citrate,Oxytetracycline,Moderate
DDInter1432,Perphenazine,DDInter1115,Magnesium citrate,Magnesium citrate,Perphenazine,Moderate
DDInter1490,Polythiazide,DDInter1115,Magnesium citrate,Magnesium citrate,Polythiazide,Moderate
DDInter1520,Primaquine,DDInter1115,Magnesium citrate,Magnesium citrate,Primaquine,Moderate
DDInter1523,Probucol,DDInter1115,Magnesium citrate,Magnesium citrate,Probucol,Moderate
DDInter1532,Promazine,DDInter1115,Magnesium citrate,Magnesium citrate,Promazine,Moderate
DDInter1556,Quinidine,DDInter1115,Magnesium citrate,Magnesium citrate,Quinidine,Moderate
DDInter1115,Magnesium citrate,DDInter1577,Relugolix,Magnesium citrate,Relugolix,Moderate
DDInter1705,Sparfloxacin,DDInter1115,Magnesium citrate,Magnesium citrate,Sparfloxacin,Moderate
DDInter1769,Terbutaline,DDInter1115,Magnesium citrate,Magnesium citrate,Terbutaline,Moderate
DDInter1770,Terfenadine,DDInter1115,Magnesium citrate,Magnesium citrate,Terfenadine,Moderate
DDInter1796,Thioridazine,DDInter1115,Magnesium citrate,Magnesium citrate,Thioridazine,Moderate
DDInter1808,Tiludronic acid,DDInter1115,Magnesium citrate,Magnesium citrate,Tiludronic acid,Moderate
DDInter1861,Trichlormethiazide,DDInter1115,Magnesium citrate,Magnesium citrate,Trichlormethiazide,Moderate
DDInter1866,Trifluoperazine,DDInter1115,Magnesium citrate,Magnesium citrate,Trifluoperazine,Moderate
DDInter1867,Triflupromazine,DDInter1115,Magnesium citrate,Magnesium citrate,Triflupromazine,Moderate
DDInter45,Alimemazine,DDInter1115,Magnesium citrate,Alimemazine,Magnesium citrate,Moderate
DDInter1887,Trovafloxacin,DDInter1115,Magnesium citrate,Magnesium citrate,Trovafloxacin,Moderate
DDInter1903,Urea,DDInter1115,Magnesium citrate,Magnesium citrate,Urea,Moderate
DDInter99,Anistreplase,DDInter1135,Meclofenamic acid,Anistreplase,Meclofenamic acid,Moderate
DDInter1135,Meclofenamic acid,DDInter471,Danaparoid,Danaparoid,Meclofenamic acid,Major
DDInter542,Dicoumarol,DDInter1135,Meclofenamic acid,Dicoumarol,Meclofenamic acid,Major
DDInter605,Drotrecogin alfa,DDInter1135,Meclofenamic acid,Drotrecogin alfa,Meclofenamic acid,Major
DDInter1037,Lepirudin,DDInter1135,Meclofenamic acid,Lepirudin,Meclofenamic acid,Moderate
DDInter1712,Streptokinase,DDInter1135,Meclofenamic acid,Meclofenamic acid,Streptokinase,Moderate
DDInter1135,Meclofenamic acid,DDInter1812,Tinzaparin,Meclofenamic acid,Tinzaparin,Major
DDInter1905,Urokinase,DDInter1135,Meclofenamic acid,Meclofenamic acid,Urokinase,Moderate
DDInter99,Anistreplase,DDInter1665,Sibutramine,Anistreplase,Sibutramine,Moderate
DDInter1665,Sibutramine,DDInter471,Danaparoid,Danaparoid,Sibutramine,Moderate
DDInter542,Dicoumarol,DDInter1665,Sibutramine,Dicoumarol,Sibutramine,Moderate
DDInter605,Drotrecogin alfa,DDInter1665,Sibutramine,Drotrecogin alfa,Sibutramine,Moderate
DDInter653,Epinephrine (ophthalmic),DDInter1665,Sibutramine,Epinephrine (ophthalmic),Sibutramine,Moderate
DDInter1037,Lepirudin,DDInter1665,Sibutramine,Lepirudin,Sibutramine,Moderate
DDInter1712,Streptokinase,DDInter1665,Sibutramine,Sibutramine,Streptokinase,Moderate
DDInter1665,Sibutramine,DDInter1812,Tinzaparin,Sibutramine,Tinzaparin,Moderate
DDInter1665,Sibutramine,DDInter1903,Urea,Sibutramine,Urea,Moderate
DDInter1905,Urokinase,DDInter1665,Sibutramine,Sibutramine,Urokinase,Moderate
DDInter542,Dicoumarol,DDInter1152,Mephenytoin,Dicoumarol,Mephenytoin,Moderate
DDInter1152,Mephenytoin,DDInter1723,Sulfamethizole,Mephenytoin,Sulfamethizole,Moderate
DDInter1569,Ranitidine (bismuth citrate),DDInter1136,Mecobalamin,Mecobalamin,Ranitidine (bismuth citrate),Minor
DDInter1903,Urea,DDInter1223,Mineral oil,Mineral oil,Urea,Moderate
DDInter542,Dicoumarol,DDInter1256,Nafcillin,Dicoumarol,Nafcillin,Major
DDInter542,Dicoumarol,DDInter684,Estrone sulfate (topical),Dicoumarol,Estrone sulfate (topical),Moderate
DDInter855,Hemin,DDInter684,Estrone sulfate (topical),Estrone sulfate (topical),Hemin,Major
DDInter1903,Urea,DDInter966,Ioversol,Ioversol,Urea,Moderate
DDInter542,Dicoumarol,DDInter1354,Oxacillin,Dicoumarol,Oxacillin,Moderate
DDInter1903,Urea,DDInter967,Ioxilan,Ioxilan,Urea,Moderate
DDInter542,Dicoumarol,DDInter1390,Papaya,Dicoumarol,Papaya,Minor
DDInter542,Dicoumarol,DDInter191,Benzylpenicillin (sodium),Benzylpenicillin (sodium),Dicoumarol,Moderate
DDInter934,Insulin human,DDInter1495,Potassium acetate,Insulin human,Potassium acetate,Minor
DDInter928,Insulin aspart (aspart protamine),DDInter1495,Potassium acetate,Insulin aspart (aspart protamine),Potassium acetate,Minor
DDInter941,Insulin lispro (protamine),DDInter1495,Potassium acetate,Insulin lispro (protamine),Potassium acetate,Minor
DDInter1723,Sulfamethizole,DDInter69,Aminobenzoic acid,Aminobenzoic acid,Sulfamethizole,Major
DDInter99,Anistreplase,DDInter1732,Suprofen (ophthalmic),Anistreplase,Suprofen (ophthalmic),Moderate
DDInter1732,Suprofen (ophthalmic),DDInter471,Danaparoid,Danaparoid,Suprofen (ophthalmic),Moderate
DDInter542,Dicoumarol,DDInter1732,Suprofen (ophthalmic),Dicoumarol,Suprofen (ophthalmic),Moderate
DDInter605,Drotrecogin alfa,DDInter1732,Suprofen (ophthalmic),Drotrecogin alfa,Suprofen (ophthalmic),Moderate
DDInter1037,Lepirudin,DDInter1732,Suprofen (ophthalmic),Lepirudin,Suprofen (ophthalmic),Moderate
DDInter1712,Streptokinase,DDInter1732,Suprofen (ophthalmic),Streptokinase,Suprofen (ophthalmic),Moderate
DDInter1732,Suprofen (ophthalmic),DDInter1812,Tinzaparin,Suprofen (ophthalmic),Tinzaparin,Moderate
DDInter1905,Urokinase,DDInter1732,Suprofen (ophthalmic),Suprofen (ophthalmic),Urokinase,Moderate
DDInter542,Dicoumarol,DDInter1541,Propylthiouracil,Dicoumarol,Propylthiouracil,Moderate
DDInter542,Dicoumarol,DDInter1556,Quinidine,Dicoumarol,Quinidine,Moderate
DDInter1556,Quinidine,DDInter1681,Sodium acetate,Quinidine,Sodium acetate,Moderate
DDInter1037,Lepirudin,DDInter41,Alemtuzumab,Alemtuzumab,Lepirudin,Moderate
DDInter1037,Lepirudin,DDInter98,Anisindione,Anisindione,Lepirudin,Major
DDInter1037,Lepirudin,DDInter99,Anistreplase,Anistreplase,Lepirudin,Major
DDInter1037,Lepirudin,DDInter115,Ardeparin,Ardeparin,Lepirudin,Major
DDInter1037,Lepirudin,DDInter241,Bromfenac,Bromfenac,Lepirudin,Moderate
DDInter1037,Lepirudin,DDInter471,Danaparoid,Danaparoid,Lepirudin,Major
DDInter1037,Lepirudin,DDInter518,Dexfenfluramine,Dexfenfluramine,Lepirudin,Moderate
DDInter1037,Lepirudin,DDInter542,Dicoumarol,Dicoumarol,Lepirudin,Major
DDInter1037,Lepirudin,DDInter605,Drotrecogin alfa,Drotrecogin alfa,Lepirudin,Major
DDInter1037,Lepirudin,DDInter855,Hemin,Hemin,Lepirudin,Moderate
DDInter1037,Lepirudin,DDInter857,Heparin (flush),Heparin (flush),Lepirudin,Major
DDInter1037,Lepirudin,DDInter1451,Phenylbutazone,Lepirudin,Phenylbutazone,Moderate
DDInter1037,Lepirudin,DDInter1613,Rofecoxib,Lepirudin,Rofecoxib,Moderate
DDInter1037,Lepirudin,DDInter1633,Salicylic acid (sodium),Lepirudin,Salicylic acid (sodium),Moderate
DDInter1037,Lepirudin,DDInter1712,Streptokinase,Lepirudin,Streptokinase,Major
DDInter1037,Lepirudin,DDInter1726,Sulfinpyrazone,Lepirudin,Sulfinpyrazone,Major
DDInter1037,Lepirudin,DDInter1812,Tinzaparin,Lepirudin,Tinzaparin,Major
DDInter1037,Lepirudin,DDInter1831,Tolmetin,Lepirudin,Tolmetin,Moderate
DDInter1037,Lepirudin,DDInter1838,Tositumomab,Lepirudin,Tositumomab,Major
DDInter1037,Lepirudin,DDInter1892,Turmeric,Lepirudin,Turmeric,Minor
DDInter1037,Lepirudin,DDInter1905,Urokinase,Lepirudin,Urokinase,Major
DDInter1037,Lepirudin,DDInter1910,Valdecoxib,Lepirudin,Valdecoxib,Moderate
DDInter1037,Lepirudin,DDInter1943,Vitamin E,Lepirudin,Vitamin E,Moderate
DDInter542,Dicoumarol,DDInter1490,Polythiazide,Dicoumarol,Polythiazide,Minor
DDInter1582,Reserpine,DDInter653,Epinephrine (ophthalmic),Epinephrine (ophthalmic),Reserpine,Moderate
DDInter542,Dicoumarol,DDInter889,Hydroflumethiazide,Dicoumarol,Hydroflumethiazide,Minor
DDInter1194,Methysergide,DDInter653,Epinephrine (ophthalmic),Epinephrine (ophthalmic),Methysergide,Major
DDInter16,Acetohexamide,DDInter1681,Sodium acetate,Acetohexamide,Sodium acetate,Minor
DDInter651,Ephedrine (nasal),DDInter1681,Sodium acetate,Ephedrine (nasal),Sodium acetate,Moderate
DDInter1374,Oxytetracycline,DDInter1681,Sodium acetate,Oxytetracycline,Sodium acetate,Moderate
DDInter1633,Salicylic acid (sodium),DDInter1681,Sodium acetate,Salicylic acid (sodium),Sodium acetate,Moderate
DDInter1828,Tolbutamide,DDInter1681,Sodium acetate,Sodium acetate,Tolbutamide,Minor
DDInter542,Dicoumarol,DDInter1708,St. John's Wort,Dicoumarol,St. John's Wort,Moderate
DDInter542,Dicoumarol,DDInter1721,Sulfadiazine,Dicoumarol,Sulfadiazine,Major
DDInter653,Epinephrine (ophthalmic),DDInter1769,Terbutaline,Epinephrine (ophthalmic),Terbutaline,Moderate
DDInter542,Dicoumarol,DDInter1828,Tolbutamide,Dicoumarol,Tolbutamide,Moderate
DDInter1723,Sulfamethizole,DDInter1828,Tolbutamide,Sulfamethizole,Tolbutamide,Moderate
DDInter99,Anistreplase,DDInter1831,Tolmetin,Anistreplase,Tolmetin,Moderate
DDInter1831,Tolmetin,DDInter471,Danaparoid,Danaparoid,Tolmetin,Major
DDInter542,Dicoumarol,DDInter1831,Tolmetin,Dicoumarol,Tolmetin,Major
DDInter605,Drotrecogin alfa,DDInter1831,Tolmetin,Drotrecogin alfa,Tolmetin,Major
DDInter1712,Streptokinase,DDInter1831,Tolmetin,Streptokinase,Tolmetin,Moderate
DDInter1831,Tolmetin,DDInter1812,Tinzaparin,Tinzaparin,Tolmetin,Major
DDInter1905,Urokinase,DDInter1831,Tolmetin,Tolmetin,Urokinase,Moderate
DDInter1686,Sodium citrate,DDInter261,Cabotegravir,Cabotegravir,Sodium citrate,Moderate
DDInter542,Dicoumarol,DDInter1887,Trovafloxacin,Dicoumarol,Trovafloxacin,Major
DDInter99,Anistreplase,DDInter1892,Turmeric,Anistreplase,Turmeric,Minor
DDInter471,Danaparoid,DDInter1892,Turmeric,Danaparoid,Turmeric,Minor
DDInter542,Dicoumarol,DDInter1892,Turmeric,Dicoumarol,Turmeric,Minor
DDInter1712,Streptokinase,DDInter1892,Turmeric,Streptokinase,Turmeric,Minor
DDInter1812,Tinzaparin,DDInter1892,Turmeric,Tinzaparin,Turmeric,Minor
DDInter1905,Urokinase,DDInter1892,Turmeric,Turmeric,Urokinase,Minor
DDInter1723,Sulfamethizole,DDInter1894,Typhoid vaccine (live),Sulfamethizole,Typhoid vaccine (live),Major
DDInter1903,Urea,DDInter957,Iodipamide,Iodipamide,Urea,Moderate
DDInter958,Iodixanol,DDInter1903,Urea,Iodixanol,Urea,Moderate
DDInter1903,Urea,DDInter1443,Phenolphthalein,Phenolphthalein,Urea,Moderate
DDInter1943,Vitamin E,DDInter471,Danaparoid,Danaparoid,Vitamin E,Moderate
DDInter1943,Vitamin E,DDInter542,Dicoumarol,Dicoumarol,Vitamin E,Moderate
DDInter605,Drotrecogin alfa,DDInter1943,Vitamin E,Drotrecogin alfa,Vitamin E,Moderate
DDInter1943,Vitamin E,DDInter1812,Tinzaparin,Tinzaparin,Vitamin E,Moderate
DDInter605,Drotrecogin alfa,DDInter98,Anisindione,Anisindione,Drotrecogin alfa,Major
DDInter99,Anistreplase,DDInter605,Drotrecogin alfa,Anistreplase,Drotrecogin alfa,Major
DDInter605,Drotrecogin alfa,DDInter115,Ardeparin,Ardeparin,Drotrecogin alfa,Major
DDInter605,Drotrecogin alfa,DDInter241,Bromfenac,Bromfenac,Drotrecogin alfa,Major
DDInter605,Drotrecogin alfa,DDInter471,Danaparoid,Danaparoid,Drotrecogin alfa,Major
DDInter605,Drotrecogin alfa,DDInter518,Dexfenfluramine,Dexfenfluramine,Drotrecogin alfa,Moderate
DDInter605,Drotrecogin alfa,DDInter523,Dextran (-1),Dextran (-1),Drotrecogin alfa,Major
DDInter605,Drotrecogin alfa,DDInter542,Dicoumarol,Dicoumarol,Drotrecogin alfa,Major
DDInter605,Drotrecogin alfa,DDInter855,Hemin,Drotrecogin alfa,Hemin,Moderate
DDInter605,Drotrecogin alfa,DDInter1451,Phenylbutazone,Drotrecogin alfa,Phenylbutazone,Major
DDInter605,Drotrecogin alfa,DDInter1484,Plicamycin,Drotrecogin alfa,Plicamycin,Major
DDInter605,Drotrecogin alfa,DDInter1633,Salicylic acid (sodium),Drotrecogin alfa,Salicylic acid (sodium),Moderate
DDInter605,Drotrecogin alfa,DDInter1712,Streptokinase,Drotrecogin alfa,Streptokinase,Major
DDInter605,Drotrecogin alfa,DDInter1726,Sulfinpyrazone,Drotrecogin alfa,Sulfinpyrazone,Major
DDInter605,Drotrecogin alfa,DDInter1812,Tinzaparin,Drotrecogin alfa,Tinzaparin,Major
DDInter605,Drotrecogin alfa,DDInter1838,Tositumomab,Drotrecogin alfa,Tositumomab,Major
DDInter1905,Urokinase,DDInter605,Drotrecogin alfa,Drotrecogin alfa,Urokinase,Major
DDInter623,Efalizumab,DDInter1964,Zinc chloride,Efalizumab,Zinc chloride,Minor
DDInter1144,Melphalan,DDInter1964,Zinc chloride,Melphalan,Zinc chloride,Minor
DDInter1964,Zinc chloride,DDInter1145,Melphalan flufenamide,Melphalan flufenamide,Zinc chloride,Minor
DDInter1250,Muromonab,DDInter1964,Zinc chloride,Muromonab,Zinc chloride,Minor
DDInter1964,Zinc chloride,DDInter1270,Naxitamab,Naxitamab,Zinc chloride,Minor
DDInter1374,Oxytetracycline,DDInter1964,Zinc chloride,Oxytetracycline,Zinc chloride,Moderate
